The system is: Linux - 6.8.0-65-generic - x86_64
Compiling the C compiler identification source file "CMakeCCompilerId.c" succeeded.
Compiler: /usr/bin/cc 
Build flags: 
Id flags:  

The output was:
0


Compilation of the C compiler identification source "CMakeCCompilerId.c" produced "a.out"

The C compiler identification is GNU, found in "/home/huy/nav2_ws/Vaccum-Robot-LDS02RR/build/turtlebot3/CMakeFiles/3.22.1/CompilerIdC/a.out"

Compiling the CXX compiler identification source file "CMakeCXXCompilerId.cpp" succeeded.
Compiler: /usr/bin/c++ 
Build flags: 
Id flags:  

The output was:
0


Compilation of the CXX compiler identification source "CMakeCXXCompilerId.cpp" produced "a.out"

The CXX compiler identification is GNU, found in "/home/huy/nav2_ws/Vaccum-Robot-LDS02RR/build/turtlebot3/CMakeFiles/3.22.1/CompilerIdCXX/a.out"

Detecting C compiler ABI info compiled with the following output:
Change Dir: /home/huy/nav2_ws/Vaccum-Robot-LDS02RR/build/turtlebot3/CMakeFiles/CMakeTmp

Run Build Command(s):/usr/bin/gmake -f Makefile cmTC_93389/fast && /usr/bin/gmake  -f CMakeFiles/cmTC_93389.dir/build.make CMakeFiles/cmTC_93389.dir/build
gmake[1]: Entering directory '/home/huy/nav2_ws/Vaccum-Robot-LDS02RR/build/turtlebot3/CMakeFiles/CMakeTmp'
Building C object CMakeFiles/cmTC_93389.dir/CMakeCCompilerABI.c.o
/usr/bin/cc   -v -o CMakeFiles/cmTC_93389.dir/CMakeCCompilerABI.c.o -c /usr/share/cmake-3.22/Modules/CMakeCCompilerABI.c
Using built-in specs.
COLLECT_GCC=/usr/bin/cc
OFFLOAD_TARGET_NAMES=nvptx-none:amdgcn-amdhsa
OFFLOAD_TARGET_DEFAULT=1
Target: x86_64-linux-gnu
Configured with: ../src/configure -v --with-pkgversion='Ubuntu 11.4.0-1ubuntu1~22.04' --with-bugurl=file:///usr/share/doc/gcc-11/README.Bugs --enable-languages=c,ada,c++,go,brig,d,fortran,objc,obj-c++,m2 --prefix=/usr --with-gcc-major-version-only --program-suffix=-11 --program-prefix=x86_64-linux-gnu- --enable-shared --enable-linker-build-id --libexecdir=/usr/lib --without-included-gettext --enable-threads=posix --libdir=/usr/lib --enable-nls --enable-bootstrap --enable-clocale=gnu --enable-libstdcxx-debug --enable-libstdcxx-time=yes --with-default-libstdcxx-abi=new --enable-gnu-unique-object --disable-vtable-verify --enable-plugin --enable-default-pie --with-system-zlib --enable-libphobos-checking=release --with-target-system-zlib=auto --enable-objc-gc=auto --enable-multiarch --disable-werror --enable-cet --with-arch-32=i686 --with-abi=m64 --with-multilib-list=m32,m64,mx32 --enable-multilib --with-tune=generic --enable-offload-targets=nvptx-none=/build/gcc-11-XeT9lY/gcc-11-11.4.0/debian/tmp-nvptx/usr,amdgcn-amdhsa=/build/gcc-11-XeT9lY/gcc-11-11.4.0/debian/tmp-gcn/usr --without-cuda-driver --enable-checking=release --build=x86_64-linux-gnu --host=x86_64-linux-gnu --target=x86_64-linux-gnu --with-build-config=bootstrap-lto-lean --enable-link-serialization=2
Thread model: posix
Supported LTO compression algorithms: zlib zstd
gcc version 11.4.0 (Ubuntu 11.4.0-1ubuntu1~22.04) 
COLLECT_GCC_OPTIONS='-v' '-o' 'CMakeFiles/cmTC_93389.dir/CMakeCCompilerABI.c.o' '-c' '-mtune=generic' '-march=x86-64' '-dumpdir' 'CMakeFiles/cmTC_93389.dir/'
 /usr/lib/gcc/x86_64-linux-gnu/11/cc1 -quiet -v -imultiarch x86_64-linux-gnu /usr/share/cmake-3.22/Modules/CMakeCCompilerABI.c -quiet -dumpdir CMakeFiles/cmTC_93389.dir/ -dumpbase CMakeCCompilerABI.c.c -dumpbase-ext .c -mtune=generic -march=x86-64 -version -fasynchronous-unwind-tables -fstack-protector-strong -Wformat -Wformat-security -fstack-clash-protection -fcf-protection -o /tmp/ccyJ2RZr.s
GNU C17 (Ubuntu 11.4.0-1ubuntu1~22.04) version 11.4.0 (x86_64-linux-gnu)
	compiled by GNU C version 11.4.0, GMP version 6.2.1, MPFR version 4.1.0, MPC version 1.2.1, isl version isl-0.24-GMP

GGC heuristics: --param ggc-min-expand=100 --param ggc-min-heapsize=131072
ignoring nonexistent directory "/usr/local/include/x86_64-linux-gnu"
ignoring nonexistent directory "/usr/lib/gcc/x86_64-linux-gnu/11/include-fixed"
ignoring nonexistent directory "/usr/lib/gcc/x86_64-linux-gnu/11/../../../../x86_64-linux-gnu/include"
#include "..." search starts here:
#include <...> search starts here:
 /usr/lib/gcc/x86_64-linux-gnu/11/include
 /usr/local/include
 /usr/include/x86_64-linux-gnu
 /usr/include
End of search list.
GNU C17 (Ubuntu 11.4.0-1ubuntu1~22.04) version 11.4.0 (x86_64-linux-gnu)
	compiled by GNU C version 11.4.0, GMP version 6.2.1, MPFR version 4.1.0, MPC version 1.2.1, isl version isl-0.24-GMP

GGC heuristics: --param ggc-min-expand=100 --param ggc-min-heapsize=131072
Compiler executable checksum: 50eaa2331df977b8016186198deb2d18
COLLECT_GCC_OPTIONS='-v' '-o' 'CMakeFiles/cmTC_93389.dir/CMakeCCompilerABI.c.o' '-c' '-mtune=generic' '-march=x86-64' '-dumpdir' 'CMakeFiles/cmTC_93389.dir/'
 as -v --64 -o CMakeFiles/cmTC_93389.dir/CMakeCCompilerABI.c.o /tmp/ccyJ2RZr.s
GNU assembler version 2.38 (x86_64-linux-gnu) using BFD version (GNU Binutils for Ubuntu) 2.38
COMPILER_PATH=/usr/lib/gcc/x86_64-linux-gnu/11/:/usr/lib/gcc/x86_64-linux-gnu/11/:/usr/lib/gcc/x86_64-linux-gnu/:/usr/lib/gcc/x86_64-linux-gnu/11/:/usr/lib/gcc/x86_64-linux-gnu/
LIBRARY_PATH=/usr/lib/gcc/x86_64-linux-gnu/11/:/usr/lib/gcc/x86_64-linux-gnu/11/../../../x86_64-linux-gnu/:/usr/lib/gcc/x86_64-linux-gnu/11/../../../../lib/:/lib/x86_64-linux-gnu/:/lib/../lib/:/usr/lib/x86_64-linux-gnu/:/usr/lib/../lib/:/usr/lib/gcc/x86_64-linux-gnu/11/../../../:/lib/:/usr/lib/
COLLECT_GCC_OPTIONS='-v' '-o' 'CMakeFiles/cmTC_93389.dir/CMakeCCompilerABI.c.o' '-c' '-mtune=generic' '-march=x86-64' '-dumpdir' 'CMakeFiles/cmTC_93389.dir/CMakeCCompilerABI.c.'
Linking C executable cmTC_93389
/usr/bin/cmake -E cmake_link_script CMakeFiles/cmTC_93389.dir/link.txt --verbose=1
/usr/bin/cc  -v CMakeFiles/cmTC_93389.dir/CMakeCCompilerABI.c.o -o cmTC_93389 
Using built-in specs.
COLLECT_GCC=/usr/bin/cc
COLLECT_LTO_WRAPPER=/usr/lib/gcc/x86_64-linux-gnu/11/lto-wrapper
OFFLOAD_TARGET_NAMES=nvptx-none:amdgcn-amdhsa
OFFLOAD_TARGET_DEFAULT=1
Target: x86_64-linux-gnu
Configured with: ../src/configure -v --with-pkgversion='Ubuntu 11.4.0-1ubuntu1~22.04' --with-bugurl=file:///usr/share/doc/gcc-11/README.Bugs --enable-languages=c,ada,c++,go,brig,d,fortran,objc,obj-c++,m2 --prefix=/usr --with-gcc-major-version-only --program-suffix=-11 --program-prefix=x86_64-linux-gnu- --enable-shared --enable-linker-build-id --libexecdir=/usr/lib --without-included-gettext --enable-threads=posix --libdir=/usr/lib --enable-nls --enable-bootstrap --enable-clocale=gnu --enable-libstdcxx-debug --enable-libstdcxx-time=yes --with-default-libstdcxx-abi=new --enable-gnu-unique-object --disable-vtable-verify --enable-plugin --enable-default-pie --with-system-zlib --enable-libphobos-checking=release --with-target-system-zlib=auto --enable-objc-gc=auto --enable-multiarch --disable-werror --enable-cet --with-arch-32=i686 --with-abi=m64 --with-multilib-list=m32,m64,mx32 --enable-multilib --with-tune=generic --enable-offload-targets=nvptx-none=/build/gcc-11-XeT9lY/gcc-11-11.4.0/debian/tmp-nvptx/usr,amdgcn-amdhsa=/build/gcc-11-XeT9lY/gcc-11-11.4.0/debian/tmp-gcn/usr --without-cuda-driver --enable-checking=release --build=x86_64-linux-gnu --host=x86_64-linux-gnu --target=x86_64-linux-gnu --with-build-config=bootstrap-lto-lean --enable-link-serialization=2
Thread model: posix
Supported LTO compression algorithms: zlib zstd
gcc version 11.4.0 (Ubuntu 11.4.0-1ubuntu1~22.04) 
COMPILER_PATH=/usr/lib/gcc/x86_64-linux-gnu/11/:/usr/lib/gcc/x86_64-linux-gnu/11/:/usr/lib/gcc/x86_64-linux-gnu/:/usr/lib/gcc/x86_64-linux-gnu/11/:/usr/lib/gcc/x86_64-linux-gnu/
LIBRARY_PATH=/usr/lib/gcc/x86_64-linux-gnu/11/:/usr/lib/gcc/x86_64-linux-gnu/11/../../../x86_64-linux-gnu/:/usr/lib/gcc/x86_64-linux-gnu/11/../../../../lib/:/lib/x86_64-linux-gnu/:/lib/../lib/:/usr/lib/x86_64-linux-gnu/:/usr/lib/../lib/:/usr/lib/gcc/x86_64-linux-gnu/11/../../../:/lib/:/usr/lib/
COLLECT_GCC_OPTIONS='-v' '-o' 'cmTC_93389' '-mtune=generic' '-march=x86-64' '-dumpdir' 'cmTC_93389.'
 /usr/lib/gcc/x86_64-linux-gnu/11/collect2 -plugin /usr/lib/gcc/x86_64-linux-gnu/11/liblto_plugin.so -plugin-opt=/usr/lib/gcc/x86_64-linux-gnu/11/lto-wrapper -plugin-opt=-fresolution=/tmp/ccLSd1z5.res -plugin-opt=-pass-through=-lgcc -plugin-opt=-pass-through=-lgcc_s -plugin-opt=-pass-through=-lc -plugin-opt=-pass-through=-lgcc -plugin-opt=-pass-through=-lgcc_s --build-id --eh-frame-hdr -m elf_x86_64 --hash-style=gnu --as-needed -dynamic-linker /lib64/ld-linux-x86-64.so.2 -pie -z now -z relro -o cmTC_93389 /usr/lib/gcc/x86_64-linux-gnu/11/../../../x86_64-linux-gnu/Scrt1.o /usr/lib/gcc/x86_64-linux-gnu/11/../../../x86_64-linux-gnu/crti.o /usr/lib/gcc/x86_64-linux-gnu/11/crtbeginS.o -L/usr/lib/gcc/x86_64-linux-gnu/11 -L/usr/lib/gcc/x86_64-linux-gnu/11/../../../x86_64-linux-gnu -L/usr/lib/gcc/x86_64-linux-gnu/11/../../../../lib -L/lib/x86_64-linux-gnu -L/lib/../lib -L/usr/lib/x86_64-linux-gnu -L/usr/lib/../lib -L/usr/lib/gcc/x86_64-linux-gnu/11/../../.. CMakeFiles/cmTC_93389.dir/CMakeCCompilerABI.c.o -lgcc --push-state --as-needed -lgcc_s --pop-state -lc -lgcc --push-state --as-needed -lgcc_s --pop-state /usr/lib/gcc/x86_64-linux-gnu/11/crtendS.o /usr/lib/gcc/x86_64-linux-gnu/11/../../../x86_64-linux-gnu/crtn.o
COLLECT_GCC_OPTIONS='-v' '-o' 'cmTC_93389' '-mtune=generic' '-march=x86-64' '-dumpdir' 'cmTC_93389.'
gmake[1]: Leaving directory '/home/huy/nav2_ws/Vaccum-Robot-LDS02RR/build/turtlebot3/CMakeFiles/CMakeTmp'



Parsed C implicit include dir info from above output: rv=done
  found start of include info
  found start of implicit include info
    add: [/usr/lib/gcc/x86_64-linux-gnu/11/include]
    add: [/usr/local/include]
    add: [/usr/include/x86_64-linux-gnu]
    add: [/usr/include]
  end of search list found
  collapse include dir [/usr/lib/gcc/x86_64-linux-gnu/11/include] ==> [/usr/lib/gcc/x86_64-linux-gnu/11/include]
  collapse include dir [/usr/local/include] ==> [/usr/local/include]
  collapse include dir [/usr/include/x86_64-linux-gnu] ==> [/usr/include/x86_64-linux-gnu]
  collapse include dir [/usr/include] ==> [/usr/include]
  implicit include dirs: [/usr/lib/gcc/x86_64-linux-gnu/11/include;/usr/local/include;/usr/include/x86_64-linux-gnu;/usr/include]


Parsed C implicit link information from above output:
  link line regex: [^( *|.*[/\])(ld|CMAKE_LINK_STARTFILE-NOTFOUND|([^/\]+-)?ld|collect2)[^/\]*( |$)]
  ignore line: [Change Dir: /home/huy/nav2_ws/Vaccum-Robot-LDS02RR/build/turtlebot3/CMakeFiles/CMakeTmp]
  ignore line: []
  ignore line: [Run Build Command(s):/usr/bin/gmake -f Makefile cmTC_93389/fast && /usr/bin/gmake  -f CMakeFiles/cmTC_93389.dir/build.make CMakeFiles/cmTC_93389.dir/build]
  ignore line: [gmake[1]: Entering directory '/home/huy/nav2_ws/Vaccum-Robot-LDS02RR/build/turtlebot3/CMakeFiles/CMakeTmp']
  ignore line: [Building C object CMakeFiles/cmTC_93389.dir/CMakeCCompilerABI.c.o]
  ignore line: [/usr/bin/cc   -v -o CMakeFiles/cmTC_93389.dir/CMakeCCompilerABI.c.o -c /usr/share/cmake-3.22/Modules/CMakeCCompilerABI.c]
  ignore line: [Using built-in specs.]
  ignore line: [COLLECT_GCC=/usr/bin/cc]
  ignore line: [OFFLOAD_TARGET_NAMES=nvptx-none:amdgcn-amdhsa]
  ignore line: [OFFLOAD_TARGET_DEFAULT=1]
  ignore line: [Target: x86_64-linux-gnu]
  ignore line: [Configured with: ../src/configure -v --with-pkgversion='Ubuntu 11.4.0-1ubuntu1~22.04' --with-bugurl=file:///usr/share/doc/gcc-11/README.Bugs --enable-languages=c ada c++ go brig d fortran objc obj-c++ m2 --prefix=/usr --with-gcc-major-version-only --program-suffix=-11 --program-prefix=x86_64-linux-gnu- --enable-shared --enable-linker-build-id --libexecdir=/usr/lib --without-included-gettext --enable-threads=posix --libdir=/usr/lib --enable-nls --enable-bootstrap --enable-clocale=gnu --enable-libstdcxx-debug --enable-libstdcxx-time=yes --with-default-libstdcxx-abi=new --enable-gnu-unique-object --disable-vtable-verify --enable-plugin --enable-default-pie --with-system-zlib --enable-libphobos-checking=release --with-target-system-zlib=auto --enable-objc-gc=auto --enable-multiarch --disable-werror --enable-cet --with-arch-32=i686 --with-abi=m64 --with-multilib-list=m32 m64 mx32 --enable-multilib --with-tune=generic --enable-offload-targets=nvptx-none=/build/gcc-11-XeT9lY/gcc-11-11.4.0/debian/tmp-nvptx/usr amdgcn-amdhsa=/build/gcc-11-XeT9lY/gcc-11-11.4.0/debian/tmp-gcn/usr --without-cuda-driver --enable-checking=release --build=x86_64-linux-gnu --host=x86_64-linux-gnu --target=x86_64-linux-gnu --with-build-config=bootstrap-lto-lean --enable-link-serialization=2]
  ignore line: [Thread model: posix]
  ignore line: [Supported LTO compression algorithms: zlib zstd]
  ignore line: [gcc version 11.4.0 (Ubuntu 11.4.0-1ubuntu1~22.04) ]
  ignore line: [COLLECT_GCC_OPTIONS='-v' '-o' 'CMakeFiles/cmTC_93389.dir/CMakeCCompilerABI.c.o' '-c' '-mtune=generic' '-march=x86-64' '-dumpdir' 'CMakeFiles/cmTC_93389.dir/']
  ignore line: [ /usr/lib/gcc/x86_64-linux-gnu/11/cc1 -quiet -v -imultiarch x86_64-linux-gnu /usr/share/cmake-3.22/Modules/CMakeCCompilerABI.c -quiet -dumpdir CMakeFiles/cmTC_93389.dir/ -dumpbase CMakeCCompilerABI.c.c -dumpbase-ext .c -mtune=generic -march=x86-64 -version -fasynchronous-unwind-tables -fstack-protector-strong -Wformat -Wformat-security -fstack-clash-protection -fcf-protection -o /tmp/ccyJ2RZr.s]
  ignore line: [GNU C17 (Ubuntu 11.4.0-1ubuntu1~22.04) version 11.4.0 (x86_64-linux-gnu)]
  ignore line: [	compiled by GNU C version 11.4.0  GMP version 6.2.1  MPFR version 4.1.0  MPC version 1.2.1  isl version isl-0.24-GMP]
  ignore line: []
  ignore line: [GGC heuristics: --param ggc-min-expand=100 --param ggc-min-heapsize=131072]
  ignore line: [ignoring nonexistent directory "/usr/local/include/x86_64-linux-gnu"]
  ignore line: [ignoring nonexistent directory "/usr/lib/gcc/x86_64-linux-gnu/11/include-fixed"]
  ignore line: [ignoring nonexistent directory "/usr/lib/gcc/x86_64-linux-gnu/11/../../../../x86_64-linux-gnu/include"]
  ignore line: [#include "..." search starts here:]
  ignore line: [#include <...> search starts here:]
  ignore line: [ /usr/lib/gcc/x86_64-linux-gnu/11/include]
  ignore line: [ /usr/local/include]
  ignore line: [ /usr/include/x86_64-linux-gnu]
  ignore line: [ /usr/include]
  ignore line: [End of search list.]
  ignore line: [GNU C17 (Ubuntu 11.4.0-1ubuntu1~22.04) version 11.4.0 (x86_64-linux-gnu)]
  ignore line: [	compiled by GNU C version 11.4.0  GMP version 6.2.1  MPFR version 4.1.0  MPC version 1.2.1  isl version isl-0.24-GMP]
  ignore line: []
  ignore line: [GGC heuristics: --param ggc-min-expand=100 --param ggc-min-heapsize=131072]
  ignore line: [Compiler executable checksum: 50eaa2331df977b8016186198deb2d18]
  ignore line: [COLLECT_GCC_OPTIONS='-v' '-o' 'CMakeFiles/cmTC_93389.dir/CMakeCCompilerABI.c.o' '-c' '-mtune=generic' '-march=x86-64' '-dumpdir' 'CMakeFiles/cmTC_93389.dir/']
  ignore line: [ as -v --64 -o CMakeFiles/cmTC_93389.dir/CMakeCCompilerABI.c.o /tmp/ccyJ2RZr.s]
  ignore line: [GNU assembler version 2.38 (x86_64-linux-gnu) using BFD version (GNU Binutils for Ubuntu) 2.38]
  ignore line: [COMPILER_PATH=/usr/lib/gcc/x86_64-linux-gnu/11/:/usr/lib/gcc/x86_64-linux-gnu/11/:/usr/lib/gcc/x86_64-linux-gnu/:/usr/lib/gcc/x86_64-linux-gnu/11/:/usr/lib/gcc/x86_64-linux-gnu/]
  ignore line: [LIBRARY_PATH=/usr/lib/gcc/x86_64-linux-gnu/11/:/usr/lib/gcc/x86_64-linux-gnu/11/../../../x86_64-linux-gnu/:/usr/lib/gcc/x86_64-linux-gnu/11/../../../../lib/:/lib/x86_64-linux-gnu/:/lib/../lib/:/usr/lib/x86_64-linux-gnu/:/usr/lib/../lib/:/usr/lib/gcc/x86_64-linux-gnu/11/../../../:/lib/:/usr/lib/]
  ignore line: [COLLECT_GCC_OPTIONS='-v' '-o' 'CMakeFiles/cmTC_93389.dir/CMakeCCompilerABI.c.o' '-c' '-mtune=generic' '-march=x86-64' '-dumpdir' 'CMakeFiles/cmTC_93389.dir/CMakeCCompilerABI.c.']
  ignore line: [Linking C executable cmTC_93389]
  ignore line: [/usr/bin/cmake -E cmake_link_script CMakeFiles/cmTC_93389.dir/link.txt --verbose=1]
  ignore line: [/usr/bin/cc  -v CMakeFiles/cmTC_93389.dir/CMakeCCompilerABI.c.o -o cmTC_93389 ]
  ignore line: [Using built-in specs.]
  ignore line: [COLLECT_GCC=/usr/bin/cc]
  ignore line: [COLLECT_LTO_WRAPPER=/usr/lib/gcc/x86_64-linux-gnu/11/lto-wrapper]
  ignore line: [OFFLOAD_TARGET_NAMES=nvptx-none:amdgcn-amdhsa]
  ignore line: [OFFLOAD_TARGET_DEFAULT=1]
  ignore line: [Target: x86_64-linux-gnu]
  ignore line: [Configured with: ../src/configure -v --with-pkgversion='Ubuntu 11.4.0-1ubuntu1~22.04' --with-bugurl=file:///usr/share/doc/gcc-11/README.Bugs --enable-languages=c ada c++ go brig d fortran objc obj-c++ m2 --prefix=/usr --with-gcc-major-version-only --program-suffix=-11 --program-prefix=x86_64-linux-gnu- --enable-shared --enable-linker-build-id --libexecdir=/usr/lib --without-included-gettext --enable-threads=posix --libdir=/usr/lib --enable-nls --enable-bootstrap --enable-clocale=gnu --enable-libstdcxx-debug --enable-libstdcxx-time=yes --with-default-libstdcxx-abi=new --enable-gnu-unique-object --disable-vtable-verify --enable-plugin --enable-default-pie --with-system-zlib --enable-libphobos-checking=release --with-target-system-zlib=auto --enable-objc-gc=auto --enable-multiarch --disable-werror --enable-cet --with-arch-32=i686 --with-abi=m64 --with-multilib-list=m32 m64 mx32 --enable-multilib --with-tune=generic --enable-offload-targets=nvptx-none=/build/gcc-11-XeT9lY/gcc-11-11.4.0/debian/tmp-nvptx/usr amdgcn-amdhsa=/build/gcc-11-XeT9lY/gcc-11-11.4.0/debian/tmp-gcn/usr --without-cuda-driver --enable-checking=release --build=x86_64-linux-gnu --host=x86_64-linux-gnu --target=x86_64-linux-gnu --with-build-config=bootstrap-lto-lean --enable-link-serialization=2]
  ignore line: [Thread model: posix]
  ignore line: [Supported LTO compression algorithms: zlib zstd]
  ignore line: [gcc version 11.4.0 (Ubuntu 11.4.0-1ubuntu1~22.04) ]
  ignore line: [COMPILER_PATH=/usr/lib/gcc/x86_64-linux-gnu/11/:/usr/lib/gcc/x86_64-linux-gnu/11/:/usr/lib/gcc/x86_64-linux-gnu/:/usr/lib/gcc/x86_64-linux-gnu/11/:/usr/lib/gcc/x86_64-linux-gnu/]
  ignore line: [LIBRARY_PATH=/usr/lib/gcc/x86_64-linux-gnu/11/:/usr/lib/gcc/x86_64-linux-gnu/11/../../../x86_64-linux-gnu/:/usr/lib/gcc/x86_64-linux-gnu/11/../../../../lib/:/lib/x86_64-linux-gnu/:/lib/../lib/:/usr/lib/x86_64-linux-gnu/:/usr/lib/../lib/:/usr/lib/gcc/x86_64-linux-gnu/11/../../../:/lib/:/usr/lib/]
  ignore line: [COLLECT_GCC_OPTIONS='-v' '-o' 'cmTC_93389' '-mtune=generic' '-march=x86-64' '-dumpdir' 'cmTC_93389.']
  link line: [ /usr/lib/gcc/x86_64-linux-gnu/11/collect2 -plugin /usr/lib/gcc/x86_64-linux-gnu/11/liblto_plugin.so -plugin-opt=/usr/lib/gcc/x86_64-linux-gnu/11/lto-wrapper -plugin-opt=-fresolution=/tmp/ccLSd1z5.res -plugin-opt=-pass-through=-lgcc -plugin-opt=-pass-through=-lgcc_s -plugin-opt=-pass-through=-lc -plugin-opt=-pass-through=-lgcc -plugin-opt=-pass-through=-lgcc_s --build-id --eh-frame-hdr -m elf_x86_64 --hash-style=gnu --as-needed -dynamic-linker /lib64/ld-linux-x86-64.so.2 -pie -z now -z relro -o cmTC_93389 /usr/lib/gcc/x86_64-linux-gnu/11/../../../x86_64-linux-gnu/Scrt1.o /usr/lib/gcc/x86_64-linux-gnu/11/../../../x86_64-linux-gnu/crti.o /usr/lib/gcc/x86_64-linux-gnu/11/crtbeginS.o -L/usr/lib/gcc/x86_64-linux-gnu/11 -L/usr/lib/gcc/x86_64-linux-gnu/11/../../../x86_64-linux-gnu -L/usr/lib/gcc/x86_64-linux-gnu/11/../../../../lib -L/lib/x86_64-linux-gnu -L/lib/../lib -L/usr/lib/x86_64-linux-gnu -L/usr/lib/../lib -L/usr/lib/gcc/x86_64-linux-gnu/11/../../.. CMakeFiles/cmTC_93389.dir/CMakeCCompilerABI.c.o -lgcc --push-state --as-needed -lgcc_s --pop-state -lc -lgcc --push-state --as-needed -lgcc_s --pop-state /usr/lib/gcc/x86_64-linux-gnu/11/crtendS.o /usr/lib/gcc/x86_64-linux-gnu/11/../../../x86_64-linux-gnu/crtn.o]
    arg [/usr/lib/gcc/x86_64-linux-gnu/11/collect2] ==> ignore
    arg [-plugin] ==> ignore
    arg [/usr/lib/gcc/x86_64-linux-gnu/11/liblto_plugin.so] ==> ignore
    arg [-plugin-opt=/usr/lib/gcc/x86_64-linux-gnu/11/lto-wrapper] ==> ignore
    arg [-plugin-opt=-fresolution=/tmp/ccLSd1z5.res] ==> ignore
    arg [-plugin-opt=-pass-through=-lgcc] ==> ignore
    arg [-plugin-opt=-pass-through=-lgcc_s] ==> ignore
    arg [-plugin-opt=-pass-through=-lc] ==> ignore
    arg [-plugin-opt=-pass-through=-lgcc] ==> ignore
    arg [-plugin-opt=-pass-through=-lgcc_s] ==> ignore
    arg [--build-id] ==> ignore
    arg [--eh-frame-hdr] ==> ignore
    arg [-m] ==> ignore
    arg [elf_x86_64] ==> ignore
    arg [--hash-style=gnu] ==> ignore
    arg [--as-needed] ==> ignore
    arg [-dynamic-linker] ==> ignore
    arg [/lib64/ld-linux-x86-64.so.2] ==> ignore
    arg [-pie] ==> ignore
    arg [-znow] ==> ignore
    arg [-zrelro] ==> ignore
    arg [-o] ==> ignore
    arg [cmTC_93389] ==> ignore
    arg [/usr/lib/gcc/x86_64-linux-gnu/11/../../../x86_64-linux-gnu/Scrt1.o] ==> obj [/usr/lib/gcc/x86_64-linux-gnu/11/../../../x86_64-linux-gnu/Scrt1.o]
    arg [/usr/lib/gcc/x86_64-linux-gnu/11/../../../x86_64-linux-gnu/crti.o] ==> obj [/usr/lib/gcc/x86_64-linux-gnu/11/../../../x86_64-linux-gnu/crti.o]
    arg [/usr/lib/gcc/x86_64-linux-gnu/11/crtbeginS.o] ==> obj [/usr/lib/gcc/x86_64-linux-gnu/11/crtbeginS.o]
    arg [-L/usr/lib/gcc/x86_64-linux-gnu/11] ==> dir [/usr/lib/gcc/x86_64-linux-gnu/11]
    arg [-L/usr/lib/gcc/x86_64-linux-gnu/11/../../../x86_64-linux-gnu] ==> dir [/usr/lib/gcc/x86_64-linux-gnu/11/../../../x86_64-linux-gnu]
    arg [-L/usr/lib/gcc/x86_64-linux-gnu/11/../../../../lib] ==> dir [/usr/lib/gcc/x86_64-linux-gnu/11/../../../../lib]
    arg [-L/lib/x86_64-linux-gnu] ==> dir [/lib/x86_64-linux-gnu]
    arg [-L/lib/../lib] ==> dir [/lib/../lib]
    arg [-L/usr/lib/x86_64-linux-gnu] ==> dir [/usr/lib/x86_64-linux-gnu]
    arg [-L/usr/lib/../lib] ==> dir [/usr/lib/../lib]
    arg [-L/usr/lib/gcc/x86_64-linux-gnu/11/../../..] ==> dir [/usr/lib/gcc/x86_64-linux-gnu/11/../../..]
    arg [CMakeFiles/cmTC_93389.dir/CMakeCCompilerABI.c.o] ==> ignore
    arg [-lgcc] ==> lib [gcc]
    arg [--push-state] ==> ignore
    arg [--as-needed] ==> ignore
    arg [-lgcc_s] ==> lib [gcc_s]
    arg [--pop-state] ==> ignore
    arg [-lc] ==> lib [c]
    arg [-lgcc] ==> lib [gcc]
    arg [--push-state] ==> ignore
    arg [--as-needed] ==> ignore
    arg [-lgcc_s] ==> lib [gcc_s]
    arg [--pop-state] ==> ignore
    arg [/usr/lib/gcc/x86_64-linux-gnu/11/crtendS.o] ==> obj [/usr/lib/gcc/x86_64-linux-gnu/11/crtendS.o]
    arg [/usr/lib/gcc/x86_64-linux-gnu/11/../../../x86_64-linux-gnu/crtn.o] ==> obj [/usr/lib/gcc/x86_64-linux-gnu/11/../../../x86_64-linux-gnu/crtn.o]
  collapse obj [/usr/lib/gcc/x86_64-linux-gnu/11/../../../x86_64-linux-gnu/Scrt1.o] ==> [/usr/lib/x86_64-linux-gnu/Scrt1.o]
  collapse obj [/usr/lib/gcc/x86_64-linux-gnu/11/../../../x86_64-linux-gnu/crti.o] ==> [/usr/lib/x86_64-linux-gnu/crti.o]
  collapse obj [/usr/lib/gcc/x86_64-linux-gnu/11/../../../x86_64-linux-gnu/crtn.o] ==> [/usr/lib/x86_64-linux-gnu/crtn.o]
  collapse library dir [/usr/lib/gcc/x86_64-linux-gnu/11] ==> [/usr/lib/gcc/x86_64-linux-gnu/11]
  collapse library dir [/usr/lib/gcc/x86_64-linux-gnu/11/../../../x86_64-linux-gnu] ==> [/usr/lib/x86_64-linux-gnu]
  collapse library dir [/usr/lib/gcc/x86_64-linux-gnu/11/../../../../lib] ==> [/usr/lib]
  collapse library dir [/lib/x86_64-linux-gnu] ==> [/lib/x86_64-linux-gnu]
  collapse library dir [/lib/../lib] ==> [/lib]
  collapse library dir [/usr/lib/x86_64-linux-gnu] ==> [/usr/lib/x86_64-linux-gnu]
  collapse library dir [/usr/lib/../lib] ==> [/usr/lib]
  collapse library dir [/usr/lib/gcc/x86_64-linux-gnu/11/../../..] ==> [/usr/lib]
  implicit libs: [gcc;gcc_s;c;gcc;gcc_s]
  implicit objs: [/usr/lib/x86_64-linux-gnu/Scrt1.o;/usr/lib/x86_64-linux-gnu/crti.o;/usr/lib/gcc/x86_64-linux-gnu/11/crtbeginS.o;/usr/lib/gcc/x86_64-linux-gnu/11/crtendS.o;/usr/lib/x86_64-linux-gnu/crtn.o]
  implicit dirs: [/usr/lib/gcc/x86_64-linux-gnu/11;/usr/lib/x86_64-linux-gnu;/usr/lib;/lib/x86_64-linux-gnu;/lib]
  implicit fwks: []


Detecting CXX compiler ABI info compiled with the following output:
Change Dir: /home/huy/nav2_ws/Vaccum-Robot-LDS02RR/build/turtlebot3/CMakeFiles/CMakeTmp

Run Build Command(s):/usr/bin/gmake -f Makefile cmTC_7da42/fast && /usr/bin/gmake  -f CMakeFiles/cmTC_7da42.dir/build.make CMakeFiles/cmTC_7da42.dir/build
gmake[1]: Entering directory '/home/huy/nav2_ws/Vaccum-Robot-LDS02RR/build/turtlebot3/CMakeFiles/CMakeTmp'
Building CXX object CMakeFiles/cmTC_7da42.dir/CMakeCXXCompilerABI.cpp.o
/usr/bin/c++   -v -o CMakeFiles/cmTC_7da42.dir/CMakeCXXCompilerABI.cpp.o -c /usr/share/cmake-3.22/Modules/CMakeCXXCompilerABI.cpp
Using built-in specs.
COLLECT_GCC=/usr/bin/c++
OFFLOAD_TARGET_NAMES=nvptx-none:amdgcn-amdhsa
OFFLOAD_TARGET_DEFAULT=1
Target: x86_64-linux-gnu
Configured with: ../src/configure -v --with-pkgversion='Ubuntu 11.4.0-1ubuntu1~22.04' --with-bugurl=file:///usr/share/doc/gcc-11/README.Bugs --enable-languages=c,ada,c++,go,brig,d,fortran,objc,obj-c++,m2 --prefix=/usr --with-gcc-major-version-only --program-suffix=-11 --program-prefix=x86_64-linux-gnu- --enable-shared --enable-linker-build-id --libexecdir=/usr/lib --without-included-gettext --enable-threads=posix --libdir=/usr/lib --enable-nls --enable-bootstrap --enable-clocale=gnu --enable-libstdcxx-debug --enable-libstdcxx-time=yes --with-default-libstdcxx-abi=new --enable-gnu-unique-object --disable-vtable-verify --enable-plugin --enable-default-pie --with-system-zlib --enable-libphobos-checking=release --with-target-system-zlib=auto --enable-objc-gc=auto --enable-multiarch --disable-werror --enable-cet --with-arch-32=i686 --with-abi=m64 --with-multilib-list=m32,m64,mx32 --enable-multilib --with-tune=generic --enable-offload-targets=nvptx-none=/build/gcc-11-XeT9lY/gcc-11-11.4.0/debian/tmp-nvptx/usr,amdgcn-amdhsa=/build/gcc-11-XeT9lY/gcc-11-11.4.0/debian/tmp-gcn/usr --without-cuda-driver --enable-checking=release --build=x86_64-linux-gnu --host=x86_64-linux-gnu --target=x86_64-linux-gnu --with-build-config=bootstrap-lto-lean --enable-link-serialization=2
Thread model: posix
Supported LTO compression algorithms: zlib zstd
gcc version 11.4.0 (Ubuntu 11.4.0-1ubuntu1~22.04) 
COLLECT_GCC_OPTIONS='-v' '-o' 'CMakeFiles/cmTC_7da42.dir/CMakeCXXCompilerABI.cpp.o' '-c' '-shared-libgcc' '-mtune=generic' '-march=x86-64' '-dumpdir' 'CMakeFiles/cmTC_7da42.dir/'
 /usr/lib/gcc/x86_64-linux-gnu/11/cc1plus -quiet -v -imultiarch x86_64-linux-gnu -D_GNU_SOURCE /usr/share/cmake-3.22/Modules/CMakeCXXCompilerABI.cpp -quiet -dumpdir CMakeFiles/cmTC_7da42.dir/ -dumpbase CMakeCXXCompilerABI.cpp.cpp -dumpbase-ext .cpp -mtune=generic -march=x86-64 -version -fasynchronous-unwind-tables -fstack-protector-strong -Wformat -Wformat-security -fstack-clash-protection -fcf-protection -o /tmp/ccu0oR3b.s
GNU C++17 (Ubuntu 11.4.0-1ubuntu1~22.04) version 11.4.0 (x86_64-linux-gnu)
	compiled by GNU C version 11.4.0, GMP version 6.2.1, MPFR version 4.1.0, MPC version 1.2.1, isl version isl-0.24-GMP

GGC heuristics: --param ggc-min-expand=100 --param ggc-min-heapsize=131072
ignoring duplicate directory "/usr/include/x86_64-linux-gnu/c++/11"
ignoring nonexistent directory "/usr/local/include/x86_64-linux-gnu"
ignoring nonexistent directory "/usr/lib/gcc/x86_64-linux-gnu/11/include-fixed"
ignoring nonexistent directory "/usr/lib/gcc/x86_64-linux-gnu/11/../../../../x86_64-linux-gnu/include"
#include "..." search starts here:
#include <...> search starts here:
 /usr/include/c++/11
 /usr/include/x86_64-linux-gnu/c++/11
 /usr/include/c++/11/backward
 /usr/lib/gcc/x86_64-linux-gnu/11/include
 /usr/local/include
 /usr/include/x86_64-linux-gnu
 /usr/include
End of search list.
GNU C++17 (Ubuntu 11.4.0-1ubuntu1~22.04) version 11.4.0 (x86_64-linux-gnu)
	compiled by GNU C version 11.4.0, GMP version 6.2.1, MPFR version 4.1.0, MPC version 1.2.1, isl version isl-0.24-GMP

GGC heuristics: --param ggc-min-expand=100 --param ggc-min-heapsize=131072
Compiler executable checksum: d591828bb4d392ae8b7b160e5bb0b95f
COLLECT_GCC_OPTIONS='-v' '-o' 'CMakeFiles/cmTC_7da42.dir/CMakeCXXCompilerABI.cpp.o' '-c' '-shared-libgcc' '-mtune=generic' '-march=x86-64' '-dumpdir' 'CMakeFiles/cmTC_7da42.dir/'
 as -v --64 -o CMakeFiles/cmTC_7da42.dir/CMakeCXXCompilerABI.cpp.o /tmp/ccu0oR3b.s
GNU assembler version 2.38 (x86_64-linux-gnu) using BFD version (GNU Binutils for Ubuntu) 2.38
COMPILER_PATH=/usr/lib/gcc/x86_64-linux-gnu/11/:/usr/lib/gcc/x86_64-linux-gnu/11/:/usr/lib/gcc/x86_64-linux-gnu/:/usr/lib/gcc/x86_64-linux-gnu/11/:/usr/lib/gcc/x86_64-linux-gnu/
LIBRARY_PATH=/usr/lib/gcc/x86_64-linux-gnu/11/:/usr/lib/gcc/x86_64-linux-gnu/11/../../../x86_64-linux-gnu/:/usr/lib/gcc/x86_64-linux-gnu/11/../../../../lib/:/lib/x86_64-linux-gnu/:/lib/../lib/:/usr/lib/x86_64-linux-gnu/:/usr/lib/../lib/:/usr/lib/gcc/x86_64-linux-gnu/11/../../../:/lib/:/usr/lib/
COLLECT_GCC_OPTIONS='-v' '-o' 'CMakeFiles/cmTC_7da42.dir/CMakeCXXCompilerABI.cpp.o' '-c' '-shared-libgcc' '-mtune=generic' '-march=x86-64' '-dumpdir' 'CMakeFiles/cmTC_7da42.dir/CMakeCXXCompilerABI.cpp.'
Linking CXX executable cmTC_7da42
/usr/bin/cmake -E cmake_link_script CMakeFiles/cmTC_7da42.dir/link.txt --verbose=1
/usr/bin/c++  -v CMakeFiles/cmTC_7da42.dir/CMakeCXXCompilerABI.cpp.o -o cmTC_7da42 
Using built-in specs.
COLLECT_GCC=/usr/bin/c++
COLLECT_LTO_WRAPPER=/usr/lib/gcc/x86_64-linux-gnu/11/lto-wrapper
OFFLOAD_TARGET_NAMES=nvptx-none:amdgcn-amdhsa
OFFLOAD_TARGET_DEFAULT=1
Target: x86_64-linux-gnu
Configured with: ../src/configure -v --with-pkgversion='Ubuntu 11.4.0-1ubuntu1~22.04' --with-bugurl=file:///usr/share/doc/gcc-11/README.Bugs --enable-languages=c,ada,c++,go,brig,d,fortran,objc,obj-c++,m2 --prefix=/usr --with-gcc-major-version-only --program-suffix=-11 --program-prefix=x86_64-linux-gnu- --enable-shared --enable-linker-build-id --libexecdir=/usr/lib --without-included-gettext --enable-threads=posix --libdir=/usr/lib --enable-nls --enable-bootstrap --enable-clocale=gnu --enable-libstdcxx-debug --enable-libstdcxx-time=yes --with-default-libstdcxx-abi=new --enable-gnu-unique-object --disable-vtable-verify --enable-plugin --enable-default-pie --with-system-zlib --enable-libphobos-checking=release --with-target-system-zlib=auto --enable-objc-gc=auto --enable-multiarch --disable-werror --enable-cet --with-arch-32=i686 --with-abi=m64 --with-multilib-list=m32,m64,mx32 --enable-multilib --with-tune=generic --enable-offload-targets=nvptx-none=/build/gcc-11-XeT9lY/gcc-11-11.4.0/debian/tmp-nvptx/usr,amdgcn-amdhsa=/build/gcc-11-XeT9lY/gcc-11-11.4.0/debian/tmp-gcn/usr --without-cuda-driver --enable-checking=release --build=x86_64-linux-gnu --host=x86_64-linux-gnu --target=x86_64-linux-gnu --with-build-config=bootstrap-lto-lean --enable-link-serialization=2
Thread model: posix
Supported LTO compression algorithms: zlib zstd
gcc version 11.4.0 (Ubuntu 11.4.0-1ubuntu1~22.04) 
COMPILER_PATH=/usr/lib/gcc/x86_64-linux-gnu/11/:/usr/lib/gcc/x86_64-linux-gnu/11/:/usr/lib/gcc/x86_64-linux-gnu/:/usr/lib/gcc/x86_64-linux-gnu/11/:/usr/lib/gcc/x86_64-linux-gnu/
LIBRARY_PATH=/usr/lib/gcc/x86_64-linux-gnu/11/:/usr/lib/gcc/x86_64-linux-gnu/11/../../../x86_64-linux-gnu/:/usr/lib/gcc/x86_64-linux-gnu/11/../../../../lib/:/lib/x86_64-linux-gnu/:/lib/../lib/:/usr/lib/x86_64-linux-gnu/:/usr/lib/../lib/:/usr/lib/gcc/x86_64-linux-gnu/11/../../../:/lib/:/usr/lib/
COLLECT_GCC_OPTIONS='-v' '-o' 'cmTC_7da42' '-shared-libgcc' '-mtune=generic' '-march=x86-64' '-dumpdir' 'cmTC_7da42.'
 /usr/lib/gcc/x86_64-linux-gnu/11/collect2 -plugin /usr/lib/gcc/x86_64-linux-gnu/11/liblto_plugin.so -plugin-opt=/usr/lib/gcc/x86_64-linux-gnu/11/lto-wrapper -plugin-opt=-fresolution=/tmp/ccckMXkz.res -plugin-opt=-pass-through=-lgcc_s -plugin-opt=-pass-through=-lgcc -plugin-opt=-pass-through=-lc -plugin-opt=-pass-through=-lgcc_s -plugin-opt=-pass-through=-lgcc --build-id --eh-frame-hdr -m elf_x86_64 --hash-style=gnu --as-needed -dynamic-linker /lib64/ld-linux-x86-64.so.2 -pie -z now -z relro -o cmTC_7da42 /usr/lib/gcc/x86_64-linux-gnu/11/../../../x86_64-linux-gnu/Scrt1.o /usr/lib/gcc/x86_64-linux-gnu/11/../../../x86_64-linux-gnu/crti.o /usr/lib/gcc/x86_64-linux-gnu/11/crtbeginS.o -L/usr/lib/gcc/x86_64-linux-gnu/11 -L/usr/lib/gcc/x86_64-linux-gnu/11/../../../x86_64-linux-gnu -L/usr/lib/gcc/x86_64-linux-gnu/11/../../../../lib -L/lib/x86_64-linux-gnu -L/lib/../lib -L/usr/lib/x86_64-linux-gnu -L/usr/lib/../lib -L/usr/lib/gcc/x86_64-linux-gnu/11/../../.. CMakeFiles/cmTC_7da42.dir/CMakeCXXCompilerABI.cpp.o -lstdc++ -lm -lgcc_s -lgcc -lc -lgcc_s -lgcc /usr/lib/gcc/x86_64-linux-gnu/11/crtendS.o /usr/lib/gcc/x86_64-linux-gnu/11/../../../x86_64-linux-gnu/crtn.o
COLLECT_GCC_OPTIONS='-v' '-o' 'cmTC_7da42' '-shared-libgcc' '-mtune=generic' '-march=x86-64' '-dumpdir' 'cmTC_7da42.'
gmake[1]: Leaving directory '/home/huy/nav2_ws/Vaccum-Robot-LDS02RR/build/turtlebot3/CMakeFiles/CMakeTmp'



Parsed CXX implicit include dir info from above output: rv=done
  found start of include info
  found start of implicit include info
    add: [/usr/include/c++/11]
    add: [/usr/include/x86_64-linux-gnu/c++/11]
    add: [/usr/include/c++/11/backward]
    add: [/usr/lib/gcc/x86_64-linux-gnu/11/include]
    add: [/usr/local/include]
    add: [/usr/include/x86_64-linux-gnu]
    add: [/usr/include]
  end of search list found
  collapse include dir [/usr/include/c++/11] ==> [/usr/include/c++/11]
  collapse include dir [/usr/include/x86_64-linux-gnu/c++/11] ==> [/usr/include/x86_64-linux-gnu/c++/11]
  collapse include dir [/usr/include/c++/11/backward] ==> [/usr/include/c++/11/backward]
  collapse include dir [/usr/lib/gcc/x86_64-linux-gnu/11/include] ==> [/usr/lib/gcc/x86_64-linux-gnu/11/include]
  collapse include dir [/usr/local/include] ==> [/usr/local/include]
  collapse include dir [/usr/include/x86_64-linux-gnu] ==> [/usr/include/x86_64-linux-gnu]
  collapse include dir [/usr/include] ==> [/usr/include]
  implicit include dirs: [/usr/include/c++/11;/usr/include/x86_64-linux-gnu/c++/11;/usr/include/c++/11/backward;/usr/lib/gcc/x86_64-linux-gnu/11/include;/usr/local/include;/usr/include/x86_64-linux-gnu;/usr/include]


Parsed CXX implicit link information from above output:
  link line regex: [^( *|.*[/\])(ld|CMAKE_LINK_STARTFILE-NOTFOUND|([^/\]+-)?ld|collect2)[^/\]*( |$)]
  ignore line: [Change Dir: /home/huy/nav2_ws/Vaccum-Robot-LDS02RR/build/turtlebot3/CMakeFiles/CMakeTmp]
  ignore line: []
  ignore line: [Run Build Command(s):/usr/bin/gmake -f Makefile cmTC_7da42/fast && /usr/bin/gmake  -f CMakeFiles/cmTC_7da42.dir/build.make CMakeFiles/cmTC_7da42.dir/build]
  ignore line: [gmake[1]: Entering directory '/home/huy/nav2_ws/Vaccum-Robot-LDS02RR/build/turtlebot3/CMakeFiles/CMakeTmp']
  ignore line: [Building CXX object CMakeFiles/cmTC_7da42.dir/CMakeCXXCompilerABI.cpp.o]
  ignore line: [/usr/bin/c++   -v -o CMakeFiles/cmTC_7da42.dir/CMakeCXXCompilerABI.cpp.o -c /usr/share/cmake-3.22/Modules/CMakeCXXCompilerABI.cpp]
  ignore line: [Using built-in specs.]
  ignore line: [COLLECT_GCC=/usr/bin/c++]
  ignore line: [OFFLOAD_TARGET_NAMES=nvptx-none:amdgcn-amdhsa]
  ignore line: [OFFLOAD_TARGET_DEFAULT=1]
  ignore line: [Target: x86_64-linux-gnu]
  ignore line: [Configured with: ../src/configure -v --with-pkgversion='Ubuntu 11.4.0-1ubuntu1~22.04' --with-bugurl=file:///usr/share/doc/gcc-11/README.Bugs --enable-languages=c ada c++ go brig d fortran objc obj-c++ m2 --prefix=/usr --with-gcc-major-version-only --program-suffix=-11 --program-prefix=x86_64-linux-gnu- --enable-shared --enable-linker-build-id --libexecdir=/usr/lib --without-included-gettext --enable-threads=posix --libdir=/usr/lib --enable-nls --enable-bootstrap --enable-clocale=gnu --enable-libstdcxx-debug --enable-libstdcxx-time=yes --with-default-libstdcxx-abi=new --enable-gnu-unique-object --disable-vtable-verify --enable-plugin --enable-default-pie --with-system-zlib --enable-libphobos-checking=release --with-target-system-zlib=auto --enable-objc-gc=auto --enable-multiarch --disable-werror --enable-cet --with-arch-32=i686 --with-abi=m64 --with-multilib-list=m32 m64 mx32 --enable-multilib --with-tune=generic --enable-offload-targets=nvptx-none=/build/gcc-11-XeT9lY/gcc-11-11.4.0/debian/tmp-nvptx/usr amdgcn-amdhsa=/build/gcc-11-XeT9lY/gcc-11-11.4.0/debian/tmp-gcn/usr --without-cuda-driver --enable-checking=release --build=x86_64-linux-gnu --host=x86_64-linux-gnu --target=x86_64-linux-gnu --with-build-config=bootstrap-lto-lean --enable-link-serialization=2]
  ignore line: [Thread model: posix]
  ignore line: [Supported LTO compression algorithms: zlib zstd]
  ignore line: [gcc version 11.4.0 (Ubuntu 11.4.0-1ubuntu1~22.04) ]
  ignore line: [COLLECT_GCC_OPTIONS='-v' '-o' 'CMakeFiles/cmTC_7da42.dir/CMakeCXXCompilerABI.cpp.o' '-c' '-shared-libgcc' '-mtune=generic' '-march=x86-64' '-dumpdir' 'CMakeFiles/cmTC_7da42.dir/']
  ignore line: [ /usr/lib/gcc/x86_64-linux-gnu/11/cc1plus -quiet -v -imultiarch x86_64-linux-gnu -D_GNU_SOURCE /usr/share/cmake-3.22/Modules/CMakeCXXCompilerABI.cpp -quiet -dumpdir CMakeFiles/cmTC_7da42.dir/ -dumpbase CMakeCXXCompilerABI.cpp.cpp -dumpbase-ext .cpp -mtune=generic -march=x86-64 -version -fasynchronous-unwind-tables -fstack-protector-strong -Wformat -Wformat-security -fstack-clash-protection -fcf-protection -o /tmp/ccu0oR3b.s]
  ignore line: [GNU C++17 (Ubuntu 11.4.0-1ubuntu1~22.04) version 11.4.0 (x86_64-linux-gnu)]
  ignore line: [	compiled by GNU C version 11.4.0  GMP version 6.2.1  MPFR version 4.1.0  MPC version 1.2.1  isl version isl-0.24-GMP]
  ignore line: []
  ignore line: [GGC heuristics: --param ggc-min-expand=100 --param ggc-min-heapsize=131072]
  ignore line: [ignoring duplicate directory "/usr/include/x86_64-linux-gnu/c++/11"]
  ignore line: [ignoring nonexistent directory "/usr/local/include/x86_64-linux-gnu"]
  ignore line: [ignoring nonexistent directory "/usr/lib/gcc/x86_64-linux-gnu/11/include-fixed"]
  ignore line: [ignoring nonexistent directory "/usr/lib/gcc/x86_64-linux-gnu/11/../../../../x86_64-linux-gnu/include"]
  ignore line: [#include "..." search starts here:]
  ignore line: [#include <...> search starts here:]
  ignore line: [ /usr/include/c++/11]
  ignore line: [ /usr/include/x86_64-linux-gnu/c++/11]
  ignore line: [ /usr/include/c++/11/backward]
  ignore line: [ /usr/lib/gcc/x86_64-linux-gnu/11/include]
  ignore line: [ /usr/local/include]
  ignore line: [ /usr/include/x86_64-linux-gnu]
  ignore line: [ /usr/include]
  ignore line: [End of search list.]
  ignore line: [GNU C++17 (Ubuntu 11.4.0-1ubuntu1~22.04) version 11.4.0 (x86_64-linux-gnu)]
  ignore line: [	compiled by GNU C version 11.4.0  GMP version 6.2.1  MPFR version 4.1.0  MPC version 1.2.1  isl version isl-0.24-GMP]
  ignore line: []
  ignore line: [GGC heuristics: --param ggc-min-expand=100 --param ggc-min-heapsize=131072]
  ignore line: [Compiler executable checksum: d591828bb4d392ae8b7b160e5bb0b95f]
  ignore line: [COLLECT_GCC_OPTIONS='-v' '-o' 'CMakeFiles/cmTC_7da42.dir/CMakeCXXCompilerABI.cpp.o' '-c' '-shared-libgcc' '-mtune=generic' '-march=x86-64' '-dumpdir' 'CMakeFiles/cmTC_7da42.dir/']
  ignore line: [ as -v --64 -o CMakeFiles/cmTC_7da42.dir/CMakeCXXCompilerABI.cpp.o /tmp/ccu0oR3b.s]
  ignore line: [GNU assembler version 2.38 (x86_64-linux-gnu) using BFD version (GNU Binutils for Ubuntu) 2.38]
  ignore line: [COMPILER_PATH=/usr/lib/gcc/x86_64-linux-gnu/11/:/usr/lib/gcc/x86_64-linux-gnu/11/:/usr/lib/gcc/x86_64-linux-gnu/:/usr/lib/gcc/x86_64-linux-gnu/11/:/usr/lib/gcc/x86_64-linux-gnu/]
  ignore line: [LIBRARY_PATH=/usr/lib/gcc/x86_64-linux-gnu/11/:/usr/lib/gcc/x86_64-linux-gnu/11/../../../x86_64-linux-gnu/:/usr/lib/gcc/x86_64-linux-gnu/11/../../../../lib/:/lib/x86_64-linux-gnu/:/lib/../lib/:/usr/lib/x86_64-linux-gnu/:/usr/lib/../lib/:/usr/lib/gcc/x86_64-linux-gnu/11/../../../:/lib/:/usr/lib/]
  ignore line: [COLLECT_GCC_OPTIONS='-v' '-o' 'CMakeFiles/cmTC_7da42.dir/CMakeCXXCompilerABI.cpp.o' '-c' '-shared-libgcc' '-mtune=generic' '-march=x86-64' '-dumpdir' 'CMakeFiles/cmTC_7da42.dir/CMakeCXXCompilerABI.cpp.']
  ignore line: [Linking CXX executable cmTC_7da42]
  ignore line: [/usr/bin/cmake -E cmake_link_script CMakeFiles/cmTC_7da42.dir/link.txt --verbose=1]
  ignore line: [/usr/bin/c++  -v CMakeFiles/cmTC_7da42.dir/CMakeCXXCompilerABI.cpp.o -o cmTC_7da42 ]
  ignore line: [Using built-in specs.]
  ignore line: [COLLECT_GCC=/usr/bin/c++]
  ignore line: [COLLECT_LTO_WRAPPER=/usr/lib/gcc/x86_64-linux-gnu/11/lto-wrapper]
  ignore line: [OFFLOAD_TARGET_NAMES=nvptx-none:amdgcn-amdhsa]
  ignore line: [OFFLOAD_TARGET_DEFAULT=1]
  ignore line: [Target: x86_64-linux-gnu]
  ignore line: [Configured with: ../src/configure -v --with-pkgversion='Ubuntu 11.4.0-1ubuntu1~22.04' --with-bugurl=file:///usr/share/doc/gcc-11/README.Bugs --enable-languages=c ada c++ go brig d fortran objc obj-c++ m2 --prefix=/usr --with-gcc-major-version-only --program-suffix=-11 --program-prefix=x86_64-linux-gnu- --enable-shared --enable-linker-build-id --libexecdir=/usr/lib --without-included-gettext --enable-threads=posix --libdir=/usr/lib --enable-nls --enable-bootstrap --enable-clocale=gnu --enable-libstdcxx-debug --enable-libstdcxx-time=yes --with-default-libstdcxx-abi=new --enable-gnu-unique-object --disable-vtable-verify --enable-plugin --enable-default-pie --with-system-zlib --enable-libphobos-checking=release --with-target-system-zlib=auto --enable-objc-gc=auto --enable-multiarch --disable-werror --enable-cet --with-arch-32=i686 --with-abi=m64 --with-multilib-list=m32 m64 mx32 --enable-multilib --with-tune=generic --enable-offload-targets=nvptx-none=/build/gcc-11-XeT9lY/gcc-11-11.4.0/debian/tmp-nvptx/usr amdgcn-amdhsa=/build/gcc-11-XeT9lY/gcc-11-11.4.0/debian/tmp-gcn/usr --without-cuda-driver --enable-checking=release --build=x86_64-linux-gnu --host=x86_64-linux-gnu --target=x86_64-linux-gnu --with-build-config=bootstrap-lto-lean --enable-link-serialization=2]
  ignore line: [Thread model: posix]
  ignore line: [Supported LTO compression algorithms: zlib zstd]
  ignore line: [gcc version 11.4.0 (Ubuntu 11.4.0-1ubuntu1~22.04) ]
  ignore line: [COMPILER_PATH=/usr/lib/gcc/x86_64-linux-gnu/11/:/usr/lib/gcc/x86_64-linux-gnu/11/:/usr/lib/gcc/x86_64-linux-gnu/:/usr/lib/gcc/x86_64-linux-gnu/11/:/usr/lib/gcc/x86_64-linux-gnu/]
  ignore line: [LIBRARY_PATH=/usr/lib/gcc/x86_64-linux-gnu/11/:/usr/lib/gcc/x86_64-linux-gnu/11/../../../x86_64-linux-gnu/:/usr/lib/gcc/x86_64-linux-gnu/11/../../../../lib/:/lib/x86_64-linux-gnu/:/lib/../lib/:/usr/lib/x86_64-linux-gnu/:/usr/lib/../lib/:/usr/lib/gcc/x86_64-linux-gnu/11/../../../:/lib/:/usr/lib/]
  ignore line: [COLLECT_GCC_OPTIONS='-v' '-o' 'cmTC_7da42' '-shared-libgcc' '-mtune=generic' '-march=x86-64' '-dumpdir' 'cmTC_7da42.']
  link line: [ /usr/lib/gcc/x86_64-linux-gnu/11/collect2 -plugin /usr/lib/gcc/x86_64-linux-gnu/11/liblto_plugin.so -plugin-opt=/usr/lib/gcc/x86_64-linux-gnu/11/lto-wrapper -plugin-opt=-fresolution=/tmp/ccckMXkz.res -plugin-opt=-pass-through=-lgcc_s -plugin-opt=-pass-through=-lgcc -plugin-opt=-pass-through=-lc -plugin-opt=-pass-through=-lgcc_s -plugin-opt=-pass-through=-lgcc --build-id --eh-frame-hdr -m elf_x86_64 --hash-style=gnu --as-needed -dynamic-linker /lib64/ld-linux-x86-64.so.2 -pie -z now -z relro -o cmTC_7da42 /usr/lib/gcc/x86_64-linux-gnu/11/../../../x86_64-linux-gnu/Scrt1.o /usr/lib/gcc/x86_64-linux-gnu/11/../../../x86_64-linux-gnu/crti.o /usr/lib/gcc/x86_64-linux-gnu/11/crtbeginS.o -L/usr/lib/gcc/x86_64-linux-gnu/11 -L/usr/lib/gcc/x86_64-linux-gnu/11/../../../x86_64-linux-gnu -L/usr/lib/gcc/x86_64-linux-gnu/11/../../../../lib -L/lib/x86_64-linux-gnu -L/lib/../lib -L/usr/lib/x86_64-linux-gnu -L/usr/lib/../lib -L/usr/lib/gcc/x86_64-linux-gnu/11/../../.. CMakeFiles/cmTC_7da42.dir/CMakeCXXCompilerABI.cpp.o -lstdc++ -lm -lgcc_s -lgcc -lc -lgcc_s -lgcc /usr/lib/gcc/x86_64-linux-gnu/11/crtendS.o /usr/lib/gcc/x86_64-linux-gnu/11/../../../x86_64-linux-gnu/crtn.o]
    arg [/usr/lib/gcc/x86_64-linux-gnu/11/collect2] ==> ignore
    arg [-plugin] ==> ignore
    arg [/usr/lib/gcc/x86_64-linux-gnu/11/liblto_plugin.so] ==> ignore
    arg [-plugin-opt=/usr/lib/gcc/x86_64-linux-gnu/11/lto-wrapper] ==> ignore
    arg [-plugin-opt=-fresolution=/tmp/ccckMXkz.res] ==> ignore
    arg [-plugin-opt=-pass-through=-lgcc_s] ==> ignore
    arg [-plugin-opt=-pass-through=-lgcc] ==> ignore
    arg [-plugin-opt=-pass-through=-lc] ==> ignore
    arg [-plugin-opt=-pass-through=-lgcc_s] ==> ignore
    arg [-plugin-opt=-pass-through=-lgcc] ==> ignore
    arg [--build-id] ==> ignore
    arg [--eh-frame-hdr] ==> ignore
    arg [-m] ==> ignore
    arg [elf_x86_64] ==> ignore
    arg [--hash-style=gnu] ==> ignore
    arg [--as-needed] ==> ignore
    arg [-dynamic-linker] ==> ignore
    arg [/lib64/ld-linux-x86-64.so.2] ==> ignore
    arg [-pie] ==> ignore
    arg [-znow] ==> ignore
    arg [-zrelro] ==> ignore
    arg [-o] ==> ignore
    arg [cmTC_7da42] ==> ignore
    arg [/usr/lib/gcc/x86_64-linux-gnu/11/../../../x86_64-linux-gnu/Scrt1.o] ==> obj [/usr/lib/gcc/x86_64-linux-gnu/11/../../../x86_64-linux-gnu/Scrt1.o]
    arg [/usr/lib/gcc/x86_64-linux-gnu/11/../../../x86_64-linux-gnu/crti.o] ==> obj [/usr/lib/gcc/x86_64-linux-gnu/11/../../../x86_64-linux-gnu/crti.o]
    arg [/usr/lib/gcc/x86_64-linux-gnu/11/crtbeginS.o] ==> obj [/usr/lib/gcc/x86_64-linux-gnu/11/crtbeginS.o]
    arg [-L/usr/lib/gcc/x86_64-linux-gnu/11] ==> dir [/usr/lib/gcc/x86_64-linux-gnu/11]
    arg [-L/usr/lib/gcc/x86_64-linux-gnu/11/../../../x86_64-linux-gnu] ==> dir [/usr/lib/gcc/x86_64-linux-gnu/11/../../../x86_64-linux-gnu]
    arg [-L/usr/lib/gcc/x86_64-linux-gnu/11/../../../../lib] ==> dir [/usr/lib/gcc/x86_64-linux-gnu/11/../../../../lib]
    arg [-L/lib/x86_64-linux-gnu] ==> dir [/lib/x86_64-linux-gnu]
    arg [-L/lib/../lib] ==> dir [/lib/../lib]
    arg [-L/usr/lib/x86_64-linux-gnu] ==> dir [/usr/lib/x86_64-linux-gnu]
    arg [-L/usr/lib/../lib] ==> dir [/usr/lib/../lib]
    arg [-L/usr/lib/gcc/x86_64-linux-gnu/11/../../..] ==> dir [/usr/lib/gcc/x86_64-linux-gnu/11/../../..]
    arg [CMakeFiles/cmTC_7da42.dir/CMakeCXXCompilerABI.cpp.o] ==> ignore
    arg [-lstdc++] ==> lib [stdc++]
    arg [-lm] ==> lib [m]
    arg [-lgcc_s] ==> lib [gcc_s]
    arg [-lgcc] ==> lib [gcc]
    arg [-lc] ==> lib [c]
    arg [-lgcc_s] ==> lib [gcc_s]
    arg [-lgcc] ==> lib [gcc]
    arg [/usr/lib/gcc/x86_64-linux-gnu/11/crtendS.o] ==> obj [/usr/lib/gcc/x86_64-linux-gnu/11/crtendS.o]
    arg [/usr/lib/gcc/x86_64-linux-gnu/11/../../../x86_64-linux-gnu/crtn.o] ==> obj [/usr/lib/gcc/x86_64-linux-gnu/11/../../../x86_64-linux-gnu/crtn.o]
  collapse obj [/usr/lib/gcc/x86_64-linux-gnu/11/../../../x86_64-linux-gnu/Scrt1.o] ==> [/usr/lib/x86_64-linux-gnu/Scrt1.o]
  collapse obj [/usr/lib/gcc/x86_64-linux-gnu/11/../../../x86_64-linux-gnu/crti.o] ==> [/usr/lib/x86_64-linux-gnu/crti.o]
  collapse obj [/usr/lib/gcc/x86_64-linux-gnu/11/../../../x86_64-linux-gnu/crtn.o] ==> [/usr/lib/x86_64-linux-gnu/crtn.o]
  collapse library dir [/usr/lib/gcc/x86_64-linux-gnu/11] ==> [/usr/lib/gcc/x86_64-linux-gnu/11]
  collapse library dir [/usr/lib/gcc/x86_64-linux-gnu/11/../../../x86_64-linux-gnu] ==> [/usr/lib/x86_64-linux-gnu]
  collapse library dir [/usr/lib/gcc/x86_64-linux-gnu/11/../../../../lib] ==> [/usr/lib]
  collapse library dir [/lib/x86_64-linux-gnu] ==> [/lib/x86_64-linux-gnu]
  collapse library dir [/lib/../lib] ==> [/lib]
  collapse library dir [/usr/lib/x86_64-linux-gnu] ==> [/usr/lib/x86_64-linux-gnu]
  collapse library dir [/usr/lib/../lib] ==> [/usr/lib]
  collapse library dir [/usr/lib/gcc/x86_64-linux-gnu/11/../../..] ==> [/usr/lib]
  implicit libs: [stdc++;m;gcc_s;gcc;c;gcc_s;gcc]
  implicit objs: [/usr/lib/x86_64-linux-gnu/Scrt1.o;/usr/lib/x86_64-linux-gnu/crti.o;/usr/lib/gcc/x86_64-linux-gnu/11/crtbeginS.o;/usr/lib/gcc/x86_64-linux-gnu/11/crtendS.o;/usr/lib/x86_64-linux-gnu/crtn.o]
  implicit dirs: [/usr/lib/gcc/x86_64-linux-gnu/11;/usr/lib/x86_64-linux-gnu;/usr/lib;/lib/x86_64-linux-gnu;/lib]
  implicit fwks: []


The target system is: Linux -  - aarch64
The host system is: Linux - 6.8.0-65-generic - x86_64
Compiling the C compiler identification source file "CMakeCCompilerId.c" succeeded.
Compiler: /home/huy/mnt/usb_ext4/arm-gnu-toolchain-12.2.rel1-x86_64-aarch64-none-linux-gnu/bin/aarch64-none-linux-gnu-gcc 
Build flags: ;-I/home/huy/mnt/usb_ext4/usr/include/aarch64-linux-gnu;-I/home/huy/mnt/usb_ext4/usr/include/aarch64-linux-gnu
Id flags:  

The output was:
0


Compilation of the C compiler identification source "CMakeCCompilerId.c" produced "a.out"

The C compiler identification is GNU, found in "/home/huy/nav2_ws/Vaccum-Robot-LDS02RR/build/turtlebot3/CMakeFiles/3.22.1/CompilerIdC/a.out"

Compiling the CXX compiler identification source file "CMakeCXXCompilerId.cpp" succeeded.
Compiler: /home/huy/mnt/usb_ext4/arm-gnu-toolchain-12.2.rel1-x86_64-aarch64-none-linux-gnu/bin/aarch64-none-linux-gnu-g++ 
Build flags: ;-I/home/huy/mnt/usb_ext4/usr/include/aarch64-linux-gnu;-I/home/huy/mnt/usb_ext4/usr/include/aarch64-linux-gnu
Id flags:  

The output was:
0


Compilation of the CXX compiler identification source "CMakeCXXCompilerId.cpp" produced "a.out"

The CXX compiler identification is GNU, found in "/home/huy/nav2_ws/Vaccum-Robot-LDS02RR/build/turtlebot3/CMakeFiles/3.22.1/CompilerIdCXX/a.out"

Detecting C compiler ABI info compiled with the following output:
Change Dir: /home/huy/nav2_ws/Vaccum-Robot-LDS02RR/build/turtlebot3/CMakeFiles/CMakeTmp

Run Build Command(s):/usr/bin/gmake -f Makefile cmTC_13a43/fast && /usr/bin/gmake  -f CMakeFiles/cmTC_13a43.dir/build.make CMakeFiles/cmTC_13a43.dir/build
gmake[1]: Entering directory '/home/huy/nav2_ws/Vaccum-Robot-LDS02RR/build/turtlebot3/CMakeFiles/CMakeTmp'
Building C object CMakeFiles/cmTC_13a43.dir/CMakeCCompilerABI.c.o
/home/huy/mnt/usb_ext4/arm-gnu-toolchain-12.2.rel1-x86_64-aarch64-none-linux-gnu/bin/aarch64-none-linux-gnu-gcc --sysroot=/home/huy/mnt/usb_ext4   -I/home/huy/mnt/usb_ext4/usr/include/aarch64-linux-gnu -I/home/huy/mnt/usb_ext4/usr/include/aarch64-linux-gnu    -v -o CMakeFiles/cmTC_13a43.dir/CMakeCCompilerABI.c.o -c /usr/share/cmake-3.22/Modules/CMakeCCompilerABI.c
Using built-in specs.
COLLECT_GCC=/home/huy/mnt/usb_ext4/arm-gnu-toolchain-12.2.rel1-x86_64-aarch64-none-linux-gnu/bin/aarch64-none-linux-gnu-gcc
Target: aarch64-none-linux-gnu
Configured with: /data/jenkins/workspace/GNU-toolchain/arm-12/src/gcc/configure --target=aarch64-none-linux-gnu --prefix= --with-sysroot=/aarch64-none-linux-gnu/libc --with-build-sysroot=/data/jenkins/workspace/GNU-toolchain/arm-12/build-aarch64-none-linux-gnu/install//aarch64-none-linux-gnu/libc --with-bugurl=https://bugs.linaro.org/ --enable-gnu-indirect-function --enable-shared --disable-libssp --disable-libmudflap --enable-checking=release --enable-languages=c,c++,fortran --with-gmp=/data/jenkins/workspace/GNU-toolchain/arm-12/build-aarch64-none-linux-gnu/host-tools --with-mpfr=/data/jenkins/workspace/GNU-toolchain/arm-12/build-aarch64-none-linux-gnu/host-tools --with-mpc=/data/jenkins/workspace/GNU-toolchain/arm-12/build-aarch64-none-linux-gnu/host-tools --with-isl=/data/jenkins/workspace/GNU-toolchain/arm-12/build-aarch64-none-linux-gnu/host-tools --enable-fix-cortex-a53-843419 --with-pkgversion='Arm GNU Toolchain 12.2.Rel1 (Build arm-12.24)'
Thread model: posix
Supported LTO compression algorithms: zlib
gcc version 12.2.1 20221205 (Arm GNU Toolchain 12.2.Rel1 (Build arm-12.24)) 
COLLECT_GCC_OPTIONS='--sysroot=/home/huy/mnt/usb_ext4' '-I' '/home/huy/mnt/usb_ext4/usr/include/aarch64-linux-gnu' '-I' '/home/huy/mnt/usb_ext4/usr/include/aarch64-linux-gnu' '-v' '-o' 'CMakeFiles/cmTC_13a43.dir/CMakeCCompilerABI.c.o' '-c' '-mlittle-endian' '-mabi=lp64' '-dumpdir' 'CMakeFiles/cmTC_13a43.dir/'
 /home/huy/mnt/usb_ext4/arm-gnu-toolchain-12.2.rel1-x86_64-aarch64-none-linux-gnu/bin/../libexec/gcc/aarch64-none-linux-gnu/12.2.1/cc1 -quiet -v -I /home/huy/mnt/usb_ext4/usr/include/aarch64-linux-gnu -I /home/huy/mnt/usb_ext4/usr/include/aarch64-linux-gnu -iprefix /home/huy/mnt/usb_ext4/arm-gnu-toolchain-12.2.rel1-x86_64-aarch64-none-linux-gnu/bin/../lib/gcc/aarch64-none-linux-gnu/12.2.1/ -isysroot /home/huy/mnt/usb_ext4 /usr/share/cmake-3.22/Modules/CMakeCCompilerABI.c -quiet -dumpdir CMakeFiles/cmTC_13a43.dir/ -dumpbase CMakeCCompilerABI.c.c -dumpbase-ext .c -mlittle-endian -mabi=lp64 -version -o /tmp/ccYVoP4x.s
GNU C17 (Arm GNU Toolchain 12.2.Rel1 (Build arm-12.24)) version 12.2.1 20221205 (aarch64-none-linux-gnu)
	compiled by GNU C version 4.8.5 20150623 (Red Hat 4.8.5-44), GMP version 6.2.1, MPFR version 3.1.6, MPC version 1.0.3, isl version isl-0.15-1-g835ea3a-GMP

GGC heuristics: --param ggc-min-expand=100 --param ggc-min-heapsize=131072
ignoring duplicate directory "/home/huy/mnt/usb_ext4/arm-gnu-toolchain-12.2.rel1-x86_64-aarch64-none-linux-gnu/bin/../lib/gcc/../../lib/gcc/aarch64-none-linux-gnu/12.2.1/include"
ignoring duplicate directory "/home/huy/mnt/usb_ext4/arm-gnu-toolchain-12.2.rel1-x86_64-aarch64-none-linux-gnu/bin/../lib/gcc/../../lib/gcc/aarch64-none-linux-gnu/12.2.1/include-fixed"
ignoring duplicate directory "/home/huy/mnt/usb_ext4/arm-gnu-toolchain-12.2.rel1-x86_64-aarch64-none-linux-gnu/bin/../lib/gcc/../../lib/gcc/aarch64-none-linux-gnu/12.2.1/../../../../aarch64-none-linux-gnu/include"
ignoring duplicate directory "/home/huy/mnt/usb_ext4/usr/include/aarch64-linux-gnu"
#include "..." search starts here:
#include <...> search starts here:
 /home/huy/mnt/usb_ext4/usr/include/aarch64-linux-gnu
 /home/huy/mnt/usb_ext4/arm-gnu-toolchain-12.2.rel1-x86_64-aarch64-none-linux-gnu/bin/../lib/gcc/aarch64-none-linux-gnu/12.2.1/include
 /home/huy/mnt/usb_ext4/arm-gnu-toolchain-12.2.rel1-x86_64-aarch64-none-linux-gnu/bin/../lib/gcc/aarch64-none-linux-gnu/12.2.1/include-fixed
 /home/huy/mnt/usb_ext4/arm-gnu-toolchain-12.2.rel1-x86_64-aarch64-none-linux-gnu/bin/../lib/gcc/aarch64-none-linux-gnu/12.2.1/../../../../aarch64-none-linux-gnu/include
 /home/huy/mnt/usb_ext4/usr/local/include
 /home/huy/mnt/usb_ext4/usr/include
End of search list.
GNU C17 (Arm GNU Toolchain 12.2.Rel1 (Build arm-12.24)) version 12.2.1 20221205 (aarch64-none-linux-gnu)
	compiled by GNU C version 4.8.5 20150623 (Red Hat 4.8.5-44), GMP version 6.2.1, MPFR version 3.1.6, MPC version 1.0.3, isl version isl-0.15-1-g835ea3a-GMP

GGC heuristics: --param ggc-min-expand=100 --param ggc-min-heapsize=131072
Compiler executable checksum: 3d707e77bbf1554b55e59e9fce61bc60
COLLECT_GCC_OPTIONS='--sysroot=/home/huy/mnt/usb_ext4' '-I' '/home/huy/mnt/usb_ext4/usr/include/aarch64-linux-gnu' '-I' '/home/huy/mnt/usb_ext4/usr/include/aarch64-linux-gnu' '-v' '-o' 'CMakeFiles/cmTC_13a43.dir/CMakeCCompilerABI.c.o' '-c' '-mlittle-endian' '-mabi=lp64' '-dumpdir' 'CMakeFiles/cmTC_13a43.dir/'
 /home/huy/mnt/usb_ext4/arm-gnu-toolchain-12.2.rel1-x86_64-aarch64-none-linux-gnu/bin/../lib/gcc/aarch64-none-linux-gnu/12.2.1/../../../../aarch64-none-linux-gnu/bin/as -v -I /home/huy/mnt/usb_ext4/usr/include/aarch64-linux-gnu -I /home/huy/mnt/usb_ext4/usr/include/aarch64-linux-gnu -EL -mabi=lp64 -o CMakeFiles/cmTC_13a43.dir/CMakeCCompilerABI.c.o /tmp/ccYVoP4x.s
GNU assembler version 2.39.0 (aarch64-none-linux-gnu) using BFD version (Arm GNU Toolchain 12.2.Rel1 (Build arm-12.24)) 2.39.0.20221210
COMPILER_PATH=/home/huy/mnt/usb_ext4/arm-gnu-toolchain-12.2.rel1-x86_64-aarch64-none-linux-gnu/bin/../libexec/gcc/aarch64-none-linux-gnu/12.2.1/:/home/huy/mnt/usb_ext4/arm-gnu-toolchain-12.2.rel1-x86_64-aarch64-none-linux-gnu/bin/../libexec/gcc/:/home/huy/mnt/usb_ext4/arm-gnu-toolchain-12.2.rel1-x86_64-aarch64-none-linux-gnu/bin/../lib/gcc/aarch64-none-linux-gnu/12.2.1/../../../../aarch64-none-linux-gnu/bin/
LIBRARY_PATH=/home/huy/mnt/usb_ext4/arm-gnu-toolchain-12.2.rel1-x86_64-aarch64-none-linux-gnu/bin/../lib/gcc/aarch64-none-linux-gnu/12.2.1/:/home/huy/mnt/usb_ext4/arm-gnu-toolchain-12.2.rel1-x86_64-aarch64-none-linux-gnu/bin/../lib/gcc/:/home/huy/mnt/usb_ext4/arm-gnu-toolchain-12.2.rel1-x86_64-aarch64-none-linux-gnu/bin/../lib/gcc/aarch64-none-linux-gnu/12.2.1/../../../../aarch64-none-linux-gnu/lib/../lib64/:/home/huy/mnt/usb_ext4/arm-gnu-toolchain-12.2.rel1-x86_64-aarch64-none-linux-gnu/bin/../lib/gcc/aarch64-none-linux-gnu/12.2.1/../../../../aarch64-none-linux-gnu/lib/:/home/huy/mnt/usb_ext4/lib/:/home/huy/mnt/usb_ext4/usr/lib/
COLLECT_GCC_OPTIONS='--sysroot=/home/huy/mnt/usb_ext4' '-I' '/home/huy/mnt/usb_ext4/usr/include/aarch64-linux-gnu' '-I' '/home/huy/mnt/usb_ext4/usr/include/aarch64-linux-gnu' '-v' '-o' 'CMakeFiles/cmTC_13a43.dir/CMakeCCompilerABI.c.o' '-c' '-mlittle-endian' '-mabi=lp64' '-dumpdir' 'CMakeFiles/cmTC_13a43.dir/CMakeCCompilerABI.c.'
Linking C executable cmTC_13a43
/usr/bin/cmake -E cmake_link_script CMakeFiles/cmTC_13a43.dir/link.txt --verbose=1
/home/huy/mnt/usb_ext4/arm-gnu-toolchain-12.2.rel1-x86_64-aarch64-none-linux-gnu/bin/aarch64-none-linux-gnu-gcc --sysroot=/home/huy/mnt/usb_ext4  -I/home/huy/mnt/usb_ext4/usr/include/aarch64-linux-gnu -I/home/huy/mnt/usb_ext4/usr/include/aarch64-linux-gnu  --sysroot=/home/huy/mnt/usb_ext4     -B/home/huy/mnt/usb_ext4/usr/lib/aarch64-linux-gnu     -L/home/huy/mnt/usb_ext4/usr/lib/aarch64-linux-gnu     -L/home/huy/mnt/usb_ext4/lib/aarch64-linux-gnu     -Wl,-rpath,/home/huy/mnt/usb_ext4/usr/lib/aarch64-linux-gnu     -Wl,-rpath,/home/huy/mnt/usb_ext4/lib/aarch64-linux-gnu     -Wl,-rpath-link,/home/huy/mnt/usb_ext4/usr/lib/aarch64-linux-gnu     -Wl,-rpath-link,/home/huy/mnt/usb_ext4/lib/aarch64-linux-gnu -v CMakeFiles/cmTC_13a43.dir/CMakeCCompilerABI.c.o -o cmTC_13a43 
Using built-in specs.
COLLECT_GCC=/home/huy/mnt/usb_ext4/arm-gnu-toolchain-12.2.rel1-x86_64-aarch64-none-linux-gnu/bin/aarch64-none-linux-gnu-gcc
COLLECT_LTO_WRAPPER=/home/huy/mnt/usb_ext4/arm-gnu-toolchain-12.2.rel1-x86_64-aarch64-none-linux-gnu/bin/../libexec/gcc/aarch64-none-linux-gnu/12.2.1/lto-wrapper
Target: aarch64-none-linux-gnu
Configured with: /data/jenkins/workspace/GNU-toolchain/arm-12/src/gcc/configure --target=aarch64-none-linux-gnu --prefix= --with-sysroot=/aarch64-none-linux-gnu/libc --with-build-sysroot=/data/jenkins/workspace/GNU-toolchain/arm-12/build-aarch64-none-linux-gnu/install//aarch64-none-linux-gnu/libc --with-bugurl=https://bugs.linaro.org/ --enable-gnu-indirect-function --enable-shared --disable-libssp --disable-libmudflap --enable-checking=release --enable-languages=c,c++,fortran --with-gmp=/data/jenkins/workspace/GNU-toolchain/arm-12/build-aarch64-none-linux-gnu/host-tools --with-mpfr=/data/jenkins/workspace/GNU-toolchain/arm-12/build-aarch64-none-linux-gnu/host-tools --with-mpc=/data/jenkins/workspace/GNU-toolchain/arm-12/build-aarch64-none-linux-gnu/host-tools --with-isl=/data/jenkins/workspace/GNU-toolchain/arm-12/build-aarch64-none-linux-gnu/host-tools --enable-fix-cortex-a53-843419 --with-pkgversion='Arm GNU Toolchain 12.2.Rel1 (Build arm-12.24)'
Thread model: posix
Supported LTO compression algorithms: zlib
gcc version 12.2.1 20221205 (Arm GNU Toolchain 12.2.Rel1 (Build arm-12.24)) 
COMPILER_PATH=/home/huy/mnt/usb_ext4/usr/lib/aarch64-linux-gnu/:/home/huy/mnt/usb_ext4/arm-gnu-toolchain-12.2.rel1-x86_64-aarch64-none-linux-gnu/bin/../libexec/gcc/aarch64-none-linux-gnu/12.2.1/:/home/huy/mnt/usb_ext4/arm-gnu-toolchain-12.2.rel1-x86_64-aarch64-none-linux-gnu/bin/../libexec/gcc/:/home/huy/mnt/usb_ext4/arm-gnu-toolchain-12.2.rel1-x86_64-aarch64-none-linux-gnu/bin/../lib/gcc/aarch64-none-linux-gnu/12.2.1/../../../../aarch64-none-linux-gnu/bin/
LIBRARY_PATH=/home/huy/mnt/usb_ext4/usr/lib/aarch64-linux-gnu/:/home/huy/mnt/usb_ext4/arm-gnu-toolchain-12.2.rel1-x86_64-aarch64-none-linux-gnu/bin/../lib/gcc/aarch64-none-linux-gnu/12.2.1/:/home/huy/mnt/usb_ext4/arm-gnu-toolchain-12.2.rel1-x86_64-aarch64-none-linux-gnu/bin/../lib/gcc/:/home/huy/mnt/usb_ext4/arm-gnu-toolchain-12.2.rel1-x86_64-aarch64-none-linux-gnu/bin/../lib/gcc/aarch64-none-linux-gnu/12.2.1/../../../../aarch64-none-linux-gnu/lib/../lib64/:/home/huy/mnt/usb_ext4/arm-gnu-toolchain-12.2.rel1-x86_64-aarch64-none-linux-gnu/bin/../lib/gcc/aarch64-none-linux-gnu/12.2.1/../../../../aarch64-none-linux-gnu/lib/:/home/huy/mnt/usb_ext4/lib/:/home/huy/mnt/usb_ext4/usr/lib/
COLLECT_GCC_OPTIONS='--sysroot=/home/huy/mnt/usb_ext4' '-I' '/home/huy/mnt/usb_ext4/usr/include/aarch64-linux-gnu' '-I' '/home/huy/mnt/usb_ext4/usr/include/aarch64-linux-gnu' '--sysroot=/home/huy/mnt/usb_ext4' '-B' '/home/huy/mnt/usb_ext4/usr/lib/aarch64-linux-gnu' '-L/home/huy/mnt/usb_ext4/usr/lib/aarch64-linux-gnu' '-L/home/huy/mnt/usb_ext4/lib/aarch64-linux-gnu' '-v' '-o' 'cmTC_13a43' '-mlittle-endian' '-mabi=lp64' '-dumpdir' 'cmTC_13a43.'
 /home/huy/mnt/usb_ext4/arm-gnu-toolchain-12.2.rel1-x86_64-aarch64-none-linux-gnu/bin/../libexec/gcc/aarch64-none-linux-gnu/12.2.1/collect2 -plugin /home/huy/mnt/usb_ext4/arm-gnu-toolchain-12.2.rel1-x86_64-aarch64-none-linux-gnu/bin/../libexec/gcc/aarch64-none-linux-gnu/12.2.1/liblto_plugin.so -plugin-opt=/home/huy/mnt/usb_ext4/arm-gnu-toolchain-12.2.rel1-x86_64-aarch64-none-linux-gnu/bin/../libexec/gcc/aarch64-none-linux-gnu/12.2.1/lto-wrapper -plugin-opt=-fresolution=/tmp/ccS9eiKA.res -plugin-opt=-pass-through=-lgcc -plugin-opt=-pass-through=-lgcc_s -plugin-opt=-pass-through=-lc -plugin-opt=-pass-through=-lgcc -plugin-opt=-pass-through=-lgcc_s --sysroot=/home/huy/mnt/usb_ext4 --eh-frame-hdr -dynamic-linker /lib/ld-linux-aarch64.so.1 -X -EL -maarch64linux --fix-cortex-a53-843419 -o cmTC_13a43 /home/huy/mnt/usb_ext4/usr/lib/aarch64-linux-gnu/crt1.o /home/huy/mnt/usb_ext4/usr/lib/aarch64-linux-gnu/crti.o /home/huy/mnt/usb_ext4/arm-gnu-toolchain-12.2.rel1-x86_64-aarch64-none-linux-gnu/bin/../lib/gcc/aarch64-none-linux-gnu/12.2.1/crtbegin.o -L/home/huy/mnt/usb_ext4/usr/lib/aarch64-linux-gnu -L/home/huy/mnt/usb_ext4/lib/aarch64-linux-gnu -L/home/huy/mnt/usb_ext4/usr/lib/aarch64-linux-gnu -L/home/huy/mnt/usb_ext4/arm-gnu-toolchain-12.2.rel1-x86_64-aarch64-none-linux-gnu/bin/../lib/gcc/aarch64-none-linux-gnu/12.2.1 -L/home/huy/mnt/usb_ext4/arm-gnu-toolchain-12.2.rel1-x86_64-aarch64-none-linux-gnu/bin/../lib/gcc -L/home/huy/mnt/usb_ext4/arm-gnu-toolchain-12.2.rel1-x86_64-aarch64-none-linux-gnu/bin/../lib/gcc/aarch64-none-linux-gnu/12.2.1/../../../../aarch64-none-linux-gnu/lib/../lib64 -L/home/huy/mnt/usb_ext4/arm-gnu-toolchain-12.2.rel1-x86_64-aarch64-none-linux-gnu/bin/../lib/gcc/aarch64-none-linux-gnu/12.2.1/../../../../aarch64-none-linux-gnu/lib -L/home/huy/mnt/usb_ext4/lib -L/home/huy/mnt/usb_ext4/usr/lib -rpath /home/huy/mnt/usb_ext4/usr/lib/aarch64-linux-gnu -rpath /home/huy/mnt/usb_ext4/lib/aarch64-linux-gnu -rpath-link /home/huy/mnt/usb_ext4/usr/lib/aarch64-linux-gnu -rpath-link /home/huy/mnt/usb_ext4/lib/aarch64-linux-gnu CMakeFiles/cmTC_13a43.dir/CMakeCCompilerABI.c.o -lgcc --push-state --as-needed -lgcc_s --pop-state -lc -lgcc --push-state --as-needed -lgcc_s --pop-state /home/huy/mnt/usb_ext4/arm-gnu-toolchain-12.2.rel1-x86_64-aarch64-none-linux-gnu/bin/../lib/gcc/aarch64-none-linux-gnu/12.2.1/crtend.o /home/huy/mnt/usb_ext4/usr/lib/aarch64-linux-gnu/crtn.o
COLLECT_GCC_OPTIONS='--sysroot=/home/huy/mnt/usb_ext4' '-I' '/home/huy/mnt/usb_ext4/usr/include/aarch64-linux-gnu' '-I' '/home/huy/mnt/usb_ext4/usr/include/aarch64-linux-gnu' '--sysroot=/home/huy/mnt/usb_ext4' '-B' '/home/huy/mnt/usb_ext4/usr/lib/aarch64-linux-gnu' '-L/home/huy/mnt/usb_ext4/usr/lib/aarch64-linux-gnu' '-L/home/huy/mnt/usb_ext4/lib/aarch64-linux-gnu' '-v' '-o' 'cmTC_13a43' '-mlittle-endian' '-mabi=lp64' '-dumpdir' 'cmTC_13a43.'
gmake[1]: Leaving directory '/home/huy/nav2_ws/Vaccum-Robot-LDS02RR/build/turtlebot3/CMakeFiles/CMakeTmp'



Parsed C implicit include dir info from above output: rv=done
  found start of include info
  found start of implicit include info
    add: [/home/huy/mnt/usb_ext4/usr/include/aarch64-linux-gnu]
    add: [/home/huy/mnt/usb_ext4/arm-gnu-toolchain-12.2.rel1-x86_64-aarch64-none-linux-gnu/bin/../lib/gcc/aarch64-none-linux-gnu/12.2.1/include]
    add: [/home/huy/mnt/usb_ext4/arm-gnu-toolchain-12.2.rel1-x86_64-aarch64-none-linux-gnu/bin/../lib/gcc/aarch64-none-linux-gnu/12.2.1/include-fixed]
    add: [/home/huy/mnt/usb_ext4/arm-gnu-toolchain-12.2.rel1-x86_64-aarch64-none-linux-gnu/bin/../lib/gcc/aarch64-none-linux-gnu/12.2.1/../../../../aarch64-none-linux-gnu/include]
    add: [/home/huy/mnt/usb_ext4/usr/local/include]
    add: [/home/huy/mnt/usb_ext4/usr/include]
  end of search list found
  collapse include dir [/home/huy/mnt/usb_ext4/usr/include/aarch64-linux-gnu] ==> [/home/huy/mnt/usb_ext4/usr/include/aarch64-linux-gnu]
  collapse include dir [/home/huy/mnt/usb_ext4/arm-gnu-toolchain-12.2.rel1-x86_64-aarch64-none-linux-gnu/bin/../lib/gcc/aarch64-none-linux-gnu/12.2.1/include] ==> [/home/huy/mnt/usb_ext4/arm-gnu-toolchain-12.2.rel1-x86_64-aarch64-none-linux-gnu/lib/gcc/aarch64-none-linux-gnu/12.2.1/include]
  collapse include dir [/home/huy/mnt/usb_ext4/arm-gnu-toolchain-12.2.rel1-x86_64-aarch64-none-linux-gnu/bin/../lib/gcc/aarch64-none-linux-gnu/12.2.1/include-fixed] ==> [/home/huy/mnt/usb_ext4/arm-gnu-toolchain-12.2.rel1-x86_64-aarch64-none-linux-gnu/lib/gcc/aarch64-none-linux-gnu/12.2.1/include-fixed]
  collapse include dir [/home/huy/mnt/usb_ext4/arm-gnu-toolchain-12.2.rel1-x86_64-aarch64-none-linux-gnu/bin/../lib/gcc/aarch64-none-linux-gnu/12.2.1/../../../../aarch64-none-linux-gnu/include] ==> [/home/huy/mnt/usb_ext4/arm-gnu-toolchain-12.2.rel1-x86_64-aarch64-none-linux-gnu/aarch64-none-linux-gnu/include]
  collapse include dir [/home/huy/mnt/usb_ext4/usr/local/include] ==> [/home/huy/mnt/usb_ext4/usr/local/include]
  collapse include dir [/home/huy/mnt/usb_ext4/usr/include] ==> [/home/huy/mnt/usb_ext4/usr/include]
  implicit include dirs: [/home/huy/mnt/usb_ext4/usr/include/aarch64-linux-gnu;/home/huy/mnt/usb_ext4/arm-gnu-toolchain-12.2.rel1-x86_64-aarch64-none-linux-gnu/lib/gcc/aarch64-none-linux-gnu/12.2.1/include;/home/huy/mnt/usb_ext4/arm-gnu-toolchain-12.2.rel1-x86_64-aarch64-none-linux-gnu/lib/gcc/aarch64-none-linux-gnu/12.2.1/include-fixed;/home/huy/mnt/usb_ext4/arm-gnu-toolchain-12.2.rel1-x86_64-aarch64-none-linux-gnu/aarch64-none-linux-gnu/include;/home/huy/mnt/usb_ext4/usr/local/include;/home/huy/mnt/usb_ext4/usr/include]


Parsed C implicit link information from above output:
  link line regex: [^( *|.*[/\])(aarch64-none-linux-gnu-ld|CMAKE_LINK_STARTFILE-NOTFOUND|([^/\]+-)?ld|collect2)[^/\]*( |$)]
  ignore line: [Change Dir: /home/huy/nav2_ws/Vaccum-Robot-LDS02RR/build/turtlebot3/CMakeFiles/CMakeTmp]
  ignore line: []
  ignore line: [Run Build Command(s):/usr/bin/gmake -f Makefile cmTC_13a43/fast && /usr/bin/gmake  -f CMakeFiles/cmTC_13a43.dir/build.make CMakeFiles/cmTC_13a43.dir/build]
  ignore line: [gmake[1]: Entering directory '/home/huy/nav2_ws/Vaccum-Robot-LDS02RR/build/turtlebot3/CMakeFiles/CMakeTmp']
  ignore line: [Building C object CMakeFiles/cmTC_13a43.dir/CMakeCCompilerABI.c.o]
  ignore line: [/home/huy/mnt/usb_ext4/arm-gnu-toolchain-12.2.rel1-x86_64-aarch64-none-linux-gnu/bin/aarch64-none-linux-gnu-gcc --sysroot=/home/huy/mnt/usb_ext4   -I/home/huy/mnt/usb_ext4/usr/include/aarch64-linux-gnu -I/home/huy/mnt/usb_ext4/usr/include/aarch64-linux-gnu    -v -o CMakeFiles/cmTC_13a43.dir/CMakeCCompilerABI.c.o -c /usr/share/cmake-3.22/Modules/CMakeCCompilerABI.c]
  ignore line: [Using built-in specs.]
  ignore line: [COLLECT_GCC=/home/huy/mnt/usb_ext4/arm-gnu-toolchain-12.2.rel1-x86_64-aarch64-none-linux-gnu/bin/aarch64-none-linux-gnu-gcc]
  ignore line: [Target: aarch64-none-linux-gnu]
  ignore line: [Configured with: /data/jenkins/workspace/GNU-toolchain/arm-12/src/gcc/configure --target=aarch64-none-linux-gnu --prefix= --with-sysroot=/aarch64-none-linux-gnu/libc --with-build-sysroot=/data/jenkins/workspace/GNU-toolchain/arm-12/build-aarch64-none-linux-gnu/install//aarch64-none-linux-gnu/libc --with-bugurl=https://bugs.linaro.org/ --enable-gnu-indirect-function --enable-shared --disable-libssp --disable-libmudflap --enable-checking=release --enable-languages=c c++ fortran --with-gmp=/data/jenkins/workspace/GNU-toolchain/arm-12/build-aarch64-none-linux-gnu/host-tools --with-mpfr=/data/jenkins/workspace/GNU-toolchain/arm-12/build-aarch64-none-linux-gnu/host-tools --with-mpc=/data/jenkins/workspace/GNU-toolchain/arm-12/build-aarch64-none-linux-gnu/host-tools --with-isl=/data/jenkins/workspace/GNU-toolchain/arm-12/build-aarch64-none-linux-gnu/host-tools --enable-fix-cortex-a53-843419 --with-pkgversion='Arm GNU Toolchain 12.2.Rel1 (Build arm-12.24)']
  ignore line: [Thread model: posix]
  ignore line: [Supported LTO compression algorithms: zlib]
  ignore line: [gcc version 12.2.1 20221205 (Arm GNU Toolchain 12.2.Rel1 (Build arm-12.24)) ]
  ignore line: [COLLECT_GCC_OPTIONS='--sysroot=/home/huy/mnt/usb_ext4' '-I' '/home/huy/mnt/usb_ext4/usr/include/aarch64-linux-gnu' '-I' '/home/huy/mnt/usb_ext4/usr/include/aarch64-linux-gnu' '-v' '-o' 'CMakeFiles/cmTC_13a43.dir/CMakeCCompilerABI.c.o' '-c' '-mlittle-endian' '-mabi=lp64' '-dumpdir' 'CMakeFiles/cmTC_13a43.dir/']
  ignore line: [ /home/huy/mnt/usb_ext4/arm-gnu-toolchain-12.2.rel1-x86_64-aarch64-none-linux-gnu/bin/../libexec/gcc/aarch64-none-linux-gnu/12.2.1/cc1 -quiet -v -I /home/huy/mnt/usb_ext4/usr/include/aarch64-linux-gnu -I /home/huy/mnt/usb_ext4/usr/include/aarch64-linux-gnu -iprefix /home/huy/mnt/usb_ext4/arm-gnu-toolchain-12.2.rel1-x86_64-aarch64-none-linux-gnu/bin/../lib/gcc/aarch64-none-linux-gnu/12.2.1/ -isysroot /home/huy/mnt/usb_ext4 /usr/share/cmake-3.22/Modules/CMakeCCompilerABI.c -quiet -dumpdir CMakeFiles/cmTC_13a43.dir/ -dumpbase CMakeCCompilerABI.c.c -dumpbase-ext .c -mlittle-endian -mabi=lp64 -version -o /tmp/ccYVoP4x.s]
  ignore line: [GNU C17 (Arm GNU Toolchain 12.2.Rel1 (Build arm-12.24)) version 12.2.1 20221205 (aarch64-none-linux-gnu)]
  ignore line: [	compiled by GNU C version 4.8.5 20150623 (Red Hat 4.8.5-44)  GMP version 6.2.1  MPFR version 3.1.6  MPC version 1.0.3  isl version isl-0.15-1-g835ea3a-GMP]
  ignore line: []
  ignore line: [GGC heuristics: --param ggc-min-expand=100 --param ggc-min-heapsize=131072]
  ignore line: [ignoring duplicate directory "/home/huy/mnt/usb_ext4/arm-gnu-toolchain-12.2.rel1-x86_64-aarch64-none-linux-gnu/bin/../lib/gcc/../../lib/gcc/aarch64-none-linux-gnu/12.2.1/include"]
  ignore line: [ignoring duplicate directory "/home/huy/mnt/usb_ext4/arm-gnu-toolchain-12.2.rel1-x86_64-aarch64-none-linux-gnu/bin/../lib/gcc/../../lib/gcc/aarch64-none-linux-gnu/12.2.1/include-fixed"]
  ignore line: [ignoring duplicate directory "/home/huy/mnt/usb_ext4/arm-gnu-toolchain-12.2.rel1-x86_64-aarch64-none-linux-gnu/bin/../lib/gcc/../../lib/gcc/aarch64-none-linux-gnu/12.2.1/../../../../aarch64-none-linux-gnu/include"]
  ignore line: [ignoring duplicate directory "/home/huy/mnt/usb_ext4/usr/include/aarch64-linux-gnu"]
  ignore line: [#include "..." search starts here:]
  ignore line: [#include <...> search starts here:]
  ignore line: [ /home/huy/mnt/usb_ext4/usr/include/aarch64-linux-gnu]
  ignore line: [ /home/huy/mnt/usb_ext4/arm-gnu-toolchain-12.2.rel1-x86_64-aarch64-none-linux-gnu/bin/../lib/gcc/aarch64-none-linux-gnu/12.2.1/include]
  ignore line: [ /home/huy/mnt/usb_ext4/arm-gnu-toolchain-12.2.rel1-x86_64-aarch64-none-linux-gnu/bin/../lib/gcc/aarch64-none-linux-gnu/12.2.1/include-fixed]
  ignore line: [ /home/huy/mnt/usb_ext4/arm-gnu-toolchain-12.2.rel1-x86_64-aarch64-none-linux-gnu/bin/../lib/gcc/aarch64-none-linux-gnu/12.2.1/../../../../aarch64-none-linux-gnu/include]
  ignore line: [ /home/huy/mnt/usb_ext4/usr/local/include]
  ignore line: [ /home/huy/mnt/usb_ext4/usr/include]
  ignore line: [End of search list.]
  ignore line: [GNU C17 (Arm GNU Toolchain 12.2.Rel1 (Build arm-12.24)) version 12.2.1 20221205 (aarch64-none-linux-gnu)]
  ignore line: [	compiled by GNU C version 4.8.5 20150623 (Red Hat 4.8.5-44)  GMP version 6.2.1  MPFR version 3.1.6  MPC version 1.0.3  isl version isl-0.15-1-g835ea3a-GMP]
  ignore line: []
  ignore line: [GGC heuristics: --param ggc-min-expand=100 --param ggc-min-heapsize=131072]
  ignore line: [Compiler executable checksum: 3d707e77bbf1554b55e59e9fce61bc60]
  ignore line: [COLLECT_GCC_OPTIONS='--sysroot=/home/huy/mnt/usb_ext4' '-I' '/home/huy/mnt/usb_ext4/usr/include/aarch64-linux-gnu' '-I' '/home/huy/mnt/usb_ext4/usr/include/aarch64-linux-gnu' '-v' '-o' 'CMakeFiles/cmTC_13a43.dir/CMakeCCompilerABI.c.o' '-c' '-mlittle-endian' '-mabi=lp64' '-dumpdir' 'CMakeFiles/cmTC_13a43.dir/']
  ignore line: [ /home/huy/mnt/usb_ext4/arm-gnu-toolchain-12.2.rel1-x86_64-aarch64-none-linux-gnu/bin/../lib/gcc/aarch64-none-linux-gnu/12.2.1/../../../../aarch64-none-linux-gnu/bin/as -v -I /home/huy/mnt/usb_ext4/usr/include/aarch64-linux-gnu -I /home/huy/mnt/usb_ext4/usr/include/aarch64-linux-gnu -EL -mabi=lp64 -o CMakeFiles/cmTC_13a43.dir/CMakeCCompilerABI.c.o /tmp/ccYVoP4x.s]
  ignore line: [GNU assembler version 2.39.0 (aarch64-none-linux-gnu) using BFD version (Arm GNU Toolchain 12.2.Rel1 (Build arm-12.24)) 2.39.0.20221210]
  ignore line: [COMPILER_PATH=/home/huy/mnt/usb_ext4/arm-gnu-toolchain-12.2.rel1-x86_64-aarch64-none-linux-gnu/bin/../libexec/gcc/aarch64-none-linux-gnu/12.2.1/:/home/huy/mnt/usb_ext4/arm-gnu-toolchain-12.2.rel1-x86_64-aarch64-none-linux-gnu/bin/../libexec/gcc/:/home/huy/mnt/usb_ext4/arm-gnu-toolchain-12.2.rel1-x86_64-aarch64-none-linux-gnu/bin/../lib/gcc/aarch64-none-linux-gnu/12.2.1/../../../../aarch64-none-linux-gnu/bin/]
  ignore line: [LIBRARY_PATH=/home/huy/mnt/usb_ext4/arm-gnu-toolchain-12.2.rel1-x86_64-aarch64-none-linux-gnu/bin/../lib/gcc/aarch64-none-linux-gnu/12.2.1/:/home/huy/mnt/usb_ext4/arm-gnu-toolchain-12.2.rel1-x86_64-aarch64-none-linux-gnu/bin/../lib/gcc/:/home/huy/mnt/usb_ext4/arm-gnu-toolchain-12.2.rel1-x86_64-aarch64-none-linux-gnu/bin/../lib/gcc/aarch64-none-linux-gnu/12.2.1/../../../../aarch64-none-linux-gnu/lib/../lib64/:/home/huy/mnt/usb_ext4/arm-gnu-toolchain-12.2.rel1-x86_64-aarch64-none-linux-gnu/bin/../lib/gcc/aarch64-none-linux-gnu/12.2.1/../../../../aarch64-none-linux-gnu/lib/:/home/huy/mnt/usb_ext4/lib/:/home/huy/mnt/usb_ext4/usr/lib/]
  ignore line: [COLLECT_GCC_OPTIONS='--sysroot=/home/huy/mnt/usb_ext4' '-I' '/home/huy/mnt/usb_ext4/usr/include/aarch64-linux-gnu' '-I' '/home/huy/mnt/usb_ext4/usr/include/aarch64-linux-gnu' '-v' '-o' 'CMakeFiles/cmTC_13a43.dir/CMakeCCompilerABI.c.o' '-c' '-mlittle-endian' '-mabi=lp64' '-dumpdir' 'CMakeFiles/cmTC_13a43.dir/CMakeCCompilerABI.c.']
  ignore line: [Linking C executable cmTC_13a43]
  ignore line: [/usr/bin/cmake -E cmake_link_script CMakeFiles/cmTC_13a43.dir/link.txt --verbose=1]
  ignore line: [/home/huy/mnt/usb_ext4/arm-gnu-toolchain-12.2.rel1-x86_64-aarch64-none-linux-gnu/bin/aarch64-none-linux-gnu-gcc --sysroot=/home/huy/mnt/usb_ext4  -I/home/huy/mnt/usb_ext4/usr/include/aarch64-linux-gnu -I/home/huy/mnt/usb_ext4/usr/include/aarch64-linux-gnu  --sysroot=/home/huy/mnt/usb_ext4     -B/home/huy/mnt/usb_ext4/usr/lib/aarch64-linux-gnu     -L/home/huy/mnt/usb_ext4/usr/lib/aarch64-linux-gnu     -L/home/huy/mnt/usb_ext4/lib/aarch64-linux-gnu     -Wl -rpath /home/huy/mnt/usb_ext4/usr/lib/aarch64-linux-gnu     -Wl -rpath /home/huy/mnt/usb_ext4/lib/aarch64-linux-gnu     -Wl -rpath-link /home/huy/mnt/usb_ext4/usr/lib/aarch64-linux-gnu     -Wl -rpath-link /home/huy/mnt/usb_ext4/lib/aarch64-linux-gnu -v CMakeFiles/cmTC_13a43.dir/CMakeCCompilerABI.c.o -o cmTC_13a43 ]
  ignore line: [Using built-in specs.]
  ignore line: [COLLECT_GCC=/home/huy/mnt/usb_ext4/arm-gnu-toolchain-12.2.rel1-x86_64-aarch64-none-linux-gnu/bin/aarch64-none-linux-gnu-gcc]
  ignore line: [COLLECT_LTO_WRAPPER=/home/huy/mnt/usb_ext4/arm-gnu-toolchain-12.2.rel1-x86_64-aarch64-none-linux-gnu/bin/../libexec/gcc/aarch64-none-linux-gnu/12.2.1/lto-wrapper]
  ignore line: [Target: aarch64-none-linux-gnu]
  ignore line: [Configured with: /data/jenkins/workspace/GNU-toolchain/arm-12/src/gcc/configure --target=aarch64-none-linux-gnu --prefix= --with-sysroot=/aarch64-none-linux-gnu/libc --with-build-sysroot=/data/jenkins/workspace/GNU-toolchain/arm-12/build-aarch64-none-linux-gnu/install//aarch64-none-linux-gnu/libc --with-bugurl=https://bugs.linaro.org/ --enable-gnu-indirect-function --enable-shared --disable-libssp --disable-libmudflap --enable-checking=release --enable-languages=c c++ fortran --with-gmp=/data/jenkins/workspace/GNU-toolchain/arm-12/build-aarch64-none-linux-gnu/host-tools --with-mpfr=/data/jenkins/workspace/GNU-toolchain/arm-12/build-aarch64-none-linux-gnu/host-tools --with-mpc=/data/jenkins/workspace/GNU-toolchain/arm-12/build-aarch64-none-linux-gnu/host-tools --with-isl=/data/jenkins/workspace/GNU-toolchain/arm-12/build-aarch64-none-linux-gnu/host-tools --enable-fix-cortex-a53-843419 --with-pkgversion='Arm GNU Toolchain 12.2.Rel1 (Build arm-12.24)']
  ignore line: [Thread model: posix]
  ignore line: [Supported LTO compression algorithms: zlib]
  ignore line: [gcc version 12.2.1 20221205 (Arm GNU Toolchain 12.2.Rel1 (Build arm-12.24)) ]
  ignore line: [COMPILER_PATH=/home/huy/mnt/usb_ext4/usr/lib/aarch64-linux-gnu/:/home/huy/mnt/usb_ext4/arm-gnu-toolchain-12.2.rel1-x86_64-aarch64-none-linux-gnu/bin/../libexec/gcc/aarch64-none-linux-gnu/12.2.1/:/home/huy/mnt/usb_ext4/arm-gnu-toolchain-12.2.rel1-x86_64-aarch64-none-linux-gnu/bin/../libexec/gcc/:/home/huy/mnt/usb_ext4/arm-gnu-toolchain-12.2.rel1-x86_64-aarch64-none-linux-gnu/bin/../lib/gcc/aarch64-none-linux-gnu/12.2.1/../../../../aarch64-none-linux-gnu/bin/]
  ignore line: [LIBRARY_PATH=/home/huy/mnt/usb_ext4/usr/lib/aarch64-linux-gnu/:/home/huy/mnt/usb_ext4/arm-gnu-toolchain-12.2.rel1-x86_64-aarch64-none-linux-gnu/bin/../lib/gcc/aarch64-none-linux-gnu/12.2.1/:/home/huy/mnt/usb_ext4/arm-gnu-toolchain-12.2.rel1-x86_64-aarch64-none-linux-gnu/bin/../lib/gcc/:/home/huy/mnt/usb_ext4/arm-gnu-toolchain-12.2.rel1-x86_64-aarch64-none-linux-gnu/bin/../lib/gcc/aarch64-none-linux-gnu/12.2.1/../../../../aarch64-none-linux-gnu/lib/../lib64/:/home/huy/mnt/usb_ext4/arm-gnu-toolchain-12.2.rel1-x86_64-aarch64-none-linux-gnu/bin/../lib/gcc/aarch64-none-linux-gnu/12.2.1/../../../../aarch64-none-linux-gnu/lib/:/home/huy/mnt/usb_ext4/lib/:/home/huy/mnt/usb_ext4/usr/lib/]
  ignore line: [COLLECT_GCC_OPTIONS='--sysroot=/home/huy/mnt/usb_ext4' '-I' '/home/huy/mnt/usb_ext4/usr/include/aarch64-linux-gnu' '-I' '/home/huy/mnt/usb_ext4/usr/include/aarch64-linux-gnu' '--sysroot=/home/huy/mnt/usb_ext4' '-B' '/home/huy/mnt/usb_ext4/usr/lib/aarch64-linux-gnu' '-L/home/huy/mnt/usb_ext4/usr/lib/aarch64-linux-gnu' '-L/home/huy/mnt/usb_ext4/lib/aarch64-linux-gnu' '-v' '-o' 'cmTC_13a43' '-mlittle-endian' '-mabi=lp64' '-dumpdir' 'cmTC_13a43.']
  link line: [ /home/huy/mnt/usb_ext4/arm-gnu-toolchain-12.2.rel1-x86_64-aarch64-none-linux-gnu/bin/../libexec/gcc/aarch64-none-linux-gnu/12.2.1/collect2 -plugin /home/huy/mnt/usb_ext4/arm-gnu-toolchain-12.2.rel1-x86_64-aarch64-none-linux-gnu/bin/../libexec/gcc/aarch64-none-linux-gnu/12.2.1/liblto_plugin.so -plugin-opt=/home/huy/mnt/usb_ext4/arm-gnu-toolchain-12.2.rel1-x86_64-aarch64-none-linux-gnu/bin/../libexec/gcc/aarch64-none-linux-gnu/12.2.1/lto-wrapper -plugin-opt=-fresolution=/tmp/ccS9eiKA.res -plugin-opt=-pass-through=-lgcc -plugin-opt=-pass-through=-lgcc_s -plugin-opt=-pass-through=-lc -plugin-opt=-pass-through=-lgcc -plugin-opt=-pass-through=-lgcc_s --sysroot=/home/huy/mnt/usb_ext4 --eh-frame-hdr -dynamic-linker /lib/ld-linux-aarch64.so.1 -X -EL -maarch64linux --fix-cortex-a53-843419 -o cmTC_13a43 /home/huy/mnt/usb_ext4/usr/lib/aarch64-linux-gnu/crt1.o /home/huy/mnt/usb_ext4/usr/lib/aarch64-linux-gnu/crti.o /home/huy/mnt/usb_ext4/arm-gnu-toolchain-12.2.rel1-x86_64-aarch64-none-linux-gnu/bin/../lib/gcc/aarch64-none-linux-gnu/12.2.1/crtbegin.o -L/home/huy/mnt/usb_ext4/usr/lib/aarch64-linux-gnu -L/home/huy/mnt/usb_ext4/lib/aarch64-linux-gnu -L/home/huy/mnt/usb_ext4/usr/lib/aarch64-linux-gnu -L/home/huy/mnt/usb_ext4/arm-gnu-toolchain-12.2.rel1-x86_64-aarch64-none-linux-gnu/bin/../lib/gcc/aarch64-none-linux-gnu/12.2.1 -L/home/huy/mnt/usb_ext4/arm-gnu-toolchain-12.2.rel1-x86_64-aarch64-none-linux-gnu/bin/../lib/gcc -L/home/huy/mnt/usb_ext4/arm-gnu-toolchain-12.2.rel1-x86_64-aarch64-none-linux-gnu/bin/../lib/gcc/aarch64-none-linux-gnu/12.2.1/../../../../aarch64-none-linux-gnu/lib/../lib64 -L/home/huy/mnt/usb_ext4/arm-gnu-toolchain-12.2.rel1-x86_64-aarch64-none-linux-gnu/bin/../lib/gcc/aarch64-none-linux-gnu/12.2.1/../../../../aarch64-none-linux-gnu/lib -L/home/huy/mnt/usb_ext4/lib -L/home/huy/mnt/usb_ext4/usr/lib -rpath /home/huy/mnt/usb_ext4/usr/lib/aarch64-linux-gnu -rpath /home/huy/mnt/usb_ext4/lib/aarch64-linux-gnu -rpath-link /home/huy/mnt/usb_ext4/usr/lib/aarch64-linux-gnu -rpath-link /home/huy/mnt/usb_ext4/lib/aarch64-linux-gnu CMakeFiles/cmTC_13a43.dir/CMakeCCompilerABI.c.o -lgcc --push-state --as-needed -lgcc_s --pop-state -lc -lgcc --push-state --as-needed -lgcc_s --pop-state /home/huy/mnt/usb_ext4/arm-gnu-toolchain-12.2.rel1-x86_64-aarch64-none-linux-gnu/bin/../lib/gcc/aarch64-none-linux-gnu/12.2.1/crtend.o /home/huy/mnt/usb_ext4/usr/lib/aarch64-linux-gnu/crtn.o]
    arg [/home/huy/mnt/usb_ext4/arm-gnu-toolchain-12.2.rel1-x86_64-aarch64-none-linux-gnu/bin/../libexec/gcc/aarch64-none-linux-gnu/12.2.1/collect2] ==> ignore
    arg [-plugin] ==> ignore
    arg [/home/huy/mnt/usb_ext4/arm-gnu-toolchain-12.2.rel1-x86_64-aarch64-none-linux-gnu/bin/../libexec/gcc/aarch64-none-linux-gnu/12.2.1/liblto_plugin.so] ==> ignore
    arg [-plugin-opt=/home/huy/mnt/usb_ext4/arm-gnu-toolchain-12.2.rel1-x86_64-aarch64-none-linux-gnu/bin/../libexec/gcc/aarch64-none-linux-gnu/12.2.1/lto-wrapper] ==> ignore
    arg [-plugin-opt=-fresolution=/tmp/ccS9eiKA.res] ==> ignore
    arg [-plugin-opt=-pass-through=-lgcc] ==> ignore
    arg [-plugin-opt=-pass-through=-lgcc_s] ==> ignore
    arg [-plugin-opt=-pass-through=-lc] ==> ignore
    arg [-plugin-opt=-pass-through=-lgcc] ==> ignore
    arg [-plugin-opt=-pass-through=-lgcc_s] ==> ignore
    arg [--sysroot=/home/huy/mnt/usb_ext4] ==> ignore
    arg [--eh-frame-hdr] ==> ignore
    arg [-dynamic-linker] ==> ignore
    arg [/lib/ld-linux-aarch64.so.1] ==> ignore
    arg [-X] ==> ignore
    arg [-EL] ==> ignore
    arg [-maarch64linux] ==> ignore
    arg [--fix-cortex-a53-843419] ==> ignore
    arg [-o] ==> ignore
    arg [cmTC_13a43] ==> ignore
    arg [/home/huy/mnt/usb_ext4/usr/lib/aarch64-linux-gnu/crt1.o] ==> obj [/home/huy/mnt/usb_ext4/usr/lib/aarch64-linux-gnu/crt1.o]
    arg [/home/huy/mnt/usb_ext4/usr/lib/aarch64-linux-gnu/crti.o] ==> obj [/home/huy/mnt/usb_ext4/usr/lib/aarch64-linux-gnu/crti.o]
    arg [/home/huy/mnt/usb_ext4/arm-gnu-toolchain-12.2.rel1-x86_64-aarch64-none-linux-gnu/bin/../lib/gcc/aarch64-none-linux-gnu/12.2.1/crtbegin.o] ==> obj [/home/huy/mnt/usb_ext4/arm-gnu-toolchain-12.2.rel1-x86_64-aarch64-none-linux-gnu/bin/../lib/gcc/aarch64-none-linux-gnu/12.2.1/crtbegin.o]
    arg [-L/home/huy/mnt/usb_ext4/usr/lib/aarch64-linux-gnu] ==> dir [/home/huy/mnt/usb_ext4/usr/lib/aarch64-linux-gnu]
    arg [-L/home/huy/mnt/usb_ext4/lib/aarch64-linux-gnu] ==> dir [/home/huy/mnt/usb_ext4/lib/aarch64-linux-gnu]
    arg [-L/home/huy/mnt/usb_ext4/usr/lib/aarch64-linux-gnu] ==> dir [/home/huy/mnt/usb_ext4/usr/lib/aarch64-linux-gnu]
    arg [-L/home/huy/mnt/usb_ext4/arm-gnu-toolchain-12.2.rel1-x86_64-aarch64-none-linux-gnu/bin/../lib/gcc/aarch64-none-linux-gnu/12.2.1] ==> dir [/home/huy/mnt/usb_ext4/arm-gnu-toolchain-12.2.rel1-x86_64-aarch64-none-linux-gnu/bin/../lib/gcc/aarch64-none-linux-gnu/12.2.1]
    arg [-L/home/huy/mnt/usb_ext4/arm-gnu-toolchain-12.2.rel1-x86_64-aarch64-none-linux-gnu/bin/../lib/gcc] ==> dir [/home/huy/mnt/usb_ext4/arm-gnu-toolchain-12.2.rel1-x86_64-aarch64-none-linux-gnu/bin/../lib/gcc]
    arg [-L/home/huy/mnt/usb_ext4/arm-gnu-toolchain-12.2.rel1-x86_64-aarch64-none-linux-gnu/bin/../lib/gcc/aarch64-none-linux-gnu/12.2.1/../../../../aarch64-none-linux-gnu/lib/../lib64] ==> dir [/home/huy/mnt/usb_ext4/arm-gnu-toolchain-12.2.rel1-x86_64-aarch64-none-linux-gnu/bin/../lib/gcc/aarch64-none-linux-gnu/12.2.1/../../../../aarch64-none-linux-gnu/lib/../lib64]
    arg [-L/home/huy/mnt/usb_ext4/arm-gnu-toolchain-12.2.rel1-x86_64-aarch64-none-linux-gnu/bin/../lib/gcc/aarch64-none-linux-gnu/12.2.1/../../../../aarch64-none-linux-gnu/lib] ==> dir [/home/huy/mnt/usb_ext4/arm-gnu-toolchain-12.2.rel1-x86_64-aarch64-none-linux-gnu/bin/../lib/gcc/aarch64-none-linux-gnu/12.2.1/../../../../aarch64-none-linux-gnu/lib]
    arg [-L/home/huy/mnt/usb_ext4/lib] ==> dir [/home/huy/mnt/usb_ext4/lib]
    arg [-L/home/huy/mnt/usb_ext4/usr/lib] ==> dir [/home/huy/mnt/usb_ext4/usr/lib]
    arg [-rpath] ==> ignore
    arg [/home/huy/mnt/usb_ext4/usr/lib/aarch64-linux-gnu] ==> ignore
    arg [-rpath] ==> ignore
    arg [/home/huy/mnt/usb_ext4/lib/aarch64-linux-gnu] ==> ignore
    arg [-rpath-link] ==> ignore
    arg [/home/huy/mnt/usb_ext4/usr/lib/aarch64-linux-gnu] ==> ignore
    arg [-rpath-link] ==> ignore
    arg [/home/huy/mnt/usb_ext4/lib/aarch64-linux-gnu] ==> ignore
    arg [CMakeFiles/cmTC_13a43.dir/CMakeCCompilerABI.c.o] ==> ignore
    arg [-lgcc] ==> lib [gcc]
    arg [--push-state] ==> ignore
    arg [--as-needed] ==> ignore
    arg [-lgcc_s] ==> lib [gcc_s]
    arg [--pop-state] ==> ignore
    arg [-lc] ==> lib [c]
    arg [-lgcc] ==> lib [gcc]
    arg [--push-state] ==> ignore
    arg [--as-needed] ==> ignore
    arg [-lgcc_s] ==> lib [gcc_s]
    arg [--pop-state] ==> ignore
    arg [/home/huy/mnt/usb_ext4/arm-gnu-toolchain-12.2.rel1-x86_64-aarch64-none-linux-gnu/bin/../lib/gcc/aarch64-none-linux-gnu/12.2.1/crtend.o] ==> obj [/home/huy/mnt/usb_ext4/arm-gnu-toolchain-12.2.rel1-x86_64-aarch64-none-linux-gnu/bin/../lib/gcc/aarch64-none-linux-gnu/12.2.1/crtend.o]
    arg [/home/huy/mnt/usb_ext4/usr/lib/aarch64-linux-gnu/crtn.o] ==> obj [/home/huy/mnt/usb_ext4/usr/lib/aarch64-linux-gnu/crtn.o]
  collapse obj [/home/huy/mnt/usb_ext4/arm-gnu-toolchain-12.2.rel1-x86_64-aarch64-none-linux-gnu/bin/../lib/gcc/aarch64-none-linux-gnu/12.2.1/crtbegin.o] ==> [/home/huy/mnt/usb_ext4/arm-gnu-toolchain-12.2.rel1-x86_64-aarch64-none-linux-gnu/lib/gcc/aarch64-none-linux-gnu/12.2.1/crtbegin.o]
  collapse obj [/home/huy/mnt/usb_ext4/arm-gnu-toolchain-12.2.rel1-x86_64-aarch64-none-linux-gnu/bin/../lib/gcc/aarch64-none-linux-gnu/12.2.1/crtend.o] ==> [/home/huy/mnt/usb_ext4/arm-gnu-toolchain-12.2.rel1-x86_64-aarch64-none-linux-gnu/lib/gcc/aarch64-none-linux-gnu/12.2.1/crtend.o]
  collapse library dir [/home/huy/mnt/usb_ext4/usr/lib/aarch64-linux-gnu] ==> [/home/huy/mnt/usb_ext4/usr/lib/aarch64-linux-gnu]
  collapse library dir [/home/huy/mnt/usb_ext4/lib/aarch64-linux-gnu] ==> [/home/huy/mnt/usb_ext4/lib/aarch64-linux-gnu]
  collapse library dir [/home/huy/mnt/usb_ext4/usr/lib/aarch64-linux-gnu] ==> [/home/huy/mnt/usb_ext4/usr/lib/aarch64-linux-gnu]
  collapse library dir [/home/huy/mnt/usb_ext4/arm-gnu-toolchain-12.2.rel1-x86_64-aarch64-none-linux-gnu/bin/../lib/gcc/aarch64-none-linux-gnu/12.2.1] ==> [/home/huy/mnt/usb_ext4/arm-gnu-toolchain-12.2.rel1-x86_64-aarch64-none-linux-gnu/lib/gcc/aarch64-none-linux-gnu/12.2.1]
  collapse library dir [/home/huy/mnt/usb_ext4/arm-gnu-toolchain-12.2.rel1-x86_64-aarch64-none-linux-gnu/bin/../lib/gcc] ==> [/home/huy/mnt/usb_ext4/arm-gnu-toolchain-12.2.rel1-x86_64-aarch64-none-linux-gnu/lib/gcc]
  collapse library dir [/home/huy/mnt/usb_ext4/arm-gnu-toolchain-12.2.rel1-x86_64-aarch64-none-linux-gnu/bin/../lib/gcc/aarch64-none-linux-gnu/12.2.1/../../../../aarch64-none-linux-gnu/lib/../lib64] ==> [/home/huy/mnt/usb_ext4/arm-gnu-toolchain-12.2.rel1-x86_64-aarch64-none-linux-gnu/aarch64-none-linux-gnu/lib64]
  collapse library dir [/home/huy/mnt/usb_ext4/arm-gnu-toolchain-12.2.rel1-x86_64-aarch64-none-linux-gnu/bin/../lib/gcc/aarch64-none-linux-gnu/12.2.1/../../../../aarch64-none-linux-gnu/lib] ==> [/home/huy/mnt/usb_ext4/arm-gnu-toolchain-12.2.rel1-x86_64-aarch64-none-linux-gnu/aarch64-none-linux-gnu/lib]
  collapse library dir [/home/huy/mnt/usb_ext4/lib] ==> [/home/huy/mnt/usb_ext4/lib]
  collapse library dir [/home/huy/mnt/usb_ext4/usr/lib] ==> [/home/huy/mnt/usb_ext4/usr/lib]
  implicit libs: [gcc;gcc_s;c;gcc;gcc_s]
  implicit objs: [/home/huy/mnt/usb_ext4/usr/lib/aarch64-linux-gnu/crt1.o;/home/huy/mnt/usb_ext4/usr/lib/aarch64-linux-gnu/crti.o;/home/huy/mnt/usb_ext4/arm-gnu-toolchain-12.2.rel1-x86_64-aarch64-none-linux-gnu/lib/gcc/aarch64-none-linux-gnu/12.2.1/crtbegin.o;/home/huy/mnt/usb_ext4/arm-gnu-toolchain-12.2.rel1-x86_64-aarch64-none-linux-gnu/lib/gcc/aarch64-none-linux-gnu/12.2.1/crtend.o;/home/huy/mnt/usb_ext4/usr/lib/aarch64-linux-gnu/crtn.o]
  implicit dirs: [/home/huy/mnt/usb_ext4/usr/lib/aarch64-linux-gnu;/home/huy/mnt/usb_ext4/lib/aarch64-linux-gnu;/home/huy/mnt/usb_ext4/arm-gnu-toolchain-12.2.rel1-x86_64-aarch64-none-linux-gnu/lib/gcc/aarch64-none-linux-gnu/12.2.1;/home/huy/mnt/usb_ext4/arm-gnu-toolchain-12.2.rel1-x86_64-aarch64-none-linux-gnu/lib/gcc;/home/huy/mnt/usb_ext4/arm-gnu-toolchain-12.2.rel1-x86_64-aarch64-none-linux-gnu/aarch64-none-linux-gnu/lib64;/home/huy/mnt/usb_ext4/arm-gnu-toolchain-12.2.rel1-x86_64-aarch64-none-linux-gnu/aarch64-none-linux-gnu/lib;/home/huy/mnt/usb_ext4/lib;/home/huy/mnt/usb_ext4/usr/lib]
  implicit fwks: []


Detecting CXX compiler ABI info compiled with the following output:
Change Dir: /home/huy/nav2_ws/Vaccum-Robot-LDS02RR/build/turtlebot3/CMakeFiles/CMakeTmp

Run Build Command(s):/usr/bin/gmake -f Makefile cmTC_fee2c/fast && /usr/bin/gmake  -f CMakeFiles/cmTC_fee2c.dir/build.make CMakeFiles/cmTC_fee2c.dir/build
gmake[1]: Entering directory '/home/huy/nav2_ws/Vaccum-Robot-LDS02RR/build/turtlebot3/CMakeFiles/CMakeTmp'
Building CXX object CMakeFiles/cmTC_fee2c.dir/CMakeCXXCompilerABI.cpp.o
/home/huy/mnt/usb_ext4/arm-gnu-toolchain-12.2.rel1-x86_64-aarch64-none-linux-gnu/bin/aarch64-none-linux-gnu-g++ --sysroot=/home/huy/mnt/usb_ext4   -I/home/huy/mnt/usb_ext4/usr/include/aarch64-linux-gnu -I/home/huy/mnt/usb_ext4/usr/include/aarch64-linux-gnu    -v -o CMakeFiles/cmTC_fee2c.dir/CMakeCXXCompilerABI.cpp.o -c /usr/share/cmake-3.22/Modules/CMakeCXXCompilerABI.cpp
Using built-in specs.
COLLECT_GCC=/home/huy/mnt/usb_ext4/arm-gnu-toolchain-12.2.rel1-x86_64-aarch64-none-linux-gnu/bin/aarch64-none-linux-gnu-g++
Target: aarch64-none-linux-gnu
Configured with: /data/jenkins/workspace/GNU-toolchain/arm-12/src/gcc/configure --target=aarch64-none-linux-gnu --prefix= --with-sysroot=/aarch64-none-linux-gnu/libc --with-build-sysroot=/data/jenkins/workspace/GNU-toolchain/arm-12/build-aarch64-none-linux-gnu/install//aarch64-none-linux-gnu/libc --with-bugurl=https://bugs.linaro.org/ --enable-gnu-indirect-function --enable-shared --disable-libssp --disable-libmudflap --enable-checking=release --enable-languages=c,c++,fortran --with-gmp=/data/jenkins/workspace/GNU-toolchain/arm-12/build-aarch64-none-linux-gnu/host-tools --with-mpfr=/data/jenkins/workspace/GNU-toolchain/arm-12/build-aarch64-none-linux-gnu/host-tools --with-mpc=/data/jenkins/workspace/GNU-toolchain/arm-12/build-aarch64-none-linux-gnu/host-tools --with-isl=/data/jenkins/workspace/GNU-toolchain/arm-12/build-aarch64-none-linux-gnu/host-tools --enable-fix-cortex-a53-843419 --with-pkgversion='Arm GNU Toolchain 12.2.Rel1 (Build arm-12.24)'
Thread model: posix
Supported LTO compression algorithms: zlib
gcc version 12.2.1 20221205 (Arm GNU Toolchain 12.2.Rel1 (Build arm-12.24)) 
COLLECT_GCC_OPTIONS='--sysroot=/home/huy/mnt/usb_ext4' '-I' '/home/huy/mnt/usb_ext4/usr/include/aarch64-linux-gnu' '-I' '/home/huy/mnt/usb_ext4/usr/include/aarch64-linux-gnu' '-v' '-o' 'CMakeFiles/cmTC_fee2c.dir/CMakeCXXCompilerABI.cpp.o' '-c' '-shared-libgcc' '-mlittle-endian' '-mabi=lp64' '-dumpdir' 'CMakeFiles/cmTC_fee2c.dir/'
 /home/huy/mnt/usb_ext4/arm-gnu-toolchain-12.2.rel1-x86_64-aarch64-none-linux-gnu/bin/../libexec/gcc/aarch64-none-linux-gnu/12.2.1/cc1plus -quiet -v -I /home/huy/mnt/usb_ext4/usr/include/aarch64-linux-gnu -I /home/huy/mnt/usb_ext4/usr/include/aarch64-linux-gnu -iprefix /home/huy/mnt/usb_ext4/arm-gnu-toolchain-12.2.rel1-x86_64-aarch64-none-linux-gnu/bin/../lib/gcc/aarch64-none-linux-gnu/12.2.1/ -isysroot /home/huy/mnt/usb_ext4 -D_GNU_SOURCE /usr/share/cmake-3.22/Modules/CMakeCXXCompilerABI.cpp -quiet -dumpdir CMakeFiles/cmTC_fee2c.dir/ -dumpbase CMakeCXXCompilerABI.cpp.cpp -dumpbase-ext .cpp -mlittle-endian -mabi=lp64 -version -o /tmp/cczT6KT0.s
GNU C++17 (Arm GNU Toolchain 12.2.Rel1 (Build arm-12.24)) version 12.2.1 20221205 (aarch64-none-linux-gnu)
	compiled by GNU C version 4.8.5 20150623 (Red Hat 4.8.5-44), GMP version 6.2.1, MPFR version 3.1.6, MPC version 1.0.3, isl version isl-0.15-1-g835ea3a-GMP

GGC heuristics: --param ggc-min-expand=100 --param ggc-min-heapsize=131072
ignoring duplicate directory "/home/huy/mnt/usb_ext4/arm-gnu-toolchain-12.2.rel1-x86_64-aarch64-none-linux-gnu/bin/../lib/gcc/../../lib/gcc/aarch64-none-linux-gnu/12.2.1/../../../../aarch64-none-linux-gnu/include/c++/12.2.1"
ignoring duplicate directory "/home/huy/mnt/usb_ext4/arm-gnu-toolchain-12.2.rel1-x86_64-aarch64-none-linux-gnu/bin/../lib/gcc/../../lib/gcc/aarch64-none-linux-gnu/12.2.1/../../../../aarch64-none-linux-gnu/include/c++/12.2.1/aarch64-none-linux-gnu"
ignoring duplicate directory "/home/huy/mnt/usb_ext4/arm-gnu-toolchain-12.2.rel1-x86_64-aarch64-none-linux-gnu/bin/../lib/gcc/../../lib/gcc/aarch64-none-linux-gnu/12.2.1/../../../../aarch64-none-linux-gnu/include/c++/12.2.1/backward"
ignoring duplicate directory "/home/huy/mnt/usb_ext4/arm-gnu-toolchain-12.2.rel1-x86_64-aarch64-none-linux-gnu/bin/../lib/gcc/../../lib/gcc/aarch64-none-linux-gnu/12.2.1/include"
ignoring duplicate directory "/home/huy/mnt/usb_ext4/arm-gnu-toolchain-12.2.rel1-x86_64-aarch64-none-linux-gnu/bin/../lib/gcc/../../lib/gcc/aarch64-none-linux-gnu/12.2.1/include-fixed"
ignoring duplicate directory "/home/huy/mnt/usb_ext4/arm-gnu-toolchain-12.2.rel1-x86_64-aarch64-none-linux-gnu/bin/../lib/gcc/../../lib/gcc/aarch64-none-linux-gnu/12.2.1/../../../../aarch64-none-linux-gnu/include"
ignoring duplicate directory "/home/huy/mnt/usb_ext4/usr/include/aarch64-linux-gnu"
#include "..." search starts here:
#include <...> search starts here:
 /home/huy/mnt/usb_ext4/usr/include/aarch64-linux-gnu
 /home/huy/mnt/usb_ext4/arm-gnu-toolchain-12.2.rel1-x86_64-aarch64-none-linux-gnu/bin/../lib/gcc/aarch64-none-linux-gnu/12.2.1/../../../../aarch64-none-linux-gnu/include/c++/12.2.1
 /home/huy/mnt/usb_ext4/arm-gnu-toolchain-12.2.rel1-x86_64-aarch64-none-linux-gnu/bin/../lib/gcc/aarch64-none-linux-gnu/12.2.1/../../../../aarch64-none-linux-gnu/include/c++/12.2.1/aarch64-none-linux-gnu
 /home/huy/mnt/usb_ext4/arm-gnu-toolchain-12.2.rel1-x86_64-aarch64-none-linux-gnu/bin/../lib/gcc/aarch64-none-linux-gnu/12.2.1/../../../../aarch64-none-linux-gnu/include/c++/12.2.1/backward
 /home/huy/mnt/usb_ext4/arm-gnu-toolchain-12.2.rel1-x86_64-aarch64-none-linux-gnu/bin/../lib/gcc/aarch64-none-linux-gnu/12.2.1/include
 /home/huy/mnt/usb_ext4/arm-gnu-toolchain-12.2.rel1-x86_64-aarch64-none-linux-gnu/bin/../lib/gcc/aarch64-none-linux-gnu/12.2.1/include-fixed
 /home/huy/mnt/usb_ext4/arm-gnu-toolchain-12.2.rel1-x86_64-aarch64-none-linux-gnu/bin/../lib/gcc/aarch64-none-linux-gnu/12.2.1/../../../../aarch64-none-linux-gnu/include
 /home/huy/mnt/usb_ext4/usr/local/include
 /home/huy/mnt/usb_ext4/usr/include
End of search list.
GNU C++17 (Arm GNU Toolchain 12.2.Rel1 (Build arm-12.24)) version 12.2.1 20221205 (aarch64-none-linux-gnu)
	compiled by GNU C version 4.8.5 20150623 (Red Hat 4.8.5-44), GMP version 6.2.1, MPFR version 3.1.6, MPC version 1.0.3, isl version isl-0.15-1-g835ea3a-GMP

GGC heuristics: --param ggc-min-expand=100 --param ggc-min-heapsize=131072
Compiler executable checksum: 1804f81945819bed8bd692c604ea3611
COLLECT_GCC_OPTIONS='--sysroot=/home/huy/mnt/usb_ext4' '-I' '/home/huy/mnt/usb_ext4/usr/include/aarch64-linux-gnu' '-I' '/home/huy/mnt/usb_ext4/usr/include/aarch64-linux-gnu' '-v' '-o' 'CMakeFiles/cmTC_fee2c.dir/CMakeCXXCompilerABI.cpp.o' '-c' '-shared-libgcc' '-mlittle-endian' '-mabi=lp64' '-dumpdir' 'CMakeFiles/cmTC_fee2c.dir/'
 /home/huy/mnt/usb_ext4/arm-gnu-toolchain-12.2.rel1-x86_64-aarch64-none-linux-gnu/bin/../lib/gcc/aarch64-none-linux-gnu/12.2.1/../../../../aarch64-none-linux-gnu/bin/as -v -I /home/huy/mnt/usb_ext4/usr/include/aarch64-linux-gnu -I /home/huy/mnt/usb_ext4/usr/include/aarch64-linux-gnu -EL -mabi=lp64 -o CMakeFiles/cmTC_fee2c.dir/CMakeCXXCompilerABI.cpp.o /tmp/cczT6KT0.s
GNU assembler version 2.39.0 (aarch64-none-linux-gnu) using BFD version (Arm GNU Toolchain 12.2.Rel1 (Build arm-12.24)) 2.39.0.20221210
COMPILER_PATH=/home/huy/mnt/usb_ext4/arm-gnu-toolchain-12.2.rel1-x86_64-aarch64-none-linux-gnu/bin/../libexec/gcc/aarch64-none-linux-gnu/12.2.1/:/home/huy/mnt/usb_ext4/arm-gnu-toolchain-12.2.rel1-x86_64-aarch64-none-linux-gnu/bin/../libexec/gcc/:/home/huy/mnt/usb_ext4/arm-gnu-toolchain-12.2.rel1-x86_64-aarch64-none-linux-gnu/bin/../lib/gcc/aarch64-none-linux-gnu/12.2.1/../../../../aarch64-none-linux-gnu/bin/
LIBRARY_PATH=/home/huy/mnt/usb_ext4/arm-gnu-toolchain-12.2.rel1-x86_64-aarch64-none-linux-gnu/bin/../lib/gcc/aarch64-none-linux-gnu/12.2.1/:/home/huy/mnt/usb_ext4/arm-gnu-toolchain-12.2.rel1-x86_64-aarch64-none-linux-gnu/bin/../lib/gcc/:/home/huy/mnt/usb_ext4/arm-gnu-toolchain-12.2.rel1-x86_64-aarch64-none-linux-gnu/bin/../lib/gcc/aarch64-none-linux-gnu/12.2.1/../../../../aarch64-none-linux-gnu/lib/../lib64/:/home/huy/mnt/usb_ext4/arm-gnu-toolchain-12.2.rel1-x86_64-aarch64-none-linux-gnu/bin/../lib/gcc/aarch64-none-linux-gnu/12.2.1/../../../../aarch64-none-linux-gnu/lib/:/home/huy/mnt/usb_ext4/lib/:/home/huy/mnt/usb_ext4/usr/lib/
COLLECT_GCC_OPTIONS='--sysroot=/home/huy/mnt/usb_ext4' '-I' '/home/huy/mnt/usb_ext4/usr/include/aarch64-linux-gnu' '-I' '/home/huy/mnt/usb_ext4/usr/include/aarch64-linux-gnu' '-v' '-o' 'CMakeFiles/cmTC_fee2c.dir/CMakeCXXCompilerABI.cpp.o' '-c' '-shared-libgcc' '-mlittle-endian' '-mabi=lp64' '-dumpdir' 'CMakeFiles/cmTC_fee2c.dir/CMakeCXXCompilerABI.cpp.'
Linking CXX executable cmTC_fee2c
/usr/bin/cmake -E cmake_link_script CMakeFiles/cmTC_fee2c.dir/link.txt --verbose=1
/home/huy/mnt/usb_ext4/arm-gnu-toolchain-12.2.rel1-x86_64-aarch64-none-linux-gnu/bin/aarch64-none-linux-gnu-g++ --sysroot=/home/huy/mnt/usb_ext4  -I/home/huy/mnt/usb_ext4/usr/include/aarch64-linux-gnu -I/home/huy/mnt/usb_ext4/usr/include/aarch64-linux-gnu  --sysroot=/home/huy/mnt/usb_ext4     -B/home/huy/mnt/usb_ext4/usr/lib/aarch64-linux-gnu     -L/home/huy/mnt/usb_ext4/usr/lib/aarch64-linux-gnu     -L/home/huy/mnt/usb_ext4/lib/aarch64-linux-gnu     -Wl,-rpath,/home/huy/mnt/usb_ext4/usr/lib/aarch64-linux-gnu     -Wl,-rpath,/home/huy/mnt/usb_ext4/lib/aarch64-linux-gnu     -Wl,-rpath-link,/home/huy/mnt/usb_ext4/usr/lib/aarch64-linux-gnu     -Wl,-rpath-link,/home/huy/mnt/usb_ext4/lib/aarch64-linux-gnu -v CMakeFiles/cmTC_fee2c.dir/CMakeCXXCompilerABI.cpp.o -o cmTC_fee2c  -lstdc++ -lm -lc 
Using built-in specs.
COLLECT_GCC=/home/huy/mnt/usb_ext4/arm-gnu-toolchain-12.2.rel1-x86_64-aarch64-none-linux-gnu/bin/aarch64-none-linux-gnu-g++
COLLECT_LTO_WRAPPER=/home/huy/mnt/usb_ext4/arm-gnu-toolchain-12.2.rel1-x86_64-aarch64-none-linux-gnu/bin/../libexec/gcc/aarch64-none-linux-gnu/12.2.1/lto-wrapper
Target: aarch64-none-linux-gnu
Configured with: /data/jenkins/workspace/GNU-toolchain/arm-12/src/gcc/configure --target=aarch64-none-linux-gnu --prefix= --with-sysroot=/aarch64-none-linux-gnu/libc --with-build-sysroot=/data/jenkins/workspace/GNU-toolchain/arm-12/build-aarch64-none-linux-gnu/install//aarch64-none-linux-gnu/libc --with-bugurl=https://bugs.linaro.org/ --enable-gnu-indirect-function --enable-shared --disable-libssp --disable-libmudflap --enable-checking=release --enable-languages=c,c++,fortran --with-gmp=/data/jenkins/workspace/GNU-toolchain/arm-12/build-aarch64-none-linux-gnu/host-tools --with-mpfr=/data/jenkins/workspace/GNU-toolchain/arm-12/build-aarch64-none-linux-gnu/host-tools --with-mpc=/data/jenkins/workspace/GNU-toolchain/arm-12/build-aarch64-none-linux-gnu/host-tools --with-isl=/data/jenkins/workspace/GNU-toolchain/arm-12/build-aarch64-none-linux-gnu/host-tools --enable-fix-cortex-a53-843419 --with-pkgversion='Arm GNU Toolchain 12.2.Rel1 (Build arm-12.24)'
Thread model: posix
Supported LTO compression algorithms: zlib
gcc version 12.2.1 20221205 (Arm GNU Toolchain 12.2.Rel1 (Build arm-12.24)) 
COMPILER_PATH=/home/huy/mnt/usb_ext4/usr/lib/aarch64-linux-gnu/:/home/huy/mnt/usb_ext4/arm-gnu-toolchain-12.2.rel1-x86_64-aarch64-none-linux-gnu/bin/../libexec/gcc/aarch64-none-linux-gnu/12.2.1/:/home/huy/mnt/usb_ext4/arm-gnu-toolchain-12.2.rel1-x86_64-aarch64-none-linux-gnu/bin/../libexec/gcc/:/home/huy/mnt/usb_ext4/arm-gnu-toolchain-12.2.rel1-x86_64-aarch64-none-linux-gnu/bin/../lib/gcc/aarch64-none-linux-gnu/12.2.1/../../../../aarch64-none-linux-gnu/bin/
LIBRARY_PATH=/home/huy/mnt/usb_ext4/usr/lib/aarch64-linux-gnu/:/home/huy/mnt/usb_ext4/arm-gnu-toolchain-12.2.rel1-x86_64-aarch64-none-linux-gnu/bin/../lib/gcc/aarch64-none-linux-gnu/12.2.1/:/home/huy/mnt/usb_ext4/arm-gnu-toolchain-12.2.rel1-x86_64-aarch64-none-linux-gnu/bin/../lib/gcc/:/home/huy/mnt/usb_ext4/arm-gnu-toolchain-12.2.rel1-x86_64-aarch64-none-linux-gnu/bin/../lib/gcc/aarch64-none-linux-gnu/12.2.1/../../../../aarch64-none-linux-gnu/lib/../lib64/:/home/huy/mnt/usb_ext4/arm-gnu-toolchain-12.2.rel1-x86_64-aarch64-none-linux-gnu/bin/../lib/gcc/aarch64-none-linux-gnu/12.2.1/../../../../aarch64-none-linux-gnu/lib/:/home/huy/mnt/usb_ext4/lib/:/home/huy/mnt/usb_ext4/usr/lib/
COLLECT_GCC_OPTIONS='--sysroot=/home/huy/mnt/usb_ext4' '-I' '/home/huy/mnt/usb_ext4/usr/include/aarch64-linux-gnu' '-I' '/home/huy/mnt/usb_ext4/usr/include/aarch64-linux-gnu' '--sysroot=/home/huy/mnt/usb_ext4' '-B' '/home/huy/mnt/usb_ext4/usr/lib/aarch64-linux-gnu' '-L/home/huy/mnt/usb_ext4/usr/lib/aarch64-linux-gnu' '-L/home/huy/mnt/usb_ext4/lib/aarch64-linux-gnu' '-v' '-o' 'cmTC_fee2c' '-shared-libgcc' '-mlittle-endian' '-mabi=lp64' '-dumpdir' 'cmTC_fee2c.'
 /home/huy/mnt/usb_ext4/arm-gnu-toolchain-12.2.rel1-x86_64-aarch64-none-linux-gnu/bin/../libexec/gcc/aarch64-none-linux-gnu/12.2.1/collect2 -plugin /home/huy/mnt/usb_ext4/arm-gnu-toolchain-12.2.rel1-x86_64-aarch64-none-linux-gnu/bin/../libexec/gcc/aarch64-none-linux-gnu/12.2.1/liblto_plugin.so -plugin-opt=/home/huy/mnt/usb_ext4/arm-gnu-toolchain-12.2.rel1-x86_64-aarch64-none-linux-gnu/bin/../libexec/gcc/aarch64-none-linux-gnu/12.2.1/lto-wrapper -plugin-opt=-fresolution=/tmp/ccb4ARsR.res -plugin-opt=-pass-through=-lgcc_s -plugin-opt=-pass-through=-lgcc -plugin-opt=-pass-through=-lc -plugin-opt=-pass-through=-lgcc_s -plugin-opt=-pass-through=-lgcc --sysroot=/home/huy/mnt/usb_ext4 --eh-frame-hdr -dynamic-linker /lib/ld-linux-aarch64.so.1 -X -EL -maarch64linux --fix-cortex-a53-843419 -o cmTC_fee2c /home/huy/mnt/usb_ext4/usr/lib/aarch64-linux-gnu/crt1.o /home/huy/mnt/usb_ext4/usr/lib/aarch64-linux-gnu/crti.o /home/huy/mnt/usb_ext4/arm-gnu-toolchain-12.2.rel1-x86_64-aarch64-none-linux-gnu/bin/../lib/gcc/aarch64-none-linux-gnu/12.2.1/crtbegin.o -L/home/huy/mnt/usb_ext4/usr/lib/aarch64-linux-gnu -L/home/huy/mnt/usb_ext4/lib/aarch64-linux-gnu -L/home/huy/mnt/usb_ext4/usr/lib/aarch64-linux-gnu -L/home/huy/mnt/usb_ext4/arm-gnu-toolchain-12.2.rel1-x86_64-aarch64-none-linux-gnu/bin/../lib/gcc/aarch64-none-linux-gnu/12.2.1 -L/home/huy/mnt/usb_ext4/arm-gnu-toolchain-12.2.rel1-x86_64-aarch64-none-linux-gnu/bin/../lib/gcc -L/home/huy/mnt/usb_ext4/arm-gnu-toolchain-12.2.rel1-x86_64-aarch64-none-linux-gnu/bin/../lib/gcc/aarch64-none-linux-gnu/12.2.1/../../../../aarch64-none-linux-gnu/lib/../lib64 -L/home/huy/mnt/usb_ext4/arm-gnu-toolchain-12.2.rel1-x86_64-aarch64-none-linux-gnu/bin/../lib/gcc/aarch64-none-linux-gnu/12.2.1/../../../../aarch64-none-linux-gnu/lib -L/home/huy/mnt/usb_ext4/lib -L/home/huy/mnt/usb_ext4/usr/lib -rpath /home/huy/mnt/usb_ext4/usr/lib/aarch64-linux-gnu -rpath /home/huy/mnt/usb_ext4/lib/aarch64-linux-gnu -rpath-link /home/huy/mnt/usb_ext4/usr/lib/aarch64-linux-gnu -rpath-link /home/huy/mnt/usb_ext4/lib/aarch64-linux-gnu CMakeFiles/cmTC_fee2c.dir/CMakeCXXCompilerABI.cpp.o -lstdc++ -lstdc++ -lm -lc -lgcc_s -lgcc -lc -lgcc_s -lgcc /home/huy/mnt/usb_ext4/arm-gnu-toolchain-12.2.rel1-x86_64-aarch64-none-linux-gnu/bin/../lib/gcc/aarch64-none-linux-gnu/12.2.1/crtend.o /home/huy/mnt/usb_ext4/usr/lib/aarch64-linux-gnu/crtn.o
COLLECT_GCC_OPTIONS='--sysroot=/home/huy/mnt/usb_ext4' '-I' '/home/huy/mnt/usb_ext4/usr/include/aarch64-linux-gnu' '-I' '/home/huy/mnt/usb_ext4/usr/include/aarch64-linux-gnu' '--sysroot=/home/huy/mnt/usb_ext4' '-B' '/home/huy/mnt/usb_ext4/usr/lib/aarch64-linux-gnu' '-L/home/huy/mnt/usb_ext4/usr/lib/aarch64-linux-gnu' '-L/home/huy/mnt/usb_ext4/lib/aarch64-linux-gnu' '-v' '-o' 'cmTC_fee2c' '-shared-libgcc' '-mlittle-endian' '-mabi=lp64' '-dumpdir' 'cmTC_fee2c.'
gmake[1]: Leaving directory '/home/huy/nav2_ws/Vaccum-Robot-LDS02RR/build/turtlebot3/CMakeFiles/CMakeTmp'



Parsed CXX implicit include dir info from above output: rv=done
  found start of include info
  found start of implicit include info
    add: [/home/huy/mnt/usb_ext4/usr/include/aarch64-linux-gnu]
    add: [/home/huy/mnt/usb_ext4/arm-gnu-toolchain-12.2.rel1-x86_64-aarch64-none-linux-gnu/bin/../lib/gcc/aarch64-none-linux-gnu/12.2.1/../../../../aarch64-none-linux-gnu/include/c++/12.2.1]
    add: [/home/huy/mnt/usb_ext4/arm-gnu-toolchain-12.2.rel1-x86_64-aarch64-none-linux-gnu/bin/../lib/gcc/aarch64-none-linux-gnu/12.2.1/../../../../aarch64-none-linux-gnu/include/c++/12.2.1/aarch64-none-linux-gnu]
    add: [/home/huy/mnt/usb_ext4/arm-gnu-toolchain-12.2.rel1-x86_64-aarch64-none-linux-gnu/bin/../lib/gcc/aarch64-none-linux-gnu/12.2.1/../../../../aarch64-none-linux-gnu/include/c++/12.2.1/backward]
    add: [/home/huy/mnt/usb_ext4/arm-gnu-toolchain-12.2.rel1-x86_64-aarch64-none-linux-gnu/bin/../lib/gcc/aarch64-none-linux-gnu/12.2.1/include]
    add: [/home/huy/mnt/usb_ext4/arm-gnu-toolchain-12.2.rel1-x86_64-aarch64-none-linux-gnu/bin/../lib/gcc/aarch64-none-linux-gnu/12.2.1/include-fixed]
    add: [/home/huy/mnt/usb_ext4/arm-gnu-toolchain-12.2.rel1-x86_64-aarch64-none-linux-gnu/bin/../lib/gcc/aarch64-none-linux-gnu/12.2.1/../../../../aarch64-none-linux-gnu/include]
    add: [/home/huy/mnt/usb_ext4/usr/local/include]
    add: [/home/huy/mnt/usb_ext4/usr/include]
  end of search list found
  collapse include dir [/home/huy/mnt/usb_ext4/usr/include/aarch64-linux-gnu] ==> [/home/huy/mnt/usb_ext4/usr/include/aarch64-linux-gnu]
  collapse include dir [/home/huy/mnt/usb_ext4/arm-gnu-toolchain-12.2.rel1-x86_64-aarch64-none-linux-gnu/bin/../lib/gcc/aarch64-none-linux-gnu/12.2.1/../../../../aarch64-none-linux-gnu/include/c++/12.2.1] ==> [/home/huy/mnt/usb_ext4/arm-gnu-toolchain-12.2.rel1-x86_64-aarch64-none-linux-gnu/aarch64-none-linux-gnu/include/c++/12.2.1]
  collapse include dir [/home/huy/mnt/usb_ext4/arm-gnu-toolchain-12.2.rel1-x86_64-aarch64-none-linux-gnu/bin/../lib/gcc/aarch64-none-linux-gnu/12.2.1/../../../../aarch64-none-linux-gnu/include/c++/12.2.1/aarch64-none-linux-gnu] ==> [/home/huy/mnt/usb_ext4/arm-gnu-toolchain-12.2.rel1-x86_64-aarch64-none-linux-gnu/aarch64-none-linux-gnu/include/c++/12.2.1/aarch64-none-linux-gnu]
  collapse include dir [/home/huy/mnt/usb_ext4/arm-gnu-toolchain-12.2.rel1-x86_64-aarch64-none-linux-gnu/bin/../lib/gcc/aarch64-none-linux-gnu/12.2.1/../../../../aarch64-none-linux-gnu/include/c++/12.2.1/backward] ==> [/home/huy/mnt/usb_ext4/arm-gnu-toolchain-12.2.rel1-x86_64-aarch64-none-linux-gnu/aarch64-none-linux-gnu/include/c++/12.2.1/backward]
  collapse include dir [/home/huy/mnt/usb_ext4/arm-gnu-toolchain-12.2.rel1-x86_64-aarch64-none-linux-gnu/bin/../lib/gcc/aarch64-none-linux-gnu/12.2.1/include] ==> [/home/huy/mnt/usb_ext4/arm-gnu-toolchain-12.2.rel1-x86_64-aarch64-none-linux-gnu/lib/gcc/aarch64-none-linux-gnu/12.2.1/include]
  collapse include dir [/home/huy/mnt/usb_ext4/arm-gnu-toolchain-12.2.rel1-x86_64-aarch64-none-linux-gnu/bin/../lib/gcc/aarch64-none-linux-gnu/12.2.1/include-fixed] ==> [/home/huy/mnt/usb_ext4/arm-gnu-toolchain-12.2.rel1-x86_64-aarch64-none-linux-gnu/lib/gcc/aarch64-none-linux-gnu/12.2.1/include-fixed]
  collapse include dir [/home/huy/mnt/usb_ext4/arm-gnu-toolchain-12.2.rel1-x86_64-aarch64-none-linux-gnu/bin/../lib/gcc/aarch64-none-linux-gnu/12.2.1/../../../../aarch64-none-linux-gnu/include] ==> [/home/huy/mnt/usb_ext4/arm-gnu-toolchain-12.2.rel1-x86_64-aarch64-none-linux-gnu/aarch64-none-linux-gnu/include]
  collapse include dir [/home/huy/mnt/usb_ext4/usr/local/include] ==> [/home/huy/mnt/usb_ext4/usr/local/include]
  collapse include dir [/home/huy/mnt/usb_ext4/usr/include] ==> [/home/huy/mnt/usb_ext4/usr/include]
  implicit include dirs: [/home/huy/mnt/usb_ext4/usr/include/aarch64-linux-gnu;/home/huy/mnt/usb_ext4/arm-gnu-toolchain-12.2.rel1-x86_64-aarch64-none-linux-gnu/aarch64-none-linux-gnu/include/c++/12.2.1;/home/huy/mnt/usb_ext4/arm-gnu-toolchain-12.2.rel1-x86_64-aarch64-none-linux-gnu/aarch64-none-linux-gnu/include/c++/12.2.1/aarch64-none-linux-gnu;/home/huy/mnt/usb_ext4/arm-gnu-toolchain-12.2.rel1-x86_64-aarch64-none-linux-gnu/aarch64-none-linux-gnu/include/c++/12.2.1/backward;/home/huy/mnt/usb_ext4/arm-gnu-toolchain-12.2.rel1-x86_64-aarch64-none-linux-gnu/lib/gcc/aarch64-none-linux-gnu/12.2.1/include;/home/huy/mnt/usb_ext4/arm-gnu-toolchain-12.2.rel1-x86_64-aarch64-none-linux-gnu/lib/gcc/aarch64-none-linux-gnu/12.2.1/include-fixed;/home/huy/mnt/usb_ext4/arm-gnu-toolchain-12.2.rel1-x86_64-aarch64-none-linux-gnu/aarch64-none-linux-gnu/include;/home/huy/mnt/usb_ext4/usr/local/include;/home/huy/mnt/usb_ext4/usr/include]


Parsed CXX implicit link information from above output:
  link line regex: [^( *|.*[/\])(aarch64-none-linux-gnu-ld|CMAKE_LINK_STARTFILE-NOTFOUND|([^/\]+-)?ld|collect2)[^/\]*( |$)]
  ignore line: [Change Dir: /home/huy/nav2_ws/Vaccum-Robot-LDS02RR/build/turtlebot3/CMakeFiles/CMakeTmp]
  ignore line: []
  ignore line: [Run Build Command(s):/usr/bin/gmake -f Makefile cmTC_fee2c/fast && /usr/bin/gmake  -f CMakeFiles/cmTC_fee2c.dir/build.make CMakeFiles/cmTC_fee2c.dir/build]
  ignore line: [gmake[1]: Entering directory '/home/huy/nav2_ws/Vaccum-Robot-LDS02RR/build/turtlebot3/CMakeFiles/CMakeTmp']
  ignore line: [Building CXX object CMakeFiles/cmTC_fee2c.dir/CMakeCXXCompilerABI.cpp.o]
  ignore line: [/home/huy/mnt/usb_ext4/arm-gnu-toolchain-12.2.rel1-x86_64-aarch64-none-linux-gnu/bin/aarch64-none-linux-gnu-g++ --sysroot=/home/huy/mnt/usb_ext4   -I/home/huy/mnt/usb_ext4/usr/include/aarch64-linux-gnu -I/home/huy/mnt/usb_ext4/usr/include/aarch64-linux-gnu    -v -o CMakeFiles/cmTC_fee2c.dir/CMakeCXXCompilerABI.cpp.o -c /usr/share/cmake-3.22/Modules/CMakeCXXCompilerABI.cpp]
  ignore line: [Using built-in specs.]
  ignore line: [COLLECT_GCC=/home/huy/mnt/usb_ext4/arm-gnu-toolchain-12.2.rel1-x86_64-aarch64-none-linux-gnu/bin/aarch64-none-linux-gnu-g++]
  ignore line: [Target: aarch64-none-linux-gnu]
  ignore line: [Configured with: /data/jenkins/workspace/GNU-toolchain/arm-12/src/gcc/configure --target=aarch64-none-linux-gnu --prefix= --with-sysroot=/aarch64-none-linux-gnu/libc --with-build-sysroot=/data/jenkins/workspace/GNU-toolchain/arm-12/build-aarch64-none-linux-gnu/install//aarch64-none-linux-gnu/libc --with-bugurl=https://bugs.linaro.org/ --enable-gnu-indirect-function --enable-shared --disable-libssp --disable-libmudflap --enable-checking=release --enable-languages=c c++ fortran --with-gmp=/data/jenkins/workspace/GNU-toolchain/arm-12/build-aarch64-none-linux-gnu/host-tools --with-mpfr=/data/jenkins/workspace/GNU-toolchain/arm-12/build-aarch64-none-linux-gnu/host-tools --with-mpc=/data/jenkins/workspace/GNU-toolchain/arm-12/build-aarch64-none-linux-gnu/host-tools --with-isl=/data/jenkins/workspace/GNU-toolchain/arm-12/build-aarch64-none-linux-gnu/host-tools --enable-fix-cortex-a53-843419 --with-pkgversion='Arm GNU Toolchain 12.2.Rel1 (Build arm-12.24)']
  ignore line: [Thread model: posix]
  ignore line: [Supported LTO compression algorithms: zlib]
  ignore line: [gcc version 12.2.1 20221205 (Arm GNU Toolchain 12.2.Rel1 (Build arm-12.24)) ]
  ignore line: [COLLECT_GCC_OPTIONS='--sysroot=/home/huy/mnt/usb_ext4' '-I' '/home/huy/mnt/usb_ext4/usr/include/aarch64-linux-gnu' '-I' '/home/huy/mnt/usb_ext4/usr/include/aarch64-linux-gnu' '-v' '-o' 'CMakeFiles/cmTC_fee2c.dir/CMakeCXXCompilerABI.cpp.o' '-c' '-shared-libgcc' '-mlittle-endian' '-mabi=lp64' '-dumpdir' 'CMakeFiles/cmTC_fee2c.dir/']
  ignore line: [ /home/huy/mnt/usb_ext4/arm-gnu-toolchain-12.2.rel1-x86_64-aarch64-none-linux-gnu/bin/../libexec/gcc/aarch64-none-linux-gnu/12.2.1/cc1plus -quiet -v -I /home/huy/mnt/usb_ext4/usr/include/aarch64-linux-gnu -I /home/huy/mnt/usb_ext4/usr/include/aarch64-linux-gnu -iprefix /home/huy/mnt/usb_ext4/arm-gnu-toolchain-12.2.rel1-x86_64-aarch64-none-linux-gnu/bin/../lib/gcc/aarch64-none-linux-gnu/12.2.1/ -isysroot /home/huy/mnt/usb_ext4 -D_GNU_SOURCE /usr/share/cmake-3.22/Modules/CMakeCXXCompilerABI.cpp -quiet -dumpdir CMakeFiles/cmTC_fee2c.dir/ -dumpbase CMakeCXXCompilerABI.cpp.cpp -dumpbase-ext .cpp -mlittle-endian -mabi=lp64 -version -o /tmp/cczT6KT0.s]
  ignore line: [GNU C++17 (Arm GNU Toolchain 12.2.Rel1 (Build arm-12.24)) version 12.2.1 20221205 (aarch64-none-linux-gnu)]
  ignore line: [	compiled by GNU C version 4.8.5 20150623 (Red Hat 4.8.5-44)  GMP version 6.2.1  MPFR version 3.1.6  MPC version 1.0.3  isl version isl-0.15-1-g835ea3a-GMP]
  ignore line: []
  ignore line: [GGC heuristics: --param ggc-min-expand=100 --param ggc-min-heapsize=131072]
  ignore line: [ignoring duplicate directory "/home/huy/mnt/usb_ext4/arm-gnu-toolchain-12.2.rel1-x86_64-aarch64-none-linux-gnu/bin/../lib/gcc/../../lib/gcc/aarch64-none-linux-gnu/12.2.1/../../../../aarch64-none-linux-gnu/include/c++/12.2.1"]
  ignore line: [ignoring duplicate directory "/home/huy/mnt/usb_ext4/arm-gnu-toolchain-12.2.rel1-x86_64-aarch64-none-linux-gnu/bin/../lib/gcc/../../lib/gcc/aarch64-none-linux-gnu/12.2.1/../../../../aarch64-none-linux-gnu/include/c++/12.2.1/aarch64-none-linux-gnu"]
  ignore line: [ignoring duplicate directory "/home/huy/mnt/usb_ext4/arm-gnu-toolchain-12.2.rel1-x86_64-aarch64-none-linux-gnu/bin/../lib/gcc/../../lib/gcc/aarch64-none-linux-gnu/12.2.1/../../../../aarch64-none-linux-gnu/include/c++/12.2.1/backward"]
  ignore line: [ignoring duplicate directory "/home/huy/mnt/usb_ext4/arm-gnu-toolchain-12.2.rel1-x86_64-aarch64-none-linux-gnu/bin/../lib/gcc/../../lib/gcc/aarch64-none-linux-gnu/12.2.1/include"]
  ignore line: [ignoring duplicate directory "/home/huy/mnt/usb_ext4/arm-gnu-toolchain-12.2.rel1-x86_64-aarch64-none-linux-gnu/bin/../lib/gcc/../../lib/gcc/aarch64-none-linux-gnu/12.2.1/include-fixed"]
  ignore line: [ignoring duplicate directory "/home/huy/mnt/usb_ext4/arm-gnu-toolchain-12.2.rel1-x86_64-aarch64-none-linux-gnu/bin/../lib/gcc/../../lib/gcc/aarch64-none-linux-gnu/12.2.1/../../../../aarch64-none-linux-gnu/include"]
  ignore line: [ignoring duplicate directory "/home/huy/mnt/usb_ext4/usr/include/aarch64-linux-gnu"]
  ignore line: [#include "..." search starts here:]
  ignore line: [#include <...> search starts here:]
  ignore line: [ /home/huy/mnt/usb_ext4/usr/include/aarch64-linux-gnu]
  ignore line: [ /home/huy/mnt/usb_ext4/arm-gnu-toolchain-12.2.rel1-x86_64-aarch64-none-linux-gnu/bin/../lib/gcc/aarch64-none-linux-gnu/12.2.1/../../../../aarch64-none-linux-gnu/include/c++/12.2.1]
  ignore line: [ /home/huy/mnt/usb_ext4/arm-gnu-toolchain-12.2.rel1-x86_64-aarch64-none-linux-gnu/bin/../lib/gcc/aarch64-none-linux-gnu/12.2.1/../../../../aarch64-none-linux-gnu/include/c++/12.2.1/aarch64-none-linux-gnu]
  ignore line: [ /home/huy/mnt/usb_ext4/arm-gnu-toolchain-12.2.rel1-x86_64-aarch64-none-linux-gnu/bin/../lib/gcc/aarch64-none-linux-gnu/12.2.1/../../../../aarch64-none-linux-gnu/include/c++/12.2.1/backward]
  ignore line: [ /home/huy/mnt/usb_ext4/arm-gnu-toolchain-12.2.rel1-x86_64-aarch64-none-linux-gnu/bin/../lib/gcc/aarch64-none-linux-gnu/12.2.1/include]
  ignore line: [ /home/huy/mnt/usb_ext4/arm-gnu-toolchain-12.2.rel1-x86_64-aarch64-none-linux-gnu/bin/../lib/gcc/aarch64-none-linux-gnu/12.2.1/include-fixed]
  ignore line: [ /home/huy/mnt/usb_ext4/arm-gnu-toolchain-12.2.rel1-x86_64-aarch64-none-linux-gnu/bin/../lib/gcc/aarch64-none-linux-gnu/12.2.1/../../../../aarch64-none-linux-gnu/include]
  ignore line: [ /home/huy/mnt/usb_ext4/usr/local/include]
  ignore line: [ /home/huy/mnt/usb_ext4/usr/include]
  ignore line: [End of search list.]
  ignore line: [GNU C++17 (Arm GNU Toolchain 12.2.Rel1 (Build arm-12.24)) version 12.2.1 20221205 (aarch64-none-linux-gnu)]
  ignore line: [	compiled by GNU C version 4.8.5 20150623 (Red Hat 4.8.5-44)  GMP version 6.2.1  MPFR version 3.1.6  MPC version 1.0.3  isl version isl-0.15-1-g835ea3a-GMP]
  ignore line: []
  ignore line: [GGC heuristics: --param ggc-min-expand=100 --param ggc-min-heapsize=131072]
  ignore line: [Compiler executable checksum: 1804f81945819bed8bd692c604ea3611]
  ignore line: [COLLECT_GCC_OPTIONS='--sysroot=/home/huy/mnt/usb_ext4' '-I' '/home/huy/mnt/usb_ext4/usr/include/aarch64-linux-gnu' '-I' '/home/huy/mnt/usb_ext4/usr/include/aarch64-linux-gnu' '-v' '-o' 'CMakeFiles/cmTC_fee2c.dir/CMakeCXXCompilerABI.cpp.o' '-c' '-shared-libgcc' '-mlittle-endian' '-mabi=lp64' '-dumpdir' 'CMakeFiles/cmTC_fee2c.dir/']
  ignore line: [ /home/huy/mnt/usb_ext4/arm-gnu-toolchain-12.2.rel1-x86_64-aarch64-none-linux-gnu/bin/../lib/gcc/aarch64-none-linux-gnu/12.2.1/../../../../aarch64-none-linux-gnu/bin/as -v -I /home/huy/mnt/usb_ext4/usr/include/aarch64-linux-gnu -I /home/huy/mnt/usb_ext4/usr/include/aarch64-linux-gnu -EL -mabi=lp64 -o CMakeFiles/cmTC_fee2c.dir/CMakeCXXCompilerABI.cpp.o /tmp/cczT6KT0.s]
  ignore line: [GNU assembler version 2.39.0 (aarch64-none-linux-gnu) using BFD version (Arm GNU Toolchain 12.2.Rel1 (Build arm-12.24)) 2.39.0.20221210]
  ignore line: [COMPILER_PATH=/home/huy/mnt/usb_ext4/arm-gnu-toolchain-12.2.rel1-x86_64-aarch64-none-linux-gnu/bin/../libexec/gcc/aarch64-none-linux-gnu/12.2.1/:/home/huy/mnt/usb_ext4/arm-gnu-toolchain-12.2.rel1-x86_64-aarch64-none-linux-gnu/bin/../libexec/gcc/:/home/huy/mnt/usb_ext4/arm-gnu-toolchain-12.2.rel1-x86_64-aarch64-none-linux-gnu/bin/../lib/gcc/aarch64-none-linux-gnu/12.2.1/../../../../aarch64-none-linux-gnu/bin/]
  ignore line: [LIBRARY_PATH=/home/huy/mnt/usb_ext4/arm-gnu-toolchain-12.2.rel1-x86_64-aarch64-none-linux-gnu/bin/../lib/gcc/aarch64-none-linux-gnu/12.2.1/:/home/huy/mnt/usb_ext4/arm-gnu-toolchain-12.2.rel1-x86_64-aarch64-none-linux-gnu/bin/../lib/gcc/:/home/huy/mnt/usb_ext4/arm-gnu-toolchain-12.2.rel1-x86_64-aarch64-none-linux-gnu/bin/../lib/gcc/aarch64-none-linux-gnu/12.2.1/../../../../aarch64-none-linux-gnu/lib/../lib64/:/home/huy/mnt/usb_ext4/arm-gnu-toolchain-12.2.rel1-x86_64-aarch64-none-linux-gnu/bin/../lib/gcc/aarch64-none-linux-gnu/12.2.1/../../../../aarch64-none-linux-gnu/lib/:/home/huy/mnt/usb_ext4/lib/:/home/huy/mnt/usb_ext4/usr/lib/]
  ignore line: [COLLECT_GCC_OPTIONS='--sysroot=/home/huy/mnt/usb_ext4' '-I' '/home/huy/mnt/usb_ext4/usr/include/aarch64-linux-gnu' '-I' '/home/huy/mnt/usb_ext4/usr/include/aarch64-linux-gnu' '-v' '-o' 'CMakeFiles/cmTC_fee2c.dir/CMakeCXXCompilerABI.cpp.o' '-c' '-shared-libgcc' '-mlittle-endian' '-mabi=lp64' '-dumpdir' 'CMakeFiles/cmTC_fee2c.dir/CMakeCXXCompilerABI.cpp.']
  ignore line: [Linking CXX executable cmTC_fee2c]
  ignore line: [/usr/bin/cmake -E cmake_link_script CMakeFiles/cmTC_fee2c.dir/link.txt --verbose=1]
  ignore line: [/home/huy/mnt/usb_ext4/arm-gnu-toolchain-12.2.rel1-x86_64-aarch64-none-linux-gnu/bin/aarch64-none-linux-gnu-g++ --sysroot=/home/huy/mnt/usb_ext4  -I/home/huy/mnt/usb_ext4/usr/include/aarch64-linux-gnu -I/home/huy/mnt/usb_ext4/usr/include/aarch64-linux-gnu  --sysroot=/home/huy/mnt/usb_ext4     -B/home/huy/mnt/usb_ext4/usr/lib/aarch64-linux-gnu     -L/home/huy/mnt/usb_ext4/usr/lib/aarch64-linux-gnu     -L/home/huy/mnt/usb_ext4/lib/aarch64-linux-gnu     -Wl -rpath /home/huy/mnt/usb_ext4/usr/lib/aarch64-linux-gnu     -Wl -rpath /home/huy/mnt/usb_ext4/lib/aarch64-linux-gnu     -Wl -rpath-link /home/huy/mnt/usb_ext4/usr/lib/aarch64-linux-gnu     -Wl -rpath-link /home/huy/mnt/usb_ext4/lib/aarch64-linux-gnu -v CMakeFiles/cmTC_fee2c.dir/CMakeCXXCompilerABI.cpp.o -o cmTC_fee2c  -lstdc++ -lm -lc ]
  ignore line: [Using built-in specs.]
  ignore line: [COLLECT_GCC=/home/huy/mnt/usb_ext4/arm-gnu-toolchain-12.2.rel1-x86_64-aarch64-none-linux-gnu/bin/aarch64-none-linux-gnu-g++]
  ignore line: [COLLECT_LTO_WRAPPER=/home/huy/mnt/usb_ext4/arm-gnu-toolchain-12.2.rel1-x86_64-aarch64-none-linux-gnu/bin/../libexec/gcc/aarch64-none-linux-gnu/12.2.1/lto-wrapper]
  ignore line: [Target: aarch64-none-linux-gnu]
  ignore line: [Configured with: /data/jenkins/workspace/GNU-toolchain/arm-12/src/gcc/configure --target=aarch64-none-linux-gnu --prefix= --with-sysroot=/aarch64-none-linux-gnu/libc --with-build-sysroot=/data/jenkins/workspace/GNU-toolchain/arm-12/build-aarch64-none-linux-gnu/install//aarch64-none-linux-gnu/libc --with-bugurl=https://bugs.linaro.org/ --enable-gnu-indirect-function --enable-shared --disable-libssp --disable-libmudflap --enable-checking=release --enable-languages=c c++ fortran --with-gmp=/data/jenkins/workspace/GNU-toolchain/arm-12/build-aarch64-none-linux-gnu/host-tools --with-mpfr=/data/jenkins/workspace/GNU-toolchain/arm-12/build-aarch64-none-linux-gnu/host-tools --with-mpc=/data/jenkins/workspace/GNU-toolchain/arm-12/build-aarch64-none-linux-gnu/host-tools --with-isl=/data/jenkins/workspace/GNU-toolchain/arm-12/build-aarch64-none-linux-gnu/host-tools --enable-fix-cortex-a53-843419 --with-pkgversion='Arm GNU Toolchain 12.2.Rel1 (Build arm-12.24)']
  ignore line: [Thread model: posix]
  ignore line: [Supported LTO compression algorithms: zlib]
  ignore line: [gcc version 12.2.1 20221205 (Arm GNU Toolchain 12.2.Rel1 (Build arm-12.24)) ]
  ignore line: [COMPILER_PATH=/home/huy/mnt/usb_ext4/usr/lib/aarch64-linux-gnu/:/home/huy/mnt/usb_ext4/arm-gnu-toolchain-12.2.rel1-x86_64-aarch64-none-linux-gnu/bin/../libexec/gcc/aarch64-none-linux-gnu/12.2.1/:/home/huy/mnt/usb_ext4/arm-gnu-toolchain-12.2.rel1-x86_64-aarch64-none-linux-gnu/bin/../libexec/gcc/:/home/huy/mnt/usb_ext4/arm-gnu-toolchain-12.2.rel1-x86_64-aarch64-none-linux-gnu/bin/../lib/gcc/aarch64-none-linux-gnu/12.2.1/../../../../aarch64-none-linux-gnu/bin/]
  ignore line: [LIBRARY_PATH=/home/huy/mnt/usb_ext4/usr/lib/aarch64-linux-gnu/:/home/huy/mnt/usb_ext4/arm-gnu-toolchain-12.2.rel1-x86_64-aarch64-none-linux-gnu/bin/../lib/gcc/aarch64-none-linux-gnu/12.2.1/:/home/huy/mnt/usb_ext4/arm-gnu-toolchain-12.2.rel1-x86_64-aarch64-none-linux-gnu/bin/../lib/gcc/:/home/huy/mnt/usb_ext4/arm-gnu-toolchain-12.2.rel1-x86_64-aarch64-none-linux-gnu/bin/../lib/gcc/aarch64-none-linux-gnu/12.2.1/../../../../aarch64-none-linux-gnu/lib/../lib64/:/home/huy/mnt/usb_ext4/arm-gnu-toolchain-12.2.rel1-x86_64-aarch64-none-linux-gnu/bin/../lib/gcc/aarch64-none-linux-gnu/12.2.1/../../../../aarch64-none-linux-gnu/lib/:/home/huy/mnt/usb_ext4/lib/:/home/huy/mnt/usb_ext4/usr/lib/]
  ignore line: [COLLECT_GCC_OPTIONS='--sysroot=/home/huy/mnt/usb_ext4' '-I' '/home/huy/mnt/usb_ext4/usr/include/aarch64-linux-gnu' '-I' '/home/huy/mnt/usb_ext4/usr/include/aarch64-linux-gnu' '--sysroot=/home/huy/mnt/usb_ext4' '-B' '/home/huy/mnt/usb_ext4/usr/lib/aarch64-linux-gnu' '-L/home/huy/mnt/usb_ext4/usr/lib/aarch64-linux-gnu' '-L/home/huy/mnt/usb_ext4/lib/aarch64-linux-gnu' '-v' '-o' 'cmTC_fee2c' '-shared-libgcc' '-mlittle-endian' '-mabi=lp64' '-dumpdir' 'cmTC_fee2c.']
  link line: [ /home/huy/mnt/usb_ext4/arm-gnu-toolchain-12.2.rel1-x86_64-aarch64-none-linux-gnu/bin/../libexec/gcc/aarch64-none-linux-gnu/12.2.1/collect2 -plugin /home/huy/mnt/usb_ext4/arm-gnu-toolchain-12.2.rel1-x86_64-aarch64-none-linux-gnu/bin/../libexec/gcc/aarch64-none-linux-gnu/12.2.1/liblto_plugin.so -plugin-opt=/home/huy/mnt/usb_ext4/arm-gnu-toolchain-12.2.rel1-x86_64-aarch64-none-linux-gnu/bin/../libexec/gcc/aarch64-none-linux-gnu/12.2.1/lto-wrapper -plugin-opt=-fresolution=/tmp/ccb4ARsR.res -plugin-opt=-pass-through=-lgcc_s -plugin-opt=-pass-through=-lgcc -plugin-opt=-pass-through=-lc -plugin-opt=-pass-through=-lgcc_s -plugin-opt=-pass-through=-lgcc --sysroot=/home/huy/mnt/usb_ext4 --eh-frame-hdr -dynamic-linker /lib/ld-linux-aarch64.so.1 -X -EL -maarch64linux --fix-cortex-a53-843419 -o cmTC_fee2c /home/huy/mnt/usb_ext4/usr/lib/aarch64-linux-gnu/crt1.o /home/huy/mnt/usb_ext4/usr/lib/aarch64-linux-gnu/crti.o /home/huy/mnt/usb_ext4/arm-gnu-toolchain-12.2.rel1-x86_64-aarch64-none-linux-gnu/bin/../lib/gcc/aarch64-none-linux-gnu/12.2.1/crtbegin.o -L/home/huy/mnt/usb_ext4/usr/lib/aarch64-linux-gnu -L/home/huy/mnt/usb_ext4/lib/aarch64-linux-gnu -L/home/huy/mnt/usb_ext4/usr/lib/aarch64-linux-gnu -L/home/huy/mnt/usb_ext4/arm-gnu-toolchain-12.2.rel1-x86_64-aarch64-none-linux-gnu/bin/../lib/gcc/aarch64-none-linux-gnu/12.2.1 -L/home/huy/mnt/usb_ext4/arm-gnu-toolchain-12.2.rel1-x86_64-aarch64-none-linux-gnu/bin/../lib/gcc -L/home/huy/mnt/usb_ext4/arm-gnu-toolchain-12.2.rel1-x86_64-aarch64-none-linux-gnu/bin/../lib/gcc/aarch64-none-linux-gnu/12.2.1/../../../../aarch64-none-linux-gnu/lib/../lib64 -L/home/huy/mnt/usb_ext4/arm-gnu-toolchain-12.2.rel1-x86_64-aarch64-none-linux-gnu/bin/../lib/gcc/aarch64-none-linux-gnu/12.2.1/../../../../aarch64-none-linux-gnu/lib -L/home/huy/mnt/usb_ext4/lib -L/home/huy/mnt/usb_ext4/usr/lib -rpath /home/huy/mnt/usb_ext4/usr/lib/aarch64-linux-gnu -rpath /home/huy/mnt/usb_ext4/lib/aarch64-linux-gnu -rpath-link /home/huy/mnt/usb_ext4/usr/lib/aarch64-linux-gnu -rpath-link /home/huy/mnt/usb_ext4/lib/aarch64-linux-gnu CMakeFiles/cmTC_fee2c.dir/CMakeCXXCompilerABI.cpp.o -lstdc++ -lstdc++ -lm -lc -lgcc_s -lgcc -lc -lgcc_s -lgcc /home/huy/mnt/usb_ext4/arm-gnu-toolchain-12.2.rel1-x86_64-aarch64-none-linux-gnu/bin/../lib/gcc/aarch64-none-linux-gnu/12.2.1/crtend.o /home/huy/mnt/usb_ext4/usr/lib/aarch64-linux-gnu/crtn.o]
    arg [/home/huy/mnt/usb_ext4/arm-gnu-toolchain-12.2.rel1-x86_64-aarch64-none-linux-gnu/bin/../libexec/gcc/aarch64-none-linux-gnu/12.2.1/collect2] ==> ignore
    arg [-plugin] ==> ignore
    arg [/home/huy/mnt/usb_ext4/arm-gnu-toolchain-12.2.rel1-x86_64-aarch64-none-linux-gnu/bin/../libexec/gcc/aarch64-none-linux-gnu/12.2.1/liblto_plugin.so] ==> ignore
    arg [-plugin-opt=/home/huy/mnt/usb_ext4/arm-gnu-toolchain-12.2.rel1-x86_64-aarch64-none-linux-gnu/bin/../libexec/gcc/aarch64-none-linux-gnu/12.2.1/lto-wrapper] ==> ignore
    arg [-plugin-opt=-fresolution=/tmp/ccb4ARsR.res] ==> ignore
    arg [-plugin-opt=-pass-through=-lgcc_s] ==> ignore
    arg [-plugin-opt=-pass-through=-lgcc] ==> ignore
    arg [-plugin-opt=-pass-through=-lc] ==> ignore
    arg [-plugin-opt=-pass-through=-lgcc_s] ==> ignore
    arg [-plugin-opt=-pass-through=-lgcc] ==> ignore
    arg [--sysroot=/home/huy/mnt/usb_ext4] ==> ignore
    arg [--eh-frame-hdr] ==> ignore
    arg [-dynamic-linker] ==> ignore
    arg [/lib/ld-linux-aarch64.so.1] ==> ignore
    arg [-X] ==> ignore
    arg [-EL] ==> ignore
    arg [-maarch64linux] ==> ignore
    arg [--fix-cortex-a53-843419] ==> ignore
    arg [-o] ==> ignore
    arg [cmTC_fee2c] ==> ignore
    arg [/home/huy/mnt/usb_ext4/usr/lib/aarch64-linux-gnu/crt1.o] ==> obj [/home/huy/mnt/usb_ext4/usr/lib/aarch64-linux-gnu/crt1.o]
    arg [/home/huy/mnt/usb_ext4/usr/lib/aarch64-linux-gnu/crti.o] ==> obj [/home/huy/mnt/usb_ext4/usr/lib/aarch64-linux-gnu/crti.o]
    arg [/home/huy/mnt/usb_ext4/arm-gnu-toolchain-12.2.rel1-x86_64-aarch64-none-linux-gnu/bin/../lib/gcc/aarch64-none-linux-gnu/12.2.1/crtbegin.o] ==> obj [/home/huy/mnt/usb_ext4/arm-gnu-toolchain-12.2.rel1-x86_64-aarch64-none-linux-gnu/bin/../lib/gcc/aarch64-none-linux-gnu/12.2.1/crtbegin.o]
    arg [-L/home/huy/mnt/usb_ext4/usr/lib/aarch64-linux-gnu] ==> dir [/home/huy/mnt/usb_ext4/usr/lib/aarch64-linux-gnu]
    arg [-L/home/huy/mnt/usb_ext4/lib/aarch64-linux-gnu] ==> dir [/home/huy/mnt/usb_ext4/lib/aarch64-linux-gnu]
    arg [-L/home/huy/mnt/usb_ext4/usr/lib/aarch64-linux-gnu] ==> dir [/home/huy/mnt/usb_ext4/usr/lib/aarch64-linux-gnu]
    arg [-L/home/huy/mnt/usb_ext4/arm-gnu-toolchain-12.2.rel1-x86_64-aarch64-none-linux-gnu/bin/../lib/gcc/aarch64-none-linux-gnu/12.2.1] ==> dir [/home/huy/mnt/usb_ext4/arm-gnu-toolchain-12.2.rel1-x86_64-aarch64-none-linux-gnu/bin/../lib/gcc/aarch64-none-linux-gnu/12.2.1]
    arg [-L/home/huy/mnt/usb_ext4/arm-gnu-toolchain-12.2.rel1-x86_64-aarch64-none-linux-gnu/bin/../lib/gcc] ==> dir [/home/huy/mnt/usb_ext4/arm-gnu-toolchain-12.2.rel1-x86_64-aarch64-none-linux-gnu/bin/../lib/gcc]
    arg [-L/home/huy/mnt/usb_ext4/arm-gnu-toolchain-12.2.rel1-x86_64-aarch64-none-linux-gnu/bin/../lib/gcc/aarch64-none-linux-gnu/12.2.1/../../../../aarch64-none-linux-gnu/lib/../lib64] ==> dir [/home/huy/mnt/usb_ext4/arm-gnu-toolchain-12.2.rel1-x86_64-aarch64-none-linux-gnu/bin/../lib/gcc/aarch64-none-linux-gnu/12.2.1/../../../../aarch64-none-linux-gnu/lib/../lib64]
    arg [-L/home/huy/mnt/usb_ext4/arm-gnu-toolchain-12.2.rel1-x86_64-aarch64-none-linux-gnu/bin/../lib/gcc/aarch64-none-linux-gnu/12.2.1/../../../../aarch64-none-linux-gnu/lib] ==> dir [/home/huy/mnt/usb_ext4/arm-gnu-toolchain-12.2.rel1-x86_64-aarch64-none-linux-gnu/bin/../lib/gcc/aarch64-none-linux-gnu/12.2.1/../../../../aarch64-none-linux-gnu/lib]
    arg [-L/home/huy/mnt/usb_ext4/lib] ==> dir [/home/huy/mnt/usb_ext4/lib]
    arg [-L/home/huy/mnt/usb_ext4/usr/lib] ==> dir [/home/huy/mnt/usb_ext4/usr/lib]
    arg [-rpath] ==> ignore
    arg [/home/huy/mnt/usb_ext4/usr/lib/aarch64-linux-gnu] ==> ignore
    arg [-rpath] ==> ignore
    arg [/home/huy/mnt/usb_ext4/lib/aarch64-linux-gnu] ==> ignore
    arg [-rpath-link] ==> ignore
    arg [/home/huy/mnt/usb_ext4/usr/lib/aarch64-linux-gnu] ==> ignore
    arg [-rpath-link] ==> ignore
    arg [/home/huy/mnt/usb_ext4/lib/aarch64-linux-gnu] ==> ignore
    arg [CMakeFiles/cmTC_fee2c.dir/CMakeCXXCompilerABI.cpp.o] ==> ignore
    arg [-lstdc++] ==> lib [stdc++]
    arg [-lstdc++] ==> lib [stdc++]
    arg [-lm] ==> lib [m]
    arg [-lc] ==> lib [c]
    arg [-lgcc_s] ==> lib [gcc_s]
    arg [-lgcc] ==> lib [gcc]
    arg [-lc] ==> lib [c]
    arg [-lgcc_s] ==> lib [gcc_s]
    arg [-lgcc] ==> lib [gcc]
    arg [/home/huy/mnt/usb_ext4/arm-gnu-toolchain-12.2.rel1-x86_64-aarch64-none-linux-gnu/bin/../lib/gcc/aarch64-none-linux-gnu/12.2.1/crtend.o] ==> obj [/home/huy/mnt/usb_ext4/arm-gnu-toolchain-12.2.rel1-x86_64-aarch64-none-linux-gnu/bin/../lib/gcc/aarch64-none-linux-gnu/12.2.1/crtend.o]
    arg [/home/huy/mnt/usb_ext4/usr/lib/aarch64-linux-gnu/crtn.o] ==> obj [/home/huy/mnt/usb_ext4/usr/lib/aarch64-linux-gnu/crtn.o]
  collapse obj [/home/huy/mnt/usb_ext4/arm-gnu-toolchain-12.2.rel1-x86_64-aarch64-none-linux-gnu/bin/../lib/gcc/aarch64-none-linux-gnu/12.2.1/crtbegin.o] ==> [/home/huy/mnt/usb_ext4/arm-gnu-toolchain-12.2.rel1-x86_64-aarch64-none-linux-gnu/lib/gcc/aarch64-none-linux-gnu/12.2.1/crtbegin.o]
  collapse obj [/home/huy/mnt/usb_ext4/arm-gnu-toolchain-12.2.rel1-x86_64-aarch64-none-linux-gnu/bin/../lib/gcc/aarch64-none-linux-gnu/12.2.1/crtend.o] ==> [/home/huy/mnt/usb_ext4/arm-gnu-toolchain-12.2.rel1-x86_64-aarch64-none-linux-gnu/lib/gcc/aarch64-none-linux-gnu/12.2.1/crtend.o]
  collapse library dir [/home/huy/mnt/usb_ext4/usr/lib/aarch64-linux-gnu] ==> [/home/huy/mnt/usb_ext4/usr/lib/aarch64-linux-gnu]
  collapse library dir [/home/huy/mnt/usb_ext4/lib/aarch64-linux-gnu] ==> [/home/huy/mnt/usb_ext4/lib/aarch64-linux-gnu]
  collapse library dir [/home/huy/mnt/usb_ext4/usr/lib/aarch64-linux-gnu] ==> [/home/huy/mnt/usb_ext4/usr/lib/aarch64-linux-gnu]
  collapse library dir [/home/huy/mnt/usb_ext4/arm-gnu-toolchain-12.2.rel1-x86_64-aarch64-none-linux-gnu/bin/../lib/gcc/aarch64-none-linux-gnu/12.2.1] ==> [/home/huy/mnt/usb_ext4/arm-gnu-toolchain-12.2.rel1-x86_64-aarch64-none-linux-gnu/lib/gcc/aarch64-none-linux-gnu/12.2.1]
  collapse library dir [/home/huy/mnt/usb_ext4/arm-gnu-toolchain-12.2.rel1-x86_64-aarch64-none-linux-gnu/bin/../lib/gcc] ==> [/home/huy/mnt/usb_ext4/arm-gnu-toolchain-12.2.rel1-x86_64-aarch64-none-linux-gnu/lib/gcc]
  collapse library dir [/home/huy/mnt/usb_ext4/arm-gnu-toolchain-12.2.rel1-x86_64-aarch64-none-linux-gnu/bin/../lib/gcc/aarch64-none-linux-gnu/12.2.1/../../../../aarch64-none-linux-gnu/lib/../lib64] ==> [/home/huy/mnt/usb_ext4/arm-gnu-toolchain-12.2.rel1-x86_64-aarch64-none-linux-gnu/aarch64-none-linux-gnu/lib64]
  collapse library dir [/home/huy/mnt/usb_ext4/arm-gnu-toolchain-12.2.rel1-x86_64-aarch64-none-linux-gnu/bin/../lib/gcc/aarch64-none-linux-gnu/12.2.1/../../../../aarch64-none-linux-gnu/lib] ==> [/home/huy/mnt/usb_ext4/arm-gnu-toolchain-12.2.rel1-x86_64-aarch64-none-linux-gnu/aarch64-none-linux-gnu/lib]
  collapse library dir [/home/huy/mnt/usb_ext4/lib] ==> [/home/huy/mnt/usb_ext4/lib]
  collapse library dir [/home/huy/mnt/usb_ext4/usr/lib] ==> [/home/huy/mnt/usb_ext4/usr/lib]
  implicit libs: [stdc++;stdc++;m;c;gcc_s;gcc;c;gcc_s;gcc]
  implicit objs: [/home/huy/mnt/usb_ext4/usr/lib/aarch64-linux-gnu/crt1.o;/home/huy/mnt/usb_ext4/usr/lib/aarch64-linux-gnu/crti.o;/home/huy/mnt/usb_ext4/arm-gnu-toolchain-12.2.rel1-x86_64-aarch64-none-linux-gnu/lib/gcc/aarch64-none-linux-gnu/12.2.1/crtbegin.o;/home/huy/mnt/usb_ext4/arm-gnu-toolchain-12.2.rel1-x86_64-aarch64-none-linux-gnu/lib/gcc/aarch64-none-linux-gnu/12.2.1/crtend.o;/home/huy/mnt/usb_ext4/usr/lib/aarch64-linux-gnu/crtn.o]
  implicit dirs: [/home/huy/mnt/usb_ext4/usr/lib/aarch64-linux-gnu;/home/huy/mnt/usb_ext4/lib/aarch64-linux-gnu;/home/huy/mnt/usb_ext4/arm-gnu-toolchain-12.2.rel1-x86_64-aarch64-none-linux-gnu/lib/gcc/aarch64-none-linux-gnu/12.2.1;/home/huy/mnt/usb_ext4/arm-gnu-toolchain-12.2.rel1-x86_64-aarch64-none-linux-gnu/lib/gcc;/home/huy/mnt/usb_ext4/arm-gnu-toolchain-12.2.rel1-x86_64-aarch64-none-linux-gnu/aarch64-none-linux-gnu/lib64;/home/huy/mnt/usb_ext4/arm-gnu-toolchain-12.2.rel1-x86_64-aarch64-none-linux-gnu/aarch64-none-linux-gnu/lib;/home/huy/mnt/usb_ext4/lib;/home/huy/mnt/usb_ext4/usr/lib]
  implicit fwks: []


The target system is: Linux -  - aarch64
The host system is: Linux - 6.8.0-65-generic - x86_64
Compiling the C compiler identification source file "CMakeCCompilerId.c" succeeded.
Compiler: /home/huy/mnt/usb_ext4/arm-gnu-toolchain-12.2.rel1-x86_64-aarch64-none-linux-gnu/bin/aarch64-none-linux-gnu-gcc 
Build flags: ;-I/home/huy/mnt/usb_ext4/usr/include/aarch64-linux-gnu;-I/home/huy/mnt/usb_ext4/usr/include/aarch64-linux-gnu
Id flags:  

The output was:
0


Compilation of the C compiler identification source "CMakeCCompilerId.c" produced "a.out"

The C compiler identification is GNU, found in "/home/huy/nav2_ws/Vaccum-Robot-LDS02RR/build/turtlebot3/CMakeFiles/3.22.1/CompilerIdC/a.out"

Compiling the CXX compiler identification source file "CMakeCXXCompilerId.cpp" succeeded.
Compiler: /home/huy/mnt/usb_ext4/arm-gnu-toolchain-12.2.rel1-x86_64-aarch64-none-linux-gnu/bin/aarch64-none-linux-gnu-g++ 
Build flags: ;-I/home/huy/mnt/usb_ext4/usr/include/aarch64-linux-gnu;-I/home/huy/mnt/usb_ext4/usr/include/aarch64-linux-gnu
Id flags:  

The output was:
0


Compilation of the CXX compiler identification source "CMakeCXXCompilerId.cpp" produced "a.out"

The CXX compiler identification is GNU, found in "/home/huy/nav2_ws/Vaccum-Robot-LDS02RR/build/turtlebot3/CMakeFiles/3.22.1/CompilerIdCXX/a.out"

Detecting C compiler ABI info compiled with the following output:
Change Dir: /home/huy/nav2_ws/Vaccum-Robot-LDS02RR/build/turtlebot3/CMakeFiles/CMakeTmp

Run Build Command(s):/usr/bin/gmake -f Makefile cmTC_8bf87/fast && /usr/bin/gmake  -f CMakeFiles/cmTC_8bf87.dir/build.make CMakeFiles/cmTC_8bf87.dir/build
gmake[1]: Entering directory '/home/huy/nav2_ws/Vaccum-Robot-LDS02RR/build/turtlebot3/CMakeFiles/CMakeTmp'
Building C object CMakeFiles/cmTC_8bf87.dir/CMakeCCompilerABI.c.o
/home/huy/mnt/usb_ext4/arm-gnu-toolchain-12.2.rel1-x86_64-aarch64-none-linux-gnu/bin/aarch64-none-linux-gnu-gcc --sysroot=/home/huy/mnt/usb_ext4   -I/home/huy/mnt/usb_ext4/usr/include/aarch64-linux-gnu -I/home/huy/mnt/usb_ext4/usr/include/aarch64-linux-gnu    -v -o CMakeFiles/cmTC_8bf87.dir/CMakeCCompilerABI.c.o -c /usr/share/cmake-3.22/Modules/CMakeCCompilerABI.c
Using built-in specs.
COLLECT_GCC=/home/huy/mnt/usb_ext4/arm-gnu-toolchain-12.2.rel1-x86_64-aarch64-none-linux-gnu/bin/aarch64-none-linux-gnu-gcc
Target: aarch64-none-linux-gnu
Configured with: /data/jenkins/workspace/GNU-toolchain/arm-12/src/gcc/configure --target=aarch64-none-linux-gnu --prefix= --with-sysroot=/aarch64-none-linux-gnu/libc --with-build-sysroot=/data/jenkins/workspace/GNU-toolchain/arm-12/build-aarch64-none-linux-gnu/install//aarch64-none-linux-gnu/libc --with-bugurl=https://bugs.linaro.org/ --enable-gnu-indirect-function --enable-shared --disable-libssp --disable-libmudflap --enable-checking=release --enable-languages=c,c++,fortran --with-gmp=/data/jenkins/workspace/GNU-toolchain/arm-12/build-aarch64-none-linux-gnu/host-tools --with-mpfr=/data/jenkins/workspace/GNU-toolchain/arm-12/build-aarch64-none-linux-gnu/host-tools --with-mpc=/data/jenkins/workspace/GNU-toolchain/arm-12/build-aarch64-none-linux-gnu/host-tools --with-isl=/data/jenkins/workspace/GNU-toolchain/arm-12/build-aarch64-none-linux-gnu/host-tools --enable-fix-cortex-a53-843419 --with-pkgversion='Arm GNU Toolchain 12.2.Rel1 (Build arm-12.24)'
Thread model: posix
Supported LTO compression algorithms: zlib
gcc version 12.2.1 20221205 (Arm GNU Toolchain 12.2.Rel1 (Build arm-12.24)) 
COLLECT_GCC_OPTIONS='--sysroot=/home/huy/mnt/usb_ext4' '-I' '/home/huy/mnt/usb_ext4/usr/include/aarch64-linux-gnu' '-I' '/home/huy/mnt/usb_ext4/usr/include/aarch64-linux-gnu' '-v' '-o' 'CMakeFiles/cmTC_8bf87.dir/CMakeCCompilerABI.c.o' '-c' '-mlittle-endian' '-mabi=lp64' '-dumpdir' 'CMakeFiles/cmTC_8bf87.dir/'
 /home/huy/mnt/usb_ext4/arm-gnu-toolchain-12.2.rel1-x86_64-aarch64-none-linux-gnu/bin/../libexec/gcc/aarch64-none-linux-gnu/12.2.1/cc1 -quiet -v -I /home/huy/mnt/usb_ext4/usr/include/aarch64-linux-gnu -I /home/huy/mnt/usb_ext4/usr/include/aarch64-linux-gnu -iprefix /home/huy/mnt/usb_ext4/arm-gnu-toolchain-12.2.rel1-x86_64-aarch64-none-linux-gnu/bin/../lib/gcc/aarch64-none-linux-gnu/12.2.1/ -isysroot /home/huy/mnt/usb_ext4 /usr/share/cmake-3.22/Modules/CMakeCCompilerABI.c -quiet -dumpdir CMakeFiles/cmTC_8bf87.dir/ -dumpbase CMakeCCompilerABI.c.c -dumpbase-ext .c -mlittle-endian -mabi=lp64 -version -o /tmp/ccRTH4hg.s
GNU C17 (Arm GNU Toolchain 12.2.Rel1 (Build arm-12.24)) version 12.2.1 20221205 (aarch64-none-linux-gnu)
	compiled by GNU C version 4.8.5 20150623 (Red Hat 4.8.5-44), GMP version 6.2.1, MPFR version 3.1.6, MPC version 1.0.3, isl version isl-0.15-1-g835ea3a-GMP

GGC heuristics: --param ggc-min-expand=100 --param ggc-min-heapsize=131072
ignoring duplicate directory "/home/huy/mnt/usb_ext4/arm-gnu-toolchain-12.2.rel1-x86_64-aarch64-none-linux-gnu/bin/../lib/gcc/../../lib/gcc/aarch64-none-linux-gnu/12.2.1/include"
ignoring duplicate directory "/home/huy/mnt/usb_ext4/arm-gnu-toolchain-12.2.rel1-x86_64-aarch64-none-linux-gnu/bin/../lib/gcc/../../lib/gcc/aarch64-none-linux-gnu/12.2.1/include-fixed"
ignoring duplicate directory "/home/huy/mnt/usb_ext4/arm-gnu-toolchain-12.2.rel1-x86_64-aarch64-none-linux-gnu/bin/../lib/gcc/../../lib/gcc/aarch64-none-linux-gnu/12.2.1/../../../../aarch64-none-linux-gnu/include"
ignoring duplicate directory "/home/huy/mnt/usb_ext4/usr/include/aarch64-linux-gnu"
#include "..." search starts here:
#include <...> search starts here:
 /home/huy/mnt/usb_ext4/usr/include/aarch64-linux-gnu
 /home/huy/mnt/usb_ext4/arm-gnu-toolchain-12.2.rel1-x86_64-aarch64-none-linux-gnu/bin/../lib/gcc/aarch64-none-linux-gnu/12.2.1/include
 /home/huy/mnt/usb_ext4/arm-gnu-toolchain-12.2.rel1-x86_64-aarch64-none-linux-gnu/bin/../lib/gcc/aarch64-none-linux-gnu/12.2.1/include-fixed
 /home/huy/mnt/usb_ext4/arm-gnu-toolchain-12.2.rel1-x86_64-aarch64-none-linux-gnu/bin/../lib/gcc/aarch64-none-linux-gnu/12.2.1/../../../../aarch64-none-linux-gnu/include
 /home/huy/mnt/usb_ext4/usr/local/include
 /home/huy/mnt/usb_ext4/usr/include
End of search list.
GNU C17 (Arm GNU Toolchain 12.2.Rel1 (Build arm-12.24)) version 12.2.1 20221205 (aarch64-none-linux-gnu)
	compiled by GNU C version 4.8.5 20150623 (Red Hat 4.8.5-44), GMP version 6.2.1, MPFR version 3.1.6, MPC version 1.0.3, isl version isl-0.15-1-g835ea3a-GMP

GGC heuristics: --param ggc-min-expand=100 --param ggc-min-heapsize=131072
Compiler executable checksum: 3d707e77bbf1554b55e59e9fce61bc60
COLLECT_GCC_OPTIONS='--sysroot=/home/huy/mnt/usb_ext4' '-I' '/home/huy/mnt/usb_ext4/usr/include/aarch64-linux-gnu' '-I' '/home/huy/mnt/usb_ext4/usr/include/aarch64-linux-gnu' '-v' '-o' 'CMakeFiles/cmTC_8bf87.dir/CMakeCCompilerABI.c.o' '-c' '-mlittle-endian' '-mabi=lp64' '-dumpdir' 'CMakeFiles/cmTC_8bf87.dir/'
 /home/huy/mnt/usb_ext4/arm-gnu-toolchain-12.2.rel1-x86_64-aarch64-none-linux-gnu/bin/../lib/gcc/aarch64-none-linux-gnu/12.2.1/../../../../aarch64-none-linux-gnu/bin/as -v -I /home/huy/mnt/usb_ext4/usr/include/aarch64-linux-gnu -I /home/huy/mnt/usb_ext4/usr/include/aarch64-linux-gnu -EL -mabi=lp64 -o CMakeFiles/cmTC_8bf87.dir/CMakeCCompilerABI.c.o /tmp/ccRTH4hg.s
GNU assembler version 2.39.0 (aarch64-none-linux-gnu) using BFD version (Arm GNU Toolchain 12.2.Rel1 (Build arm-12.24)) 2.39.0.20221210
COMPILER_PATH=/home/huy/mnt/usb_ext4/arm-gnu-toolchain-12.2.rel1-x86_64-aarch64-none-linux-gnu/bin/../libexec/gcc/aarch64-none-linux-gnu/12.2.1/:/home/huy/mnt/usb_ext4/arm-gnu-toolchain-12.2.rel1-x86_64-aarch64-none-linux-gnu/bin/../libexec/gcc/:/home/huy/mnt/usb_ext4/arm-gnu-toolchain-12.2.rel1-x86_64-aarch64-none-linux-gnu/bin/../lib/gcc/aarch64-none-linux-gnu/12.2.1/../../../../aarch64-none-linux-gnu/bin/
LIBRARY_PATH=/home/huy/mnt/usb_ext4/arm-gnu-toolchain-12.2.rel1-x86_64-aarch64-none-linux-gnu/bin/../lib/gcc/aarch64-none-linux-gnu/12.2.1/:/home/huy/mnt/usb_ext4/arm-gnu-toolchain-12.2.rel1-x86_64-aarch64-none-linux-gnu/bin/../lib/gcc/:/home/huy/mnt/usb_ext4/arm-gnu-toolchain-12.2.rel1-x86_64-aarch64-none-linux-gnu/bin/../lib/gcc/aarch64-none-linux-gnu/12.2.1/../../../../aarch64-none-linux-gnu/lib/../lib64/:/home/huy/mnt/usb_ext4/arm-gnu-toolchain-12.2.rel1-x86_64-aarch64-none-linux-gnu/bin/../lib/gcc/aarch64-none-linux-gnu/12.2.1/../../../../aarch64-none-linux-gnu/lib/:/home/huy/mnt/usb_ext4/lib/:/home/huy/mnt/usb_ext4/usr/lib/
COLLECT_GCC_OPTIONS='--sysroot=/home/huy/mnt/usb_ext4' '-I' '/home/huy/mnt/usb_ext4/usr/include/aarch64-linux-gnu' '-I' '/home/huy/mnt/usb_ext4/usr/include/aarch64-linux-gnu' '-v' '-o' 'CMakeFiles/cmTC_8bf87.dir/CMakeCCompilerABI.c.o' '-c' '-mlittle-endian' '-mabi=lp64' '-dumpdir' 'CMakeFiles/cmTC_8bf87.dir/CMakeCCompilerABI.c.'
Linking C executable cmTC_8bf87
/usr/bin/cmake -E cmake_link_script CMakeFiles/cmTC_8bf87.dir/link.txt --verbose=1
/home/huy/mnt/usb_ext4/arm-gnu-toolchain-12.2.rel1-x86_64-aarch64-none-linux-gnu/bin/aarch64-none-linux-gnu-gcc --sysroot=/home/huy/mnt/usb_ext4  -I/home/huy/mnt/usb_ext4/usr/include/aarch64-linux-gnu -I/home/huy/mnt/usb_ext4/usr/include/aarch64-linux-gnu  --sysroot=/home/huy/mnt/usb_ext4     -B/home/huy/mnt/usb_ext4/usr/lib/aarch64-linux-gnu     -L/home/huy/mnt/usb_ext4/usr/lib/aarch64-linux-gnu     -L/home/huy/mnt/usb_ext4/lib/aarch64-linux-gnu     -Wl,-rpath,/home/huy/mnt/usb_ext4/usr/lib/aarch64-linux-gnu     -Wl,-rpath,/home/huy/mnt/usb_ext4/lib/aarch64-linux-gnu     -Wl,-rpath-link,/home/huy/mnt/usb_ext4/usr/lib/aarch64-linux-gnu     -Wl,-rpath-link,/home/huy/mnt/usb_ext4/lib/aarch64-linux-gnu -v CMakeFiles/cmTC_8bf87.dir/CMakeCCompilerABI.c.o -o cmTC_8bf87 
Using built-in specs.
COLLECT_GCC=/home/huy/mnt/usb_ext4/arm-gnu-toolchain-12.2.rel1-x86_64-aarch64-none-linux-gnu/bin/aarch64-none-linux-gnu-gcc
COLLECT_LTO_WRAPPER=/home/huy/mnt/usb_ext4/arm-gnu-toolchain-12.2.rel1-x86_64-aarch64-none-linux-gnu/bin/../libexec/gcc/aarch64-none-linux-gnu/12.2.1/lto-wrapper
Target: aarch64-none-linux-gnu
Configured with: /data/jenkins/workspace/GNU-toolchain/arm-12/src/gcc/configure --target=aarch64-none-linux-gnu --prefix= --with-sysroot=/aarch64-none-linux-gnu/libc --with-build-sysroot=/data/jenkins/workspace/GNU-toolchain/arm-12/build-aarch64-none-linux-gnu/install//aarch64-none-linux-gnu/libc --with-bugurl=https://bugs.linaro.org/ --enable-gnu-indirect-function --enable-shared --disable-libssp --disable-libmudflap --enable-checking=release --enable-languages=c,c++,fortran --with-gmp=/data/jenkins/workspace/GNU-toolchain/arm-12/build-aarch64-none-linux-gnu/host-tools --with-mpfr=/data/jenkins/workspace/GNU-toolchain/arm-12/build-aarch64-none-linux-gnu/host-tools --with-mpc=/data/jenkins/workspace/GNU-toolchain/arm-12/build-aarch64-none-linux-gnu/host-tools --with-isl=/data/jenkins/workspace/GNU-toolchain/arm-12/build-aarch64-none-linux-gnu/host-tools --enable-fix-cortex-a53-843419 --with-pkgversion='Arm GNU Toolchain 12.2.Rel1 (Build arm-12.24)'
Thread model: posix
Supported LTO compression algorithms: zlib
gcc version 12.2.1 20221205 (Arm GNU Toolchain 12.2.Rel1 (Build arm-12.24)) 
COMPILER_PATH=/home/huy/mnt/usb_ext4/usr/lib/aarch64-linux-gnu/:/home/huy/mnt/usb_ext4/arm-gnu-toolchain-12.2.rel1-x86_64-aarch64-none-linux-gnu/bin/../libexec/gcc/aarch64-none-linux-gnu/12.2.1/:/home/huy/mnt/usb_ext4/arm-gnu-toolchain-12.2.rel1-x86_64-aarch64-none-linux-gnu/bin/../libexec/gcc/:/home/huy/mnt/usb_ext4/arm-gnu-toolchain-12.2.rel1-x86_64-aarch64-none-linux-gnu/bin/../lib/gcc/aarch64-none-linux-gnu/12.2.1/../../../../aarch64-none-linux-gnu/bin/
LIBRARY_PATH=/home/huy/mnt/usb_ext4/usr/lib/aarch64-linux-gnu/:/home/huy/mnt/usb_ext4/arm-gnu-toolchain-12.2.rel1-x86_64-aarch64-none-linux-gnu/bin/../lib/gcc/aarch64-none-linux-gnu/12.2.1/:/home/huy/mnt/usb_ext4/arm-gnu-toolchain-12.2.rel1-x86_64-aarch64-none-linux-gnu/bin/../lib/gcc/:/home/huy/mnt/usb_ext4/arm-gnu-toolchain-12.2.rel1-x86_64-aarch64-none-linux-gnu/bin/../lib/gcc/aarch64-none-linux-gnu/12.2.1/../../../../aarch64-none-linux-gnu/lib/../lib64/:/home/huy/mnt/usb_ext4/arm-gnu-toolchain-12.2.rel1-x86_64-aarch64-none-linux-gnu/bin/../lib/gcc/aarch64-none-linux-gnu/12.2.1/../../../../aarch64-none-linux-gnu/lib/:/home/huy/mnt/usb_ext4/lib/:/home/huy/mnt/usb_ext4/usr/lib/
COLLECT_GCC_OPTIONS='--sysroot=/home/huy/mnt/usb_ext4' '-I' '/home/huy/mnt/usb_ext4/usr/include/aarch64-linux-gnu' '-I' '/home/huy/mnt/usb_ext4/usr/include/aarch64-linux-gnu' '--sysroot=/home/huy/mnt/usb_ext4' '-B' '/home/huy/mnt/usb_ext4/usr/lib/aarch64-linux-gnu' '-L/home/huy/mnt/usb_ext4/usr/lib/aarch64-linux-gnu' '-L/home/huy/mnt/usb_ext4/lib/aarch64-linux-gnu' '-v' '-o' 'cmTC_8bf87' '-mlittle-endian' '-mabi=lp64' '-dumpdir' 'cmTC_8bf87.'
 /home/huy/mnt/usb_ext4/arm-gnu-toolchain-12.2.rel1-x86_64-aarch64-none-linux-gnu/bin/../libexec/gcc/aarch64-none-linux-gnu/12.2.1/collect2 -plugin /home/huy/mnt/usb_ext4/arm-gnu-toolchain-12.2.rel1-x86_64-aarch64-none-linux-gnu/bin/../libexec/gcc/aarch64-none-linux-gnu/12.2.1/liblto_plugin.so -plugin-opt=/home/huy/mnt/usb_ext4/arm-gnu-toolchain-12.2.rel1-x86_64-aarch64-none-linux-gnu/bin/../libexec/gcc/aarch64-none-linux-gnu/12.2.1/lto-wrapper -plugin-opt=-fresolution=/tmp/ccAOH0Gr.res -plugin-opt=-pass-through=-lgcc -plugin-opt=-pass-through=-lgcc_s -plugin-opt=-pass-through=-lc -plugin-opt=-pass-through=-lgcc -plugin-opt=-pass-through=-lgcc_s --sysroot=/home/huy/mnt/usb_ext4 --eh-frame-hdr -dynamic-linker /lib/ld-linux-aarch64.so.1 -X -EL -maarch64linux --fix-cortex-a53-843419 -o cmTC_8bf87 /home/huy/mnt/usb_ext4/usr/lib/aarch64-linux-gnu/crt1.o /home/huy/mnt/usb_ext4/usr/lib/aarch64-linux-gnu/crti.o /home/huy/mnt/usb_ext4/arm-gnu-toolchain-12.2.rel1-x86_64-aarch64-none-linux-gnu/bin/../lib/gcc/aarch64-none-linux-gnu/12.2.1/crtbegin.o -L/home/huy/mnt/usb_ext4/usr/lib/aarch64-linux-gnu -L/home/huy/mnt/usb_ext4/lib/aarch64-linux-gnu -L/home/huy/mnt/usb_ext4/usr/lib/aarch64-linux-gnu -L/home/huy/mnt/usb_ext4/arm-gnu-toolchain-12.2.rel1-x86_64-aarch64-none-linux-gnu/bin/../lib/gcc/aarch64-none-linux-gnu/12.2.1 -L/home/huy/mnt/usb_ext4/arm-gnu-toolchain-12.2.rel1-x86_64-aarch64-none-linux-gnu/bin/../lib/gcc -L/home/huy/mnt/usb_ext4/arm-gnu-toolchain-12.2.rel1-x86_64-aarch64-none-linux-gnu/bin/../lib/gcc/aarch64-none-linux-gnu/12.2.1/../../../../aarch64-none-linux-gnu/lib/../lib64 -L/home/huy/mnt/usb_ext4/arm-gnu-toolchain-12.2.rel1-x86_64-aarch64-none-linux-gnu/bin/../lib/gcc/aarch64-none-linux-gnu/12.2.1/../../../../aarch64-none-linux-gnu/lib -L/home/huy/mnt/usb_ext4/lib -L/home/huy/mnt/usb_ext4/usr/lib -rpath /home/huy/mnt/usb_ext4/usr/lib/aarch64-linux-gnu -rpath /home/huy/mnt/usb_ext4/lib/aarch64-linux-gnu -rpath-link /home/huy/mnt/usb_ext4/usr/lib/aarch64-linux-gnu -rpath-link /home/huy/mnt/usb_ext4/lib/aarch64-linux-gnu CMakeFiles/cmTC_8bf87.dir/CMakeCCompilerABI.c.o -lgcc --push-state --as-needed -lgcc_s --pop-state -lc -lgcc --push-state --as-needed -lgcc_s --pop-state /home/huy/mnt/usb_ext4/arm-gnu-toolchain-12.2.rel1-x86_64-aarch64-none-linux-gnu/bin/../lib/gcc/aarch64-none-linux-gnu/12.2.1/crtend.o /home/huy/mnt/usb_ext4/usr/lib/aarch64-linux-gnu/crtn.o
COLLECT_GCC_OPTIONS='--sysroot=/home/huy/mnt/usb_ext4' '-I' '/home/huy/mnt/usb_ext4/usr/include/aarch64-linux-gnu' '-I' '/home/huy/mnt/usb_ext4/usr/include/aarch64-linux-gnu' '--sysroot=/home/huy/mnt/usb_ext4' '-B' '/home/huy/mnt/usb_ext4/usr/lib/aarch64-linux-gnu' '-L/home/huy/mnt/usb_ext4/usr/lib/aarch64-linux-gnu' '-L/home/huy/mnt/usb_ext4/lib/aarch64-linux-gnu' '-v' '-o' 'cmTC_8bf87' '-mlittle-endian' '-mabi=lp64' '-dumpdir' 'cmTC_8bf87.'
gmake[1]: Leaving directory '/home/huy/nav2_ws/Vaccum-Robot-LDS02RR/build/turtlebot3/CMakeFiles/CMakeTmp'



Parsed C implicit include dir info from above output: rv=done
  found start of include info
  found start of implicit include info
    add: [/home/huy/mnt/usb_ext4/usr/include/aarch64-linux-gnu]
    add: [/home/huy/mnt/usb_ext4/arm-gnu-toolchain-12.2.rel1-x86_64-aarch64-none-linux-gnu/bin/../lib/gcc/aarch64-none-linux-gnu/12.2.1/include]
    add: [/home/huy/mnt/usb_ext4/arm-gnu-toolchain-12.2.rel1-x86_64-aarch64-none-linux-gnu/bin/../lib/gcc/aarch64-none-linux-gnu/12.2.1/include-fixed]
    add: [/home/huy/mnt/usb_ext4/arm-gnu-toolchain-12.2.rel1-x86_64-aarch64-none-linux-gnu/bin/../lib/gcc/aarch64-none-linux-gnu/12.2.1/../../../../aarch64-none-linux-gnu/include]
    add: [/home/huy/mnt/usb_ext4/usr/local/include]
    add: [/home/huy/mnt/usb_ext4/usr/include]
  end of search list found
  collapse include dir [/home/huy/mnt/usb_ext4/usr/include/aarch64-linux-gnu] ==> [/home/huy/mnt/usb_ext4/usr/include/aarch64-linux-gnu]
  collapse include dir [/home/huy/mnt/usb_ext4/arm-gnu-toolchain-12.2.rel1-x86_64-aarch64-none-linux-gnu/bin/../lib/gcc/aarch64-none-linux-gnu/12.2.1/include] ==> [/home/huy/mnt/usb_ext4/arm-gnu-toolchain-12.2.rel1-x86_64-aarch64-none-linux-gnu/lib/gcc/aarch64-none-linux-gnu/12.2.1/include]
  collapse include dir [/home/huy/mnt/usb_ext4/arm-gnu-toolchain-12.2.rel1-x86_64-aarch64-none-linux-gnu/bin/../lib/gcc/aarch64-none-linux-gnu/12.2.1/include-fixed] ==> [/home/huy/mnt/usb_ext4/arm-gnu-toolchain-12.2.rel1-x86_64-aarch64-none-linux-gnu/lib/gcc/aarch64-none-linux-gnu/12.2.1/include-fixed]
  collapse include dir [/home/huy/mnt/usb_ext4/arm-gnu-toolchain-12.2.rel1-x86_64-aarch64-none-linux-gnu/bin/../lib/gcc/aarch64-none-linux-gnu/12.2.1/../../../../aarch64-none-linux-gnu/include] ==> [/home/huy/mnt/usb_ext4/arm-gnu-toolchain-12.2.rel1-x86_64-aarch64-none-linux-gnu/aarch64-none-linux-gnu/include]
  collapse include dir [/home/huy/mnt/usb_ext4/usr/local/include] ==> [/home/huy/mnt/usb_ext4/usr/local/include]
  collapse include dir [/home/huy/mnt/usb_ext4/usr/include] ==> [/home/huy/mnt/usb_ext4/usr/include]
  implicit include dirs: [/home/huy/mnt/usb_ext4/usr/include/aarch64-linux-gnu;/home/huy/mnt/usb_ext4/arm-gnu-toolchain-12.2.rel1-x86_64-aarch64-none-linux-gnu/lib/gcc/aarch64-none-linux-gnu/12.2.1/include;/home/huy/mnt/usb_ext4/arm-gnu-toolchain-12.2.rel1-x86_64-aarch64-none-linux-gnu/lib/gcc/aarch64-none-linux-gnu/12.2.1/include-fixed;/home/huy/mnt/usb_ext4/arm-gnu-toolchain-12.2.rel1-x86_64-aarch64-none-linux-gnu/aarch64-none-linux-gnu/include;/home/huy/mnt/usb_ext4/usr/local/include;/home/huy/mnt/usb_ext4/usr/include]


Parsed C implicit link information from above output:
  link line regex: [^( *|.*[/\])(aarch64-none-linux-gnu-ld|CMAKE_LINK_STARTFILE-NOTFOUND|([^/\]+-)?ld|collect2)[^/\]*( |$)]
  ignore line: [Change Dir: /home/huy/nav2_ws/Vaccum-Robot-LDS02RR/build/turtlebot3/CMakeFiles/CMakeTmp]
  ignore line: []
  ignore line: [Run Build Command(s):/usr/bin/gmake -f Makefile cmTC_8bf87/fast && /usr/bin/gmake  -f CMakeFiles/cmTC_8bf87.dir/build.make CMakeFiles/cmTC_8bf87.dir/build]
  ignore line: [gmake[1]: Entering directory '/home/huy/nav2_ws/Vaccum-Robot-LDS02RR/build/turtlebot3/CMakeFiles/CMakeTmp']
  ignore line: [Building C object CMakeFiles/cmTC_8bf87.dir/CMakeCCompilerABI.c.o]
  ignore line: [/home/huy/mnt/usb_ext4/arm-gnu-toolchain-12.2.rel1-x86_64-aarch64-none-linux-gnu/bin/aarch64-none-linux-gnu-gcc --sysroot=/home/huy/mnt/usb_ext4   -I/home/huy/mnt/usb_ext4/usr/include/aarch64-linux-gnu -I/home/huy/mnt/usb_ext4/usr/include/aarch64-linux-gnu    -v -o CMakeFiles/cmTC_8bf87.dir/CMakeCCompilerABI.c.o -c /usr/share/cmake-3.22/Modules/CMakeCCompilerABI.c]
  ignore line: [Using built-in specs.]
  ignore line: [COLLECT_GCC=/home/huy/mnt/usb_ext4/arm-gnu-toolchain-12.2.rel1-x86_64-aarch64-none-linux-gnu/bin/aarch64-none-linux-gnu-gcc]
  ignore line: [Target: aarch64-none-linux-gnu]
  ignore line: [Configured with: /data/jenkins/workspace/GNU-toolchain/arm-12/src/gcc/configure --target=aarch64-none-linux-gnu --prefix= --with-sysroot=/aarch64-none-linux-gnu/libc --with-build-sysroot=/data/jenkins/workspace/GNU-toolchain/arm-12/build-aarch64-none-linux-gnu/install//aarch64-none-linux-gnu/libc --with-bugurl=https://bugs.linaro.org/ --enable-gnu-indirect-function --enable-shared --disable-libssp --disable-libmudflap --enable-checking=release --enable-languages=c c++ fortran --with-gmp=/data/jenkins/workspace/GNU-toolchain/arm-12/build-aarch64-none-linux-gnu/host-tools --with-mpfr=/data/jenkins/workspace/GNU-toolchain/arm-12/build-aarch64-none-linux-gnu/host-tools --with-mpc=/data/jenkins/workspace/GNU-toolchain/arm-12/build-aarch64-none-linux-gnu/host-tools --with-isl=/data/jenkins/workspace/GNU-toolchain/arm-12/build-aarch64-none-linux-gnu/host-tools --enable-fix-cortex-a53-843419 --with-pkgversion='Arm GNU Toolchain 12.2.Rel1 (Build arm-12.24)']
  ignore line: [Thread model: posix]
  ignore line: [Supported LTO compression algorithms: zlib]
  ignore line: [gcc version 12.2.1 20221205 (Arm GNU Toolchain 12.2.Rel1 (Build arm-12.24)) ]
  ignore line: [COLLECT_GCC_OPTIONS='--sysroot=/home/huy/mnt/usb_ext4' '-I' '/home/huy/mnt/usb_ext4/usr/include/aarch64-linux-gnu' '-I' '/home/huy/mnt/usb_ext4/usr/include/aarch64-linux-gnu' '-v' '-o' 'CMakeFiles/cmTC_8bf87.dir/CMakeCCompilerABI.c.o' '-c' '-mlittle-endian' '-mabi=lp64' '-dumpdir' 'CMakeFiles/cmTC_8bf87.dir/']
  ignore line: [ /home/huy/mnt/usb_ext4/arm-gnu-toolchain-12.2.rel1-x86_64-aarch64-none-linux-gnu/bin/../libexec/gcc/aarch64-none-linux-gnu/12.2.1/cc1 -quiet -v -I /home/huy/mnt/usb_ext4/usr/include/aarch64-linux-gnu -I /home/huy/mnt/usb_ext4/usr/include/aarch64-linux-gnu -iprefix /home/huy/mnt/usb_ext4/arm-gnu-toolchain-12.2.rel1-x86_64-aarch64-none-linux-gnu/bin/../lib/gcc/aarch64-none-linux-gnu/12.2.1/ -isysroot /home/huy/mnt/usb_ext4 /usr/share/cmake-3.22/Modules/CMakeCCompilerABI.c -quiet -dumpdir CMakeFiles/cmTC_8bf87.dir/ -dumpbase CMakeCCompilerABI.c.c -dumpbase-ext .c -mlittle-endian -mabi=lp64 -version -o /tmp/ccRTH4hg.s]
  ignore line: [GNU C17 (Arm GNU Toolchain 12.2.Rel1 (Build arm-12.24)) version 12.2.1 20221205 (aarch64-none-linux-gnu)]
  ignore line: [	compiled by GNU C version 4.8.5 20150623 (Red Hat 4.8.5-44)  GMP version 6.2.1  MPFR version 3.1.6  MPC version 1.0.3  isl version isl-0.15-1-g835ea3a-GMP]
  ignore line: []
  ignore line: [GGC heuristics: --param ggc-min-expand=100 --param ggc-min-heapsize=131072]
  ignore line: [ignoring duplicate directory "/home/huy/mnt/usb_ext4/arm-gnu-toolchain-12.2.rel1-x86_64-aarch64-none-linux-gnu/bin/../lib/gcc/../../lib/gcc/aarch64-none-linux-gnu/12.2.1/include"]
  ignore line: [ignoring duplicate directory "/home/huy/mnt/usb_ext4/arm-gnu-toolchain-12.2.rel1-x86_64-aarch64-none-linux-gnu/bin/../lib/gcc/../../lib/gcc/aarch64-none-linux-gnu/12.2.1/include-fixed"]
  ignore line: [ignoring duplicate directory "/home/huy/mnt/usb_ext4/arm-gnu-toolchain-12.2.rel1-x86_64-aarch64-none-linux-gnu/bin/../lib/gcc/../../lib/gcc/aarch64-none-linux-gnu/12.2.1/../../../../aarch64-none-linux-gnu/include"]
  ignore line: [ignoring duplicate directory "/home/huy/mnt/usb_ext4/usr/include/aarch64-linux-gnu"]
  ignore line: [#include "..." search starts here:]
  ignore line: [#include <...> search starts here:]
  ignore line: [ /home/huy/mnt/usb_ext4/usr/include/aarch64-linux-gnu]
  ignore line: [ /home/huy/mnt/usb_ext4/arm-gnu-toolchain-12.2.rel1-x86_64-aarch64-none-linux-gnu/bin/../lib/gcc/aarch64-none-linux-gnu/12.2.1/include]
  ignore line: [ /home/huy/mnt/usb_ext4/arm-gnu-toolchain-12.2.rel1-x86_64-aarch64-none-linux-gnu/bin/../lib/gcc/aarch64-none-linux-gnu/12.2.1/include-fixed]
  ignore line: [ /home/huy/mnt/usb_ext4/arm-gnu-toolchain-12.2.rel1-x86_64-aarch64-none-linux-gnu/bin/../lib/gcc/aarch64-none-linux-gnu/12.2.1/../../../../aarch64-none-linux-gnu/include]
  ignore line: [ /home/huy/mnt/usb_ext4/usr/local/include]
  ignore line: [ /home/huy/mnt/usb_ext4/usr/include]
  ignore line: [End of search list.]
  ignore line: [GNU C17 (Arm GNU Toolchain 12.2.Rel1 (Build arm-12.24)) version 12.2.1 20221205 (aarch64-none-linux-gnu)]
  ignore line: [	compiled by GNU C version 4.8.5 20150623 (Red Hat 4.8.5-44)  GMP version 6.2.1  MPFR version 3.1.6  MPC version 1.0.3  isl version isl-0.15-1-g835ea3a-GMP]
  ignore line: []
  ignore line: [GGC heuristics: --param ggc-min-expand=100 --param ggc-min-heapsize=131072]
  ignore line: [Compiler executable checksum: 3d707e77bbf1554b55e59e9fce61bc60]
  ignore line: [COLLECT_GCC_OPTIONS='--sysroot=/home/huy/mnt/usb_ext4' '-I' '/home/huy/mnt/usb_ext4/usr/include/aarch64-linux-gnu' '-I' '/home/huy/mnt/usb_ext4/usr/include/aarch64-linux-gnu' '-v' '-o' 'CMakeFiles/cmTC_8bf87.dir/CMakeCCompilerABI.c.o' '-c' '-mlittle-endian' '-mabi=lp64' '-dumpdir' 'CMakeFiles/cmTC_8bf87.dir/']
  ignore line: [ /home/huy/mnt/usb_ext4/arm-gnu-toolchain-12.2.rel1-x86_64-aarch64-none-linux-gnu/bin/../lib/gcc/aarch64-none-linux-gnu/12.2.1/../../../../aarch64-none-linux-gnu/bin/as -v -I /home/huy/mnt/usb_ext4/usr/include/aarch64-linux-gnu -I /home/huy/mnt/usb_ext4/usr/include/aarch64-linux-gnu -EL -mabi=lp64 -o CMakeFiles/cmTC_8bf87.dir/CMakeCCompilerABI.c.o /tmp/ccRTH4hg.s]
  ignore line: [GNU assembler version 2.39.0 (aarch64-none-linux-gnu) using BFD version (Arm GNU Toolchain 12.2.Rel1 (Build arm-12.24)) 2.39.0.20221210]
  ignore line: [COMPILER_PATH=/home/huy/mnt/usb_ext4/arm-gnu-toolchain-12.2.rel1-x86_64-aarch64-none-linux-gnu/bin/../libexec/gcc/aarch64-none-linux-gnu/12.2.1/:/home/huy/mnt/usb_ext4/arm-gnu-toolchain-12.2.rel1-x86_64-aarch64-none-linux-gnu/bin/../libexec/gcc/:/home/huy/mnt/usb_ext4/arm-gnu-toolchain-12.2.rel1-x86_64-aarch64-none-linux-gnu/bin/../lib/gcc/aarch64-none-linux-gnu/12.2.1/../../../../aarch64-none-linux-gnu/bin/]
  ignore line: [LIBRARY_PATH=/home/huy/mnt/usb_ext4/arm-gnu-toolchain-12.2.rel1-x86_64-aarch64-none-linux-gnu/bin/../lib/gcc/aarch64-none-linux-gnu/12.2.1/:/home/huy/mnt/usb_ext4/arm-gnu-toolchain-12.2.rel1-x86_64-aarch64-none-linux-gnu/bin/../lib/gcc/:/home/huy/mnt/usb_ext4/arm-gnu-toolchain-12.2.rel1-x86_64-aarch64-none-linux-gnu/bin/../lib/gcc/aarch64-none-linux-gnu/12.2.1/../../../../aarch64-none-linux-gnu/lib/../lib64/:/home/huy/mnt/usb_ext4/arm-gnu-toolchain-12.2.rel1-x86_64-aarch64-none-linux-gnu/bin/../lib/gcc/aarch64-none-linux-gnu/12.2.1/../../../../aarch64-none-linux-gnu/lib/:/home/huy/mnt/usb_ext4/lib/:/home/huy/mnt/usb_ext4/usr/lib/]
  ignore line: [COLLECT_GCC_OPTIONS='--sysroot=/home/huy/mnt/usb_ext4' '-I' '/home/huy/mnt/usb_ext4/usr/include/aarch64-linux-gnu' '-I' '/home/huy/mnt/usb_ext4/usr/include/aarch64-linux-gnu' '-v' '-o' 'CMakeFiles/cmTC_8bf87.dir/CMakeCCompilerABI.c.o' '-c' '-mlittle-endian' '-mabi=lp64' '-dumpdir' 'CMakeFiles/cmTC_8bf87.dir/CMakeCCompilerABI.c.']
  ignore line: [Linking C executable cmTC_8bf87]
  ignore line: [/usr/bin/cmake -E cmake_link_script CMakeFiles/cmTC_8bf87.dir/link.txt --verbose=1]
  ignore line: [/home/huy/mnt/usb_ext4/arm-gnu-toolchain-12.2.rel1-x86_64-aarch64-none-linux-gnu/bin/aarch64-none-linux-gnu-gcc --sysroot=/home/huy/mnt/usb_ext4  -I/home/huy/mnt/usb_ext4/usr/include/aarch64-linux-gnu -I/home/huy/mnt/usb_ext4/usr/include/aarch64-linux-gnu  --sysroot=/home/huy/mnt/usb_ext4     -B/home/huy/mnt/usb_ext4/usr/lib/aarch64-linux-gnu     -L/home/huy/mnt/usb_ext4/usr/lib/aarch64-linux-gnu     -L/home/huy/mnt/usb_ext4/lib/aarch64-linux-gnu     -Wl -rpath /home/huy/mnt/usb_ext4/usr/lib/aarch64-linux-gnu     -Wl -rpath /home/huy/mnt/usb_ext4/lib/aarch64-linux-gnu     -Wl -rpath-link /home/huy/mnt/usb_ext4/usr/lib/aarch64-linux-gnu     -Wl -rpath-link /home/huy/mnt/usb_ext4/lib/aarch64-linux-gnu -v CMakeFiles/cmTC_8bf87.dir/CMakeCCompilerABI.c.o -o cmTC_8bf87 ]
  ignore line: [Using built-in specs.]
  ignore line: [COLLECT_GCC=/home/huy/mnt/usb_ext4/arm-gnu-toolchain-12.2.rel1-x86_64-aarch64-none-linux-gnu/bin/aarch64-none-linux-gnu-gcc]
  ignore line: [COLLECT_LTO_WRAPPER=/home/huy/mnt/usb_ext4/arm-gnu-toolchain-12.2.rel1-x86_64-aarch64-none-linux-gnu/bin/../libexec/gcc/aarch64-none-linux-gnu/12.2.1/lto-wrapper]
  ignore line: [Target: aarch64-none-linux-gnu]
  ignore line: [Configured with: /data/jenkins/workspace/GNU-toolchain/arm-12/src/gcc/configure --target=aarch64-none-linux-gnu --prefix= --with-sysroot=/aarch64-none-linux-gnu/libc --with-build-sysroot=/data/jenkins/workspace/GNU-toolchain/arm-12/build-aarch64-none-linux-gnu/install//aarch64-none-linux-gnu/libc --with-bugurl=https://bugs.linaro.org/ --enable-gnu-indirect-function --enable-shared --disable-libssp --disable-libmudflap --enable-checking=release --enable-languages=c c++ fortran --with-gmp=/data/jenkins/workspace/GNU-toolchain/arm-12/build-aarch64-none-linux-gnu/host-tools --with-mpfr=/data/jenkins/workspace/GNU-toolchain/arm-12/build-aarch64-none-linux-gnu/host-tools --with-mpc=/data/jenkins/workspace/GNU-toolchain/arm-12/build-aarch64-none-linux-gnu/host-tools --with-isl=/data/jenkins/workspace/GNU-toolchain/arm-12/build-aarch64-none-linux-gnu/host-tools --enable-fix-cortex-a53-843419 --with-pkgversion='Arm GNU Toolchain 12.2.Rel1 (Build arm-12.24)']
  ignore line: [Thread model: posix]
  ignore line: [Supported LTO compression algorithms: zlib]
  ignore line: [gcc version 12.2.1 20221205 (Arm GNU Toolchain 12.2.Rel1 (Build arm-12.24)) ]
  ignore line: [COMPILER_PATH=/home/huy/mnt/usb_ext4/usr/lib/aarch64-linux-gnu/:/home/huy/mnt/usb_ext4/arm-gnu-toolchain-12.2.rel1-x86_64-aarch64-none-linux-gnu/bin/../libexec/gcc/aarch64-none-linux-gnu/12.2.1/:/home/huy/mnt/usb_ext4/arm-gnu-toolchain-12.2.rel1-x86_64-aarch64-none-linux-gnu/bin/../libexec/gcc/:/home/huy/mnt/usb_ext4/arm-gnu-toolchain-12.2.rel1-x86_64-aarch64-none-linux-gnu/bin/../lib/gcc/aarch64-none-linux-gnu/12.2.1/../../../../aarch64-none-linux-gnu/bin/]
  ignore line: [LIBRARY_PATH=/home/huy/mnt/usb_ext4/usr/lib/aarch64-linux-gnu/:/home/huy/mnt/usb_ext4/arm-gnu-toolchain-12.2.rel1-x86_64-aarch64-none-linux-gnu/bin/../lib/gcc/aarch64-none-linux-gnu/12.2.1/:/home/huy/mnt/usb_ext4/arm-gnu-toolchain-12.2.rel1-x86_64-aarch64-none-linux-gnu/bin/../lib/gcc/:/home/huy/mnt/usb_ext4/arm-gnu-toolchain-12.2.rel1-x86_64-aarch64-none-linux-gnu/bin/../lib/gcc/aarch64-none-linux-gnu/12.2.1/../../../../aarch64-none-linux-gnu/lib/../lib64/:/home/huy/mnt/usb_ext4/arm-gnu-toolchain-12.2.rel1-x86_64-aarch64-none-linux-gnu/bin/../lib/gcc/aarch64-none-linux-gnu/12.2.1/../../../../aarch64-none-linux-gnu/lib/:/home/huy/mnt/usb_ext4/lib/:/home/huy/mnt/usb_ext4/usr/lib/]
  ignore line: [COLLECT_GCC_OPTIONS='--sysroot=/home/huy/mnt/usb_ext4' '-I' '/home/huy/mnt/usb_ext4/usr/include/aarch64-linux-gnu' '-I' '/home/huy/mnt/usb_ext4/usr/include/aarch64-linux-gnu' '--sysroot=/home/huy/mnt/usb_ext4' '-B' '/home/huy/mnt/usb_ext4/usr/lib/aarch64-linux-gnu' '-L/home/huy/mnt/usb_ext4/usr/lib/aarch64-linux-gnu' '-L/home/huy/mnt/usb_ext4/lib/aarch64-linux-gnu' '-v' '-o' 'cmTC_8bf87' '-mlittle-endian' '-mabi=lp64' '-dumpdir' 'cmTC_8bf87.']
  link line: [ /home/huy/mnt/usb_ext4/arm-gnu-toolchain-12.2.rel1-x86_64-aarch64-none-linux-gnu/bin/../libexec/gcc/aarch64-none-linux-gnu/12.2.1/collect2 -plugin /home/huy/mnt/usb_ext4/arm-gnu-toolchain-12.2.rel1-x86_64-aarch64-none-linux-gnu/bin/../libexec/gcc/aarch64-none-linux-gnu/12.2.1/liblto_plugin.so -plugin-opt=/home/huy/mnt/usb_ext4/arm-gnu-toolchain-12.2.rel1-x86_64-aarch64-none-linux-gnu/bin/../libexec/gcc/aarch64-none-linux-gnu/12.2.1/lto-wrapper -plugin-opt=-fresolution=/tmp/ccAOH0Gr.res -plugin-opt=-pass-through=-lgcc -plugin-opt=-pass-through=-lgcc_s -plugin-opt=-pass-through=-lc -plugin-opt=-pass-through=-lgcc -plugin-opt=-pass-through=-lgcc_s --sysroot=/home/huy/mnt/usb_ext4 --eh-frame-hdr -dynamic-linker /lib/ld-linux-aarch64.so.1 -X -EL -maarch64linux --fix-cortex-a53-843419 -o cmTC_8bf87 /home/huy/mnt/usb_ext4/usr/lib/aarch64-linux-gnu/crt1.o /home/huy/mnt/usb_ext4/usr/lib/aarch64-linux-gnu/crti.o /home/huy/mnt/usb_ext4/arm-gnu-toolchain-12.2.rel1-x86_64-aarch64-none-linux-gnu/bin/../lib/gcc/aarch64-none-linux-gnu/12.2.1/crtbegin.o -L/home/huy/mnt/usb_ext4/usr/lib/aarch64-linux-gnu -L/home/huy/mnt/usb_ext4/lib/aarch64-linux-gnu -L/home/huy/mnt/usb_ext4/usr/lib/aarch64-linux-gnu -L/home/huy/mnt/usb_ext4/arm-gnu-toolchain-12.2.rel1-x86_64-aarch64-none-linux-gnu/bin/../lib/gcc/aarch64-none-linux-gnu/12.2.1 -L/home/huy/mnt/usb_ext4/arm-gnu-toolchain-12.2.rel1-x86_64-aarch64-none-linux-gnu/bin/../lib/gcc -L/home/huy/mnt/usb_ext4/arm-gnu-toolchain-12.2.rel1-x86_64-aarch64-none-linux-gnu/bin/../lib/gcc/aarch64-none-linux-gnu/12.2.1/../../../../aarch64-none-linux-gnu/lib/../lib64 -L/home/huy/mnt/usb_ext4/arm-gnu-toolchain-12.2.rel1-x86_64-aarch64-none-linux-gnu/bin/../lib/gcc/aarch64-none-linux-gnu/12.2.1/../../../../aarch64-none-linux-gnu/lib -L/home/huy/mnt/usb_ext4/lib -L/home/huy/mnt/usb_ext4/usr/lib -rpath /home/huy/mnt/usb_ext4/usr/lib/aarch64-linux-gnu -rpath /home/huy/mnt/usb_ext4/lib/aarch64-linux-gnu -rpath-link /home/huy/mnt/usb_ext4/usr/lib/aarch64-linux-gnu -rpath-link /home/huy/mnt/usb_ext4/lib/aarch64-linux-gnu CMakeFiles/cmTC_8bf87.dir/CMakeCCompilerABI.c.o -lgcc --push-state --as-needed -lgcc_s --pop-state -lc -lgcc --push-state --as-needed -lgcc_s --pop-state /home/huy/mnt/usb_ext4/arm-gnu-toolchain-12.2.rel1-x86_64-aarch64-none-linux-gnu/bin/../lib/gcc/aarch64-none-linux-gnu/12.2.1/crtend.o /home/huy/mnt/usb_ext4/usr/lib/aarch64-linux-gnu/crtn.o]
    arg [/home/huy/mnt/usb_ext4/arm-gnu-toolchain-12.2.rel1-x86_64-aarch64-none-linux-gnu/bin/../libexec/gcc/aarch64-none-linux-gnu/12.2.1/collect2] ==> ignore
    arg [-plugin] ==> ignore
    arg [/home/huy/mnt/usb_ext4/arm-gnu-toolchain-12.2.rel1-x86_64-aarch64-none-linux-gnu/bin/../libexec/gcc/aarch64-none-linux-gnu/12.2.1/liblto_plugin.so] ==> ignore
    arg [-plugin-opt=/home/huy/mnt/usb_ext4/arm-gnu-toolchain-12.2.rel1-x86_64-aarch64-none-linux-gnu/bin/../libexec/gcc/aarch64-none-linux-gnu/12.2.1/lto-wrapper] ==> ignore
    arg [-plugin-opt=-fresolution=/tmp/ccAOH0Gr.res] ==> ignore
    arg [-plugin-opt=-pass-through=-lgcc] ==> ignore
    arg [-plugin-opt=-pass-through=-lgcc_s] ==> ignore
    arg [-plugin-opt=-pass-through=-lc] ==> ignore
    arg [-plugin-opt=-pass-through=-lgcc] ==> ignore
    arg [-plugin-opt=-pass-through=-lgcc_s] ==> ignore
    arg [--sysroot=/home/huy/mnt/usb_ext4] ==> ignore
    arg [--eh-frame-hdr] ==> ignore
    arg [-dynamic-linker] ==> ignore
    arg [/lib/ld-linux-aarch64.so.1] ==> ignore
    arg [-X] ==> ignore
    arg [-EL] ==> ignore
    arg [-maarch64linux] ==> ignore
    arg [--fix-cortex-a53-843419] ==> ignore
    arg [-o] ==> ignore
    arg [cmTC_8bf87] ==> ignore
    arg [/home/huy/mnt/usb_ext4/usr/lib/aarch64-linux-gnu/crt1.o] ==> obj [/home/huy/mnt/usb_ext4/usr/lib/aarch64-linux-gnu/crt1.o]
    arg [/home/huy/mnt/usb_ext4/usr/lib/aarch64-linux-gnu/crti.o] ==> obj [/home/huy/mnt/usb_ext4/usr/lib/aarch64-linux-gnu/crti.o]
    arg [/home/huy/mnt/usb_ext4/arm-gnu-toolchain-12.2.rel1-x86_64-aarch64-none-linux-gnu/bin/../lib/gcc/aarch64-none-linux-gnu/12.2.1/crtbegin.o] ==> obj [/home/huy/mnt/usb_ext4/arm-gnu-toolchain-12.2.rel1-x86_64-aarch64-none-linux-gnu/bin/../lib/gcc/aarch64-none-linux-gnu/12.2.1/crtbegin.o]
    arg [-L/home/huy/mnt/usb_ext4/usr/lib/aarch64-linux-gnu] ==> dir [/home/huy/mnt/usb_ext4/usr/lib/aarch64-linux-gnu]
    arg [-L/home/huy/mnt/usb_ext4/lib/aarch64-linux-gnu] ==> dir [/home/huy/mnt/usb_ext4/lib/aarch64-linux-gnu]
    arg [-L/home/huy/mnt/usb_ext4/usr/lib/aarch64-linux-gnu] ==> dir [/home/huy/mnt/usb_ext4/usr/lib/aarch64-linux-gnu]
    arg [-L/home/huy/mnt/usb_ext4/arm-gnu-toolchain-12.2.rel1-x86_64-aarch64-none-linux-gnu/bin/../lib/gcc/aarch64-none-linux-gnu/12.2.1] ==> dir [/home/huy/mnt/usb_ext4/arm-gnu-toolchain-12.2.rel1-x86_64-aarch64-none-linux-gnu/bin/../lib/gcc/aarch64-none-linux-gnu/12.2.1]
    arg [-L/home/huy/mnt/usb_ext4/arm-gnu-toolchain-12.2.rel1-x86_64-aarch64-none-linux-gnu/bin/../lib/gcc] ==> dir [/home/huy/mnt/usb_ext4/arm-gnu-toolchain-12.2.rel1-x86_64-aarch64-none-linux-gnu/bin/../lib/gcc]
    arg [-L/home/huy/mnt/usb_ext4/arm-gnu-toolchain-12.2.rel1-x86_64-aarch64-none-linux-gnu/bin/../lib/gcc/aarch64-none-linux-gnu/12.2.1/../../../../aarch64-none-linux-gnu/lib/../lib64] ==> dir [/home/huy/mnt/usb_ext4/arm-gnu-toolchain-12.2.rel1-x86_64-aarch64-none-linux-gnu/bin/../lib/gcc/aarch64-none-linux-gnu/12.2.1/../../../../aarch64-none-linux-gnu/lib/../lib64]
    arg [-L/home/huy/mnt/usb_ext4/arm-gnu-toolchain-12.2.rel1-x86_64-aarch64-none-linux-gnu/bin/../lib/gcc/aarch64-none-linux-gnu/12.2.1/../../../../aarch64-none-linux-gnu/lib] ==> dir [/home/huy/mnt/usb_ext4/arm-gnu-toolchain-12.2.rel1-x86_64-aarch64-none-linux-gnu/bin/../lib/gcc/aarch64-none-linux-gnu/12.2.1/../../../../aarch64-none-linux-gnu/lib]
    arg [-L/home/huy/mnt/usb_ext4/lib] ==> dir [/home/huy/mnt/usb_ext4/lib]
    arg [-L/home/huy/mnt/usb_ext4/usr/lib] ==> dir [/home/huy/mnt/usb_ext4/usr/lib]
    arg [-rpath] ==> ignore
    arg [/home/huy/mnt/usb_ext4/usr/lib/aarch64-linux-gnu] ==> ignore
    arg [-rpath] ==> ignore
    arg [/home/huy/mnt/usb_ext4/lib/aarch64-linux-gnu] ==> ignore
    arg [-rpath-link] ==> ignore
    arg [/home/huy/mnt/usb_ext4/usr/lib/aarch64-linux-gnu] ==> ignore
    arg [-rpath-link] ==> ignore
    arg [/home/huy/mnt/usb_ext4/lib/aarch64-linux-gnu] ==> ignore
    arg [CMakeFiles/cmTC_8bf87.dir/CMakeCCompilerABI.c.o] ==> ignore
    arg [-lgcc] ==> lib [gcc]
    arg [--push-state] ==> ignore
    arg [--as-needed] ==> ignore
    arg [-lgcc_s] ==> lib [gcc_s]
    arg [--pop-state] ==> ignore
    arg [-lc] ==> lib [c]
    arg [-lgcc] ==> lib [gcc]
    arg [--push-state] ==> ignore
    arg [--as-needed] ==> ignore
    arg [-lgcc_s] ==> lib [gcc_s]
    arg [--pop-state] ==> ignore
    arg [/home/huy/mnt/usb_ext4/arm-gnu-toolchain-12.2.rel1-x86_64-aarch64-none-linux-gnu/bin/../lib/gcc/aarch64-none-linux-gnu/12.2.1/crtend.o] ==> obj [/home/huy/mnt/usb_ext4/arm-gnu-toolchain-12.2.rel1-x86_64-aarch64-none-linux-gnu/bin/../lib/gcc/aarch64-none-linux-gnu/12.2.1/crtend.o]
    arg [/home/huy/mnt/usb_ext4/usr/lib/aarch64-linux-gnu/crtn.o] ==> obj [/home/huy/mnt/usb_ext4/usr/lib/aarch64-linux-gnu/crtn.o]
  collapse obj [/home/huy/mnt/usb_ext4/arm-gnu-toolchain-12.2.rel1-x86_64-aarch64-none-linux-gnu/bin/../lib/gcc/aarch64-none-linux-gnu/12.2.1/crtbegin.o] ==> [/home/huy/mnt/usb_ext4/arm-gnu-toolchain-12.2.rel1-x86_64-aarch64-none-linux-gnu/lib/gcc/aarch64-none-linux-gnu/12.2.1/crtbegin.o]
  collapse obj [/home/huy/mnt/usb_ext4/arm-gnu-toolchain-12.2.rel1-x86_64-aarch64-none-linux-gnu/bin/../lib/gcc/aarch64-none-linux-gnu/12.2.1/crtend.o] ==> [/home/huy/mnt/usb_ext4/arm-gnu-toolchain-12.2.rel1-x86_64-aarch64-none-linux-gnu/lib/gcc/aarch64-none-linux-gnu/12.2.1/crtend.o]
  collapse library dir [/home/huy/mnt/usb_ext4/usr/lib/aarch64-linux-gnu] ==> [/home/huy/mnt/usb_ext4/usr/lib/aarch64-linux-gnu]
  collapse library dir [/home/huy/mnt/usb_ext4/lib/aarch64-linux-gnu] ==> [/home/huy/mnt/usb_ext4/lib/aarch64-linux-gnu]
  collapse library dir [/home/huy/mnt/usb_ext4/usr/lib/aarch64-linux-gnu] ==> [/home/huy/mnt/usb_ext4/usr/lib/aarch64-linux-gnu]
  collapse library dir [/home/huy/mnt/usb_ext4/arm-gnu-toolchain-12.2.rel1-x86_64-aarch64-none-linux-gnu/bin/../lib/gcc/aarch64-none-linux-gnu/12.2.1] ==> [/home/huy/mnt/usb_ext4/arm-gnu-toolchain-12.2.rel1-x86_64-aarch64-none-linux-gnu/lib/gcc/aarch64-none-linux-gnu/12.2.1]
  collapse library dir [/home/huy/mnt/usb_ext4/arm-gnu-toolchain-12.2.rel1-x86_64-aarch64-none-linux-gnu/bin/../lib/gcc] ==> [/home/huy/mnt/usb_ext4/arm-gnu-toolchain-12.2.rel1-x86_64-aarch64-none-linux-gnu/lib/gcc]
  collapse library dir [/home/huy/mnt/usb_ext4/arm-gnu-toolchain-12.2.rel1-x86_64-aarch64-none-linux-gnu/bin/../lib/gcc/aarch64-none-linux-gnu/12.2.1/../../../../aarch64-none-linux-gnu/lib/../lib64] ==> [/home/huy/mnt/usb_ext4/arm-gnu-toolchain-12.2.rel1-x86_64-aarch64-none-linux-gnu/aarch64-none-linux-gnu/lib64]
  collapse library dir [/home/huy/mnt/usb_ext4/arm-gnu-toolchain-12.2.rel1-x86_64-aarch64-none-linux-gnu/bin/../lib/gcc/aarch64-none-linux-gnu/12.2.1/../../../../aarch64-none-linux-gnu/lib] ==> [/home/huy/mnt/usb_ext4/arm-gnu-toolchain-12.2.rel1-x86_64-aarch64-none-linux-gnu/aarch64-none-linux-gnu/lib]
  collapse library dir [/home/huy/mnt/usb_ext4/lib] ==> [/home/huy/mnt/usb_ext4/lib]
  collapse library dir [/home/huy/mnt/usb_ext4/usr/lib] ==> [/home/huy/mnt/usb_ext4/usr/lib]
  implicit libs: [gcc;gcc_s;c;gcc;gcc_s]
  implicit objs: [/home/huy/mnt/usb_ext4/usr/lib/aarch64-linux-gnu/crt1.o;/home/huy/mnt/usb_ext4/usr/lib/aarch64-linux-gnu/crti.o;/home/huy/mnt/usb_ext4/arm-gnu-toolchain-12.2.rel1-x86_64-aarch64-none-linux-gnu/lib/gcc/aarch64-none-linux-gnu/12.2.1/crtbegin.o;/home/huy/mnt/usb_ext4/arm-gnu-toolchain-12.2.rel1-x86_64-aarch64-none-linux-gnu/lib/gcc/aarch64-none-linux-gnu/12.2.1/crtend.o;/home/huy/mnt/usb_ext4/usr/lib/aarch64-linux-gnu/crtn.o]
  implicit dirs: [/home/huy/mnt/usb_ext4/usr/lib/aarch64-linux-gnu;/home/huy/mnt/usb_ext4/lib/aarch64-linux-gnu;/home/huy/mnt/usb_ext4/arm-gnu-toolchain-12.2.rel1-x86_64-aarch64-none-linux-gnu/lib/gcc/aarch64-none-linux-gnu/12.2.1;/home/huy/mnt/usb_ext4/arm-gnu-toolchain-12.2.rel1-x86_64-aarch64-none-linux-gnu/lib/gcc;/home/huy/mnt/usb_ext4/arm-gnu-toolchain-12.2.rel1-x86_64-aarch64-none-linux-gnu/aarch64-none-linux-gnu/lib64;/home/huy/mnt/usb_ext4/arm-gnu-toolchain-12.2.rel1-x86_64-aarch64-none-linux-gnu/aarch64-none-linux-gnu/lib;/home/huy/mnt/usb_ext4/lib;/home/huy/mnt/usb_ext4/usr/lib]
  implicit fwks: []


Detecting CXX compiler ABI info compiled with the following output:
Change Dir: /home/huy/nav2_ws/Vaccum-Robot-LDS02RR/build/turtlebot3/CMakeFiles/CMakeTmp

Run Build Command(s):/usr/bin/gmake -f Makefile cmTC_22aa6/fast && /usr/bin/gmake  -f CMakeFiles/cmTC_22aa6.dir/build.make CMakeFiles/cmTC_22aa6.dir/build
gmake[1]: Entering directory '/home/huy/nav2_ws/Vaccum-Robot-LDS02RR/build/turtlebot3/CMakeFiles/CMakeTmp'
Building CXX object CMakeFiles/cmTC_22aa6.dir/CMakeCXXCompilerABI.cpp.o
/home/huy/mnt/usb_ext4/arm-gnu-toolchain-12.2.rel1-x86_64-aarch64-none-linux-gnu/bin/aarch64-none-linux-gnu-g++ --sysroot=/home/huy/mnt/usb_ext4   -I/home/huy/mnt/usb_ext4/usr/include/aarch64-linux-gnu -I/home/huy/mnt/usb_ext4/usr/include/aarch64-linux-gnu    -v -o CMakeFiles/cmTC_22aa6.dir/CMakeCXXCompilerABI.cpp.o -c /usr/share/cmake-3.22/Modules/CMakeCXXCompilerABI.cpp
Using built-in specs.
COLLECT_GCC=/home/huy/mnt/usb_ext4/arm-gnu-toolchain-12.2.rel1-x86_64-aarch64-none-linux-gnu/bin/aarch64-none-linux-gnu-g++
Target: aarch64-none-linux-gnu
Configured with: /data/jenkins/workspace/GNU-toolchain/arm-12/src/gcc/configure --target=aarch64-none-linux-gnu --prefix= --with-sysroot=/aarch64-none-linux-gnu/libc --with-build-sysroot=/data/jenkins/workspace/GNU-toolchain/arm-12/build-aarch64-none-linux-gnu/install//aarch64-none-linux-gnu/libc --with-bugurl=https://bugs.linaro.org/ --enable-gnu-indirect-function --enable-shared --disable-libssp --disable-libmudflap --enable-checking=release --enable-languages=c,c++,fortran --with-gmp=/data/jenkins/workspace/GNU-toolchain/arm-12/build-aarch64-none-linux-gnu/host-tools --with-mpfr=/data/jenkins/workspace/GNU-toolchain/arm-12/build-aarch64-none-linux-gnu/host-tools --with-mpc=/data/jenkins/workspace/GNU-toolchain/arm-12/build-aarch64-none-linux-gnu/host-tools --with-isl=/data/jenkins/workspace/GNU-toolchain/arm-12/build-aarch64-none-linux-gnu/host-tools --enable-fix-cortex-a53-843419 --with-pkgversion='Arm GNU Toolchain 12.2.Rel1 (Build arm-12.24)'
Thread model: posix
Supported LTO compression algorithms: zlib
gcc version 12.2.1 20221205 (Arm GNU Toolchain 12.2.Rel1 (Build arm-12.24)) 
COLLECT_GCC_OPTIONS='--sysroot=/home/huy/mnt/usb_ext4' '-I' '/home/huy/mnt/usb_ext4/usr/include/aarch64-linux-gnu' '-I' '/home/huy/mnt/usb_ext4/usr/include/aarch64-linux-gnu' '-v' '-o' 'CMakeFiles/cmTC_22aa6.dir/CMakeCXXCompilerABI.cpp.o' '-c' '-shared-libgcc' '-mlittle-endian' '-mabi=lp64' '-dumpdir' 'CMakeFiles/cmTC_22aa6.dir/'
 /home/huy/mnt/usb_ext4/arm-gnu-toolchain-12.2.rel1-x86_64-aarch64-none-linux-gnu/bin/../libexec/gcc/aarch64-none-linux-gnu/12.2.1/cc1plus -quiet -v -I /home/huy/mnt/usb_ext4/usr/include/aarch64-linux-gnu -I /home/huy/mnt/usb_ext4/usr/include/aarch64-linux-gnu -iprefix /home/huy/mnt/usb_ext4/arm-gnu-toolchain-12.2.rel1-x86_64-aarch64-none-linux-gnu/bin/../lib/gcc/aarch64-none-linux-gnu/12.2.1/ -isysroot /home/huy/mnt/usb_ext4 -D_GNU_SOURCE /usr/share/cmake-3.22/Modules/CMakeCXXCompilerABI.cpp -quiet -dumpdir CMakeFiles/cmTC_22aa6.dir/ -dumpbase CMakeCXXCompilerABI.cpp.cpp -dumpbase-ext .cpp -mlittle-endian -mabi=lp64 -version -o /tmp/ccpqqIuR.s
GNU C++17 (Arm GNU Toolchain 12.2.Rel1 (Build arm-12.24)) version 12.2.1 20221205 (aarch64-none-linux-gnu)
	compiled by GNU C version 4.8.5 20150623 (Red Hat 4.8.5-44), GMP version 6.2.1, MPFR version 3.1.6, MPC version 1.0.3, isl version isl-0.15-1-g835ea3a-GMP

GGC heuristics: --param ggc-min-expand=100 --param ggc-min-heapsize=131072
ignoring duplicate directory "/home/huy/mnt/usb_ext4/arm-gnu-toolchain-12.2.rel1-x86_64-aarch64-none-linux-gnu/bin/../lib/gcc/../../lib/gcc/aarch64-none-linux-gnu/12.2.1/../../../../aarch64-none-linux-gnu/include/c++/12.2.1"
ignoring duplicate directory "/home/huy/mnt/usb_ext4/arm-gnu-toolchain-12.2.rel1-x86_64-aarch64-none-linux-gnu/bin/../lib/gcc/../../lib/gcc/aarch64-none-linux-gnu/12.2.1/../../../../aarch64-none-linux-gnu/include/c++/12.2.1/aarch64-none-linux-gnu"
ignoring duplicate directory "/home/huy/mnt/usb_ext4/arm-gnu-toolchain-12.2.rel1-x86_64-aarch64-none-linux-gnu/bin/../lib/gcc/../../lib/gcc/aarch64-none-linux-gnu/12.2.1/../../../../aarch64-none-linux-gnu/include/c++/12.2.1/backward"
ignoring duplicate directory "/home/huy/mnt/usb_ext4/arm-gnu-toolchain-12.2.rel1-x86_64-aarch64-none-linux-gnu/bin/../lib/gcc/../../lib/gcc/aarch64-none-linux-gnu/12.2.1/include"
ignoring duplicate directory "/home/huy/mnt/usb_ext4/arm-gnu-toolchain-12.2.rel1-x86_64-aarch64-none-linux-gnu/bin/../lib/gcc/../../lib/gcc/aarch64-none-linux-gnu/12.2.1/include-fixed"
ignoring duplicate directory "/home/huy/mnt/usb_ext4/arm-gnu-toolchain-12.2.rel1-x86_64-aarch64-none-linux-gnu/bin/../lib/gcc/../../lib/gcc/aarch64-none-linux-gnu/12.2.1/../../../../aarch64-none-linux-gnu/include"
ignoring duplicate directory "/home/huy/mnt/usb_ext4/usr/include/aarch64-linux-gnu"
#include "..." search starts here:
#include <...> search starts here:
 /home/huy/mnt/usb_ext4/usr/include/aarch64-linux-gnu
 /home/huy/mnt/usb_ext4/arm-gnu-toolchain-12.2.rel1-x86_64-aarch64-none-linux-gnu/bin/../lib/gcc/aarch64-none-linux-gnu/12.2.1/../../../../aarch64-none-linux-gnu/include/c++/12.2.1
 /home/huy/mnt/usb_ext4/arm-gnu-toolchain-12.2.rel1-x86_64-aarch64-none-linux-gnu/bin/../lib/gcc/aarch64-none-linux-gnu/12.2.1/../../../../aarch64-none-linux-gnu/include/c++/12.2.1/aarch64-none-linux-gnu
 /home/huy/mnt/usb_ext4/arm-gnu-toolchain-12.2.rel1-x86_64-aarch64-none-linux-gnu/bin/../lib/gcc/aarch64-none-linux-gnu/12.2.1/../../../../aarch64-none-linux-gnu/include/c++/12.2.1/backward
 /home/huy/mnt/usb_ext4/arm-gnu-toolchain-12.2.rel1-x86_64-aarch64-none-linux-gnu/bin/../lib/gcc/aarch64-none-linux-gnu/12.2.1/include
 /home/huy/mnt/usb_ext4/arm-gnu-toolchain-12.2.rel1-x86_64-aarch64-none-linux-gnu/bin/../lib/gcc/aarch64-none-linux-gnu/12.2.1/include-fixed
 /home/huy/mnt/usb_ext4/arm-gnu-toolchain-12.2.rel1-x86_64-aarch64-none-linux-gnu/bin/../lib/gcc/aarch64-none-linux-gnu/12.2.1/../../../../aarch64-none-linux-gnu/include
 /home/huy/mnt/usb_ext4/usr/local/include
 /home/huy/mnt/usb_ext4/usr/include
End of search list.
GNU C++17 (Arm GNU Toolchain 12.2.Rel1 (Build arm-12.24)) version 12.2.1 20221205 (aarch64-none-linux-gnu)
	compiled by GNU C version 4.8.5 20150623 (Red Hat 4.8.5-44), GMP version 6.2.1, MPFR version 3.1.6, MPC version 1.0.3, isl version isl-0.15-1-g835ea3a-GMP

GGC heuristics: --param ggc-min-expand=100 --param ggc-min-heapsize=131072
Compiler executable checksum: 1804f81945819bed8bd692c604ea3611
COLLECT_GCC_OPTIONS='--sysroot=/home/huy/mnt/usb_ext4' '-I' '/home/huy/mnt/usb_ext4/usr/include/aarch64-linux-gnu' '-I' '/home/huy/mnt/usb_ext4/usr/include/aarch64-linux-gnu' '-v' '-o' 'CMakeFiles/cmTC_22aa6.dir/CMakeCXXCompilerABI.cpp.o' '-c' '-shared-libgcc' '-mlittle-endian' '-mabi=lp64' '-dumpdir' 'CMakeFiles/cmTC_22aa6.dir/'
 /home/huy/mnt/usb_ext4/arm-gnu-toolchain-12.2.rel1-x86_64-aarch64-none-linux-gnu/bin/../lib/gcc/aarch64-none-linux-gnu/12.2.1/../../../../aarch64-none-linux-gnu/bin/as -v -I /home/huy/mnt/usb_ext4/usr/include/aarch64-linux-gnu -I /home/huy/mnt/usb_ext4/usr/include/aarch64-linux-gnu -EL -mabi=lp64 -o CMakeFiles/cmTC_22aa6.dir/CMakeCXXCompilerABI.cpp.o /tmp/ccpqqIuR.s
GNU assembler version 2.39.0 (aarch64-none-linux-gnu) using BFD version (Arm GNU Toolchain 12.2.Rel1 (Build arm-12.24)) 2.39.0.20221210
COMPILER_PATH=/home/huy/mnt/usb_ext4/arm-gnu-toolchain-12.2.rel1-x86_64-aarch64-none-linux-gnu/bin/../libexec/gcc/aarch64-none-linux-gnu/12.2.1/:/home/huy/mnt/usb_ext4/arm-gnu-toolchain-12.2.rel1-x86_64-aarch64-none-linux-gnu/bin/../libexec/gcc/:/home/huy/mnt/usb_ext4/arm-gnu-toolchain-12.2.rel1-x86_64-aarch64-none-linux-gnu/bin/../lib/gcc/aarch64-none-linux-gnu/12.2.1/../../../../aarch64-none-linux-gnu/bin/
LIBRARY_PATH=/home/huy/mnt/usb_ext4/arm-gnu-toolchain-12.2.rel1-x86_64-aarch64-none-linux-gnu/bin/../lib/gcc/aarch64-none-linux-gnu/12.2.1/:/home/huy/mnt/usb_ext4/arm-gnu-toolchain-12.2.rel1-x86_64-aarch64-none-linux-gnu/bin/../lib/gcc/:/home/huy/mnt/usb_ext4/arm-gnu-toolchain-12.2.rel1-x86_64-aarch64-none-linux-gnu/bin/../lib/gcc/aarch64-none-linux-gnu/12.2.1/../../../../aarch64-none-linux-gnu/lib/../lib64/:/home/huy/mnt/usb_ext4/arm-gnu-toolchain-12.2.rel1-x86_64-aarch64-none-linux-gnu/bin/../lib/gcc/aarch64-none-linux-gnu/12.2.1/../../../../aarch64-none-linux-gnu/lib/:/home/huy/mnt/usb_ext4/lib/:/home/huy/mnt/usb_ext4/usr/lib/
COLLECT_GCC_OPTIONS='--sysroot=/home/huy/mnt/usb_ext4' '-I' '/home/huy/mnt/usb_ext4/usr/include/aarch64-linux-gnu' '-I' '/home/huy/mnt/usb_ext4/usr/include/aarch64-linux-gnu' '-v' '-o' 'CMakeFiles/cmTC_22aa6.dir/CMakeCXXCompilerABI.cpp.o' '-c' '-shared-libgcc' '-mlittle-endian' '-mabi=lp64' '-dumpdir' 'CMakeFiles/cmTC_22aa6.dir/CMakeCXXCompilerABI.cpp.'
Linking CXX executable cmTC_22aa6
/usr/bin/cmake -E cmake_link_script CMakeFiles/cmTC_22aa6.dir/link.txt --verbose=1
/home/huy/mnt/usb_ext4/arm-gnu-toolchain-12.2.rel1-x86_64-aarch64-none-linux-gnu/bin/aarch64-none-linux-gnu-g++ --sysroot=/home/huy/mnt/usb_ext4  -I/home/huy/mnt/usb_ext4/usr/include/aarch64-linux-gnu -I/home/huy/mnt/usb_ext4/usr/include/aarch64-linux-gnu  --sysroot=/home/huy/mnt/usb_ext4     -B/home/huy/mnt/usb_ext4/usr/lib/aarch64-linux-gnu     -L/home/huy/mnt/usb_ext4/usr/lib/aarch64-linux-gnu     -L/home/huy/mnt/usb_ext4/lib/aarch64-linux-gnu     -Wl,-rpath,/home/huy/mnt/usb_ext4/usr/lib/aarch64-linux-gnu     -Wl,-rpath,/home/huy/mnt/usb_ext4/lib/aarch64-linux-gnu     -Wl,-rpath-link,/home/huy/mnt/usb_ext4/usr/lib/aarch64-linux-gnu     -Wl,-rpath-link,/home/huy/mnt/usb_ext4/lib/aarch64-linux-gnu -v CMakeFiles/cmTC_22aa6.dir/CMakeCXXCompilerABI.cpp.o -o cmTC_22aa6  -lstdc++ -lm -lc 
Using built-in specs.
COLLECT_GCC=/home/huy/mnt/usb_ext4/arm-gnu-toolchain-12.2.rel1-x86_64-aarch64-none-linux-gnu/bin/aarch64-none-linux-gnu-g++
COLLECT_LTO_WRAPPER=/home/huy/mnt/usb_ext4/arm-gnu-toolchain-12.2.rel1-x86_64-aarch64-none-linux-gnu/bin/../libexec/gcc/aarch64-none-linux-gnu/12.2.1/lto-wrapper
Target: aarch64-none-linux-gnu
Configured with: /data/jenkins/workspace/GNU-toolchain/arm-12/src/gcc/configure --target=aarch64-none-linux-gnu --prefix= --with-sysroot=/aarch64-none-linux-gnu/libc --with-build-sysroot=/data/jenkins/workspace/GNU-toolchain/arm-12/build-aarch64-none-linux-gnu/install//aarch64-none-linux-gnu/libc --with-bugurl=https://bugs.linaro.org/ --enable-gnu-indirect-function --enable-shared --disable-libssp --disable-libmudflap --enable-checking=release --enable-languages=c,c++,fortran --with-gmp=/data/jenkins/workspace/GNU-toolchain/arm-12/build-aarch64-none-linux-gnu/host-tools --with-mpfr=/data/jenkins/workspace/GNU-toolchain/arm-12/build-aarch64-none-linux-gnu/host-tools --with-mpc=/data/jenkins/workspace/GNU-toolchain/arm-12/build-aarch64-none-linux-gnu/host-tools --with-isl=/data/jenkins/workspace/GNU-toolchain/arm-12/build-aarch64-none-linux-gnu/host-tools --enable-fix-cortex-a53-843419 --with-pkgversion='Arm GNU Toolchain 12.2.Rel1 (Build arm-12.24)'
Thread model: posix
Supported LTO compression algorithms: zlib
gcc version 12.2.1 20221205 (Arm GNU Toolchain 12.2.Rel1 (Build arm-12.24)) 
COMPILER_PATH=/home/huy/mnt/usb_ext4/usr/lib/aarch64-linux-gnu/:/home/huy/mnt/usb_ext4/arm-gnu-toolchain-12.2.rel1-x86_64-aarch64-none-linux-gnu/bin/../libexec/gcc/aarch64-none-linux-gnu/12.2.1/:/home/huy/mnt/usb_ext4/arm-gnu-toolchain-12.2.rel1-x86_64-aarch64-none-linux-gnu/bin/../libexec/gcc/:/home/huy/mnt/usb_ext4/arm-gnu-toolchain-12.2.rel1-x86_64-aarch64-none-linux-gnu/bin/../lib/gcc/aarch64-none-linux-gnu/12.2.1/../../../../aarch64-none-linux-gnu/bin/
LIBRARY_PATH=/home/huy/mnt/usb_ext4/usr/lib/aarch64-linux-gnu/:/home/huy/mnt/usb_ext4/arm-gnu-toolchain-12.2.rel1-x86_64-aarch64-none-linux-gnu/bin/../lib/gcc/aarch64-none-linux-gnu/12.2.1/:/home/huy/mnt/usb_ext4/arm-gnu-toolchain-12.2.rel1-x86_64-aarch64-none-linux-gnu/bin/../lib/gcc/:/home/huy/mnt/usb_ext4/arm-gnu-toolchain-12.2.rel1-x86_64-aarch64-none-linux-gnu/bin/../lib/gcc/aarch64-none-linux-gnu/12.2.1/../../../../aarch64-none-linux-gnu/lib/../lib64/:/home/huy/mnt/usb_ext4/arm-gnu-toolchain-12.2.rel1-x86_64-aarch64-none-linux-gnu/bin/../lib/gcc/aarch64-none-linux-gnu/12.2.1/../../../../aarch64-none-linux-gnu/lib/:/home/huy/mnt/usb_ext4/lib/:/home/huy/mnt/usb_ext4/usr/lib/
COLLECT_GCC_OPTIONS='--sysroot=/home/huy/mnt/usb_ext4' '-I' '/home/huy/mnt/usb_ext4/usr/include/aarch64-linux-gnu' '-I' '/home/huy/mnt/usb_ext4/usr/include/aarch64-linux-gnu' '--sysroot=/home/huy/mnt/usb_ext4' '-B' '/home/huy/mnt/usb_ext4/usr/lib/aarch64-linux-gnu' '-L/home/huy/mnt/usb_ext4/usr/lib/aarch64-linux-gnu' '-L/home/huy/mnt/usb_ext4/lib/aarch64-linux-gnu' '-v' '-o' 'cmTC_22aa6' '-shared-libgcc' '-mlittle-endian' '-mabi=lp64' '-dumpdir' 'cmTC_22aa6.'
 /home/huy/mnt/usb_ext4/arm-gnu-toolchain-12.2.rel1-x86_64-aarch64-none-linux-gnu/bin/../libexec/gcc/aarch64-none-linux-gnu/12.2.1/collect2 -plugin /home/huy/mnt/usb_ext4/arm-gnu-toolchain-12.2.rel1-x86_64-aarch64-none-linux-gnu/bin/../libexec/gcc/aarch64-none-linux-gnu/12.2.1/liblto_plugin.so -plugin-opt=/home/huy/mnt/usb_ext4/arm-gnu-toolchain-12.2.rel1-x86_64-aarch64-none-linux-gnu/bin/../libexec/gcc/aarch64-none-linux-gnu/12.2.1/lto-wrapper -plugin-opt=-fresolution=/tmp/ccxfX5e7.res -plugin-opt=-pass-through=-lgcc_s -plugin-opt=-pass-through=-lgcc -plugin-opt=-pass-through=-lc -plugin-opt=-pass-through=-lgcc_s -plugin-opt=-pass-through=-lgcc --sysroot=/home/huy/mnt/usb_ext4 --eh-frame-hdr -dynamic-linker /lib/ld-linux-aarch64.so.1 -X -EL -maarch64linux --fix-cortex-a53-843419 -o cmTC_22aa6 /home/huy/mnt/usb_ext4/usr/lib/aarch64-linux-gnu/crt1.o /home/huy/mnt/usb_ext4/usr/lib/aarch64-linux-gnu/crti.o /home/huy/mnt/usb_ext4/arm-gnu-toolchain-12.2.rel1-x86_64-aarch64-none-linux-gnu/bin/../lib/gcc/aarch64-none-linux-gnu/12.2.1/crtbegin.o -L/home/huy/mnt/usb_ext4/usr/lib/aarch64-linux-gnu -L/home/huy/mnt/usb_ext4/lib/aarch64-linux-gnu -L/home/huy/mnt/usb_ext4/usr/lib/aarch64-linux-gnu -L/home/huy/mnt/usb_ext4/arm-gnu-toolchain-12.2.rel1-x86_64-aarch64-none-linux-gnu/bin/../lib/gcc/aarch64-none-linux-gnu/12.2.1 -L/home/huy/mnt/usb_ext4/arm-gnu-toolchain-12.2.rel1-x86_64-aarch64-none-linux-gnu/bin/../lib/gcc -L/home/huy/mnt/usb_ext4/arm-gnu-toolchain-12.2.rel1-x86_64-aarch64-none-linux-gnu/bin/../lib/gcc/aarch64-none-linux-gnu/12.2.1/../../../../aarch64-none-linux-gnu/lib/../lib64 -L/home/huy/mnt/usb_ext4/arm-gnu-toolchain-12.2.rel1-x86_64-aarch64-none-linux-gnu/bin/../lib/gcc/aarch64-none-linux-gnu/12.2.1/../../../../aarch64-none-linux-gnu/lib -L/home/huy/mnt/usb_ext4/lib -L/home/huy/mnt/usb_ext4/usr/lib -rpath /home/huy/mnt/usb_ext4/usr/lib/aarch64-linux-gnu -rpath /home/huy/mnt/usb_ext4/lib/aarch64-linux-gnu -rpath-link /home/huy/mnt/usb_ext4/usr/lib/aarch64-linux-gnu -rpath-link /home/huy/mnt/usb_ext4/lib/aarch64-linux-gnu CMakeFiles/cmTC_22aa6.dir/CMakeCXXCompilerABI.cpp.o -lstdc++ -lstdc++ -lm -lc -lgcc_s -lgcc -lc -lgcc_s -lgcc /home/huy/mnt/usb_ext4/arm-gnu-toolchain-12.2.rel1-x86_64-aarch64-none-linux-gnu/bin/../lib/gcc/aarch64-none-linux-gnu/12.2.1/crtend.o /home/huy/mnt/usb_ext4/usr/lib/aarch64-linux-gnu/crtn.o
COLLECT_GCC_OPTIONS='--sysroot=/home/huy/mnt/usb_ext4' '-I' '/home/huy/mnt/usb_ext4/usr/include/aarch64-linux-gnu' '-I' '/home/huy/mnt/usb_ext4/usr/include/aarch64-linux-gnu' '--sysroot=/home/huy/mnt/usb_ext4' '-B' '/home/huy/mnt/usb_ext4/usr/lib/aarch64-linux-gnu' '-L/home/huy/mnt/usb_ext4/usr/lib/aarch64-linux-gnu' '-L/home/huy/mnt/usb_ext4/lib/aarch64-linux-gnu' '-v' '-o' 'cmTC_22aa6' '-shared-libgcc' '-mlittle-endian' '-mabi=lp64' '-dumpdir' 'cmTC_22aa6.'
gmake[1]: Leaving directory '/home/huy/nav2_ws/Vaccum-Robot-LDS02RR/build/turtlebot3/CMakeFiles/CMakeTmp'



Parsed CXX implicit include dir info from above output: rv=done
  found start of include info
  found start of implicit include info
    add: [/home/huy/mnt/usb_ext4/usr/include/aarch64-linux-gnu]
    add: [/home/huy/mnt/usb_ext4/arm-gnu-toolchain-12.2.rel1-x86_64-aarch64-none-linux-gnu/bin/../lib/gcc/aarch64-none-linux-gnu/12.2.1/../../../../aarch64-none-linux-gnu/include/c++/12.2.1]
    add: [/home/huy/mnt/usb_ext4/arm-gnu-toolchain-12.2.rel1-x86_64-aarch64-none-linux-gnu/bin/../lib/gcc/aarch64-none-linux-gnu/12.2.1/../../../../aarch64-none-linux-gnu/include/c++/12.2.1/aarch64-none-linux-gnu]
    add: [/home/huy/mnt/usb_ext4/arm-gnu-toolchain-12.2.rel1-x86_64-aarch64-none-linux-gnu/bin/../lib/gcc/aarch64-none-linux-gnu/12.2.1/../../../../aarch64-none-linux-gnu/include/c++/12.2.1/backward]
    add: [/home/huy/mnt/usb_ext4/arm-gnu-toolchain-12.2.rel1-x86_64-aarch64-none-linux-gnu/bin/../lib/gcc/aarch64-none-linux-gnu/12.2.1/include]
    add: [/home/huy/mnt/usb_ext4/arm-gnu-toolchain-12.2.rel1-x86_64-aarch64-none-linux-gnu/bin/../lib/gcc/aarch64-none-linux-gnu/12.2.1/include-fixed]
    add: [/home/huy/mnt/usb_ext4/arm-gnu-toolchain-12.2.rel1-x86_64-aarch64-none-linux-gnu/bin/../lib/gcc/aarch64-none-linux-gnu/12.2.1/../../../../aarch64-none-linux-gnu/include]
    add: [/home/huy/mnt/usb_ext4/usr/local/include]
    add: [/home/huy/mnt/usb_ext4/usr/include]
  end of search list found
  collapse include dir [/home/huy/mnt/usb_ext4/usr/include/aarch64-linux-gnu] ==> [/home/huy/mnt/usb_ext4/usr/include/aarch64-linux-gnu]
  collapse include dir [/home/huy/mnt/usb_ext4/arm-gnu-toolchain-12.2.rel1-x86_64-aarch64-none-linux-gnu/bin/../lib/gcc/aarch64-none-linux-gnu/12.2.1/../../../../aarch64-none-linux-gnu/include/c++/12.2.1] ==> [/home/huy/mnt/usb_ext4/arm-gnu-toolchain-12.2.rel1-x86_64-aarch64-none-linux-gnu/aarch64-none-linux-gnu/include/c++/12.2.1]
  collapse include dir [/home/huy/mnt/usb_ext4/arm-gnu-toolchain-12.2.rel1-x86_64-aarch64-none-linux-gnu/bin/../lib/gcc/aarch64-none-linux-gnu/12.2.1/../../../../aarch64-none-linux-gnu/include/c++/12.2.1/aarch64-none-linux-gnu] ==> [/home/huy/mnt/usb_ext4/arm-gnu-toolchain-12.2.rel1-x86_64-aarch64-none-linux-gnu/aarch64-none-linux-gnu/include/c++/12.2.1/aarch64-none-linux-gnu]
  collapse include dir [/home/huy/mnt/usb_ext4/arm-gnu-toolchain-12.2.rel1-x86_64-aarch64-none-linux-gnu/bin/../lib/gcc/aarch64-none-linux-gnu/12.2.1/../../../../aarch64-none-linux-gnu/include/c++/12.2.1/backward] ==> [/home/huy/mnt/usb_ext4/arm-gnu-toolchain-12.2.rel1-x86_64-aarch64-none-linux-gnu/aarch64-none-linux-gnu/include/c++/12.2.1/backward]
  collapse include dir [/home/huy/mnt/usb_ext4/arm-gnu-toolchain-12.2.rel1-x86_64-aarch64-none-linux-gnu/bin/../lib/gcc/aarch64-none-linux-gnu/12.2.1/include] ==> [/home/huy/mnt/usb_ext4/arm-gnu-toolchain-12.2.rel1-x86_64-aarch64-none-linux-gnu/lib/gcc/aarch64-none-linux-gnu/12.2.1/include]
  collapse include dir [/home/huy/mnt/usb_ext4/arm-gnu-toolchain-12.2.rel1-x86_64-aarch64-none-linux-gnu/bin/../lib/gcc/aarch64-none-linux-gnu/12.2.1/include-fixed] ==> [/home/huy/mnt/usb_ext4/arm-gnu-toolchain-12.2.rel1-x86_64-aarch64-none-linux-gnu/lib/gcc/aarch64-none-linux-gnu/12.2.1/include-fixed]
  collapse include dir [/home/huy/mnt/usb_ext4/arm-gnu-toolchain-12.2.rel1-x86_64-aarch64-none-linux-gnu/bin/../lib/gcc/aarch64-none-linux-gnu/12.2.1/../../../../aarch64-none-linux-gnu/include] ==> [/home/huy/mnt/usb_ext4/arm-gnu-toolchain-12.2.rel1-x86_64-aarch64-none-linux-gnu/aarch64-none-linux-gnu/include]
  collapse include dir [/home/huy/mnt/usb_ext4/usr/local/include] ==> [/home/huy/mnt/usb_ext4/usr/local/include]
  collapse include dir [/home/huy/mnt/usb_ext4/usr/include] ==> [/home/huy/mnt/usb_ext4/usr/include]
  implicit include dirs: [/home/huy/mnt/usb_ext4/usr/include/aarch64-linux-gnu;/home/huy/mnt/usb_ext4/arm-gnu-toolchain-12.2.rel1-x86_64-aarch64-none-linux-gnu/aarch64-none-linux-gnu/include/c++/12.2.1;/home/huy/mnt/usb_ext4/arm-gnu-toolchain-12.2.rel1-x86_64-aarch64-none-linux-gnu/aarch64-none-linux-gnu/include/c++/12.2.1/aarch64-none-linux-gnu;/home/huy/mnt/usb_ext4/arm-gnu-toolchain-12.2.rel1-x86_64-aarch64-none-linux-gnu/aarch64-none-linux-gnu/include/c++/12.2.1/backward;/home/huy/mnt/usb_ext4/arm-gnu-toolchain-12.2.rel1-x86_64-aarch64-none-linux-gnu/lib/gcc/aarch64-none-linux-gnu/12.2.1/include;/home/huy/mnt/usb_ext4/arm-gnu-toolchain-12.2.rel1-x86_64-aarch64-none-linux-gnu/lib/gcc/aarch64-none-linux-gnu/12.2.1/include-fixed;/home/huy/mnt/usb_ext4/arm-gnu-toolchain-12.2.rel1-x86_64-aarch64-none-linux-gnu/aarch64-none-linux-gnu/include;/home/huy/mnt/usb_ext4/usr/local/include;/home/huy/mnt/usb_ext4/usr/include]


Parsed CXX implicit link information from above output:
  link line regex: [^( *|.*[/\])(aarch64-none-linux-gnu-ld|CMAKE_LINK_STARTFILE-NOTFOUND|([^/\]+-)?ld|collect2)[^/\]*( |$)]
  ignore line: [Change Dir: /home/huy/nav2_ws/Vaccum-Robot-LDS02RR/build/turtlebot3/CMakeFiles/CMakeTmp]
  ignore line: []
  ignore line: [Run Build Command(s):/usr/bin/gmake -f Makefile cmTC_22aa6/fast && /usr/bin/gmake  -f CMakeFiles/cmTC_22aa6.dir/build.make CMakeFiles/cmTC_22aa6.dir/build]
  ignore line: [gmake[1]: Entering directory '/home/huy/nav2_ws/Vaccum-Robot-LDS02RR/build/turtlebot3/CMakeFiles/CMakeTmp']
  ignore line: [Building CXX object CMakeFiles/cmTC_22aa6.dir/CMakeCXXCompilerABI.cpp.o]
  ignore line: [/home/huy/mnt/usb_ext4/arm-gnu-toolchain-12.2.rel1-x86_64-aarch64-none-linux-gnu/bin/aarch64-none-linux-gnu-g++ --sysroot=/home/huy/mnt/usb_ext4   -I/home/huy/mnt/usb_ext4/usr/include/aarch64-linux-gnu -I/home/huy/mnt/usb_ext4/usr/include/aarch64-linux-gnu    -v -o CMakeFiles/cmTC_22aa6.dir/CMakeCXXCompilerABI.cpp.o -c /usr/share/cmake-3.22/Modules/CMakeCXXCompilerABI.cpp]
  ignore line: [Using built-in specs.]
  ignore line: [COLLECT_GCC=/home/huy/mnt/usb_ext4/arm-gnu-toolchain-12.2.rel1-x86_64-aarch64-none-linux-gnu/bin/aarch64-none-linux-gnu-g++]
  ignore line: [Target: aarch64-none-linux-gnu]
  ignore line: [Configured with: /data/jenkins/workspace/GNU-toolchain/arm-12/src/gcc/configure --target=aarch64-none-linux-gnu --prefix= --with-sysroot=/aarch64-none-linux-gnu/libc --with-build-sysroot=/data/jenkins/workspace/GNU-toolchain/arm-12/build-aarch64-none-linux-gnu/install//aarch64-none-linux-gnu/libc --with-bugurl=https://bugs.linaro.org/ --enable-gnu-indirect-function --enable-shared --disable-libssp --disable-libmudflap --enable-checking=release --enable-languages=c c++ fortran --with-gmp=/data/jenkins/workspace/GNU-toolchain/arm-12/build-aarch64-none-linux-gnu/host-tools --with-mpfr=/data/jenkins/workspace/GNU-toolchain/arm-12/build-aarch64-none-linux-gnu/host-tools --with-mpc=/data/jenkins/workspace/GNU-toolchain/arm-12/build-aarch64-none-linux-gnu/host-tools --with-isl=/data/jenkins/workspace/GNU-toolchain/arm-12/build-aarch64-none-linux-gnu/host-tools --enable-fix-cortex-a53-843419 --with-pkgversion='Arm GNU Toolchain 12.2.Rel1 (Build arm-12.24)']
  ignore line: [Thread model: posix]
  ignore line: [Supported LTO compression algorithms: zlib]
  ignore line: [gcc version 12.2.1 20221205 (Arm GNU Toolchain 12.2.Rel1 (Build arm-12.24)) ]
  ignore line: [COLLECT_GCC_OPTIONS='--sysroot=/home/huy/mnt/usb_ext4' '-I' '/home/huy/mnt/usb_ext4/usr/include/aarch64-linux-gnu' '-I' '/home/huy/mnt/usb_ext4/usr/include/aarch64-linux-gnu' '-v' '-o' 'CMakeFiles/cmTC_22aa6.dir/CMakeCXXCompilerABI.cpp.o' '-c' '-shared-libgcc' '-mlittle-endian' '-mabi=lp64' '-dumpdir' 'CMakeFiles/cmTC_22aa6.dir/']
  ignore line: [ /home/huy/mnt/usb_ext4/arm-gnu-toolchain-12.2.rel1-x86_64-aarch64-none-linux-gnu/bin/../libexec/gcc/aarch64-none-linux-gnu/12.2.1/cc1plus -quiet -v -I /home/huy/mnt/usb_ext4/usr/include/aarch64-linux-gnu -I /home/huy/mnt/usb_ext4/usr/include/aarch64-linux-gnu -iprefix /home/huy/mnt/usb_ext4/arm-gnu-toolchain-12.2.rel1-x86_64-aarch64-none-linux-gnu/bin/../lib/gcc/aarch64-none-linux-gnu/12.2.1/ -isysroot /home/huy/mnt/usb_ext4 -D_GNU_SOURCE /usr/share/cmake-3.22/Modules/CMakeCXXCompilerABI.cpp -quiet -dumpdir CMakeFiles/cmTC_22aa6.dir/ -dumpbase CMakeCXXCompilerABI.cpp.cpp -dumpbase-ext .cpp -mlittle-endian -mabi=lp64 -version -o /tmp/ccpqqIuR.s]
  ignore line: [GNU C++17 (Arm GNU Toolchain 12.2.Rel1 (Build arm-12.24)) version 12.2.1 20221205 (aarch64-none-linux-gnu)]
  ignore line: [	compiled by GNU C version 4.8.5 20150623 (Red Hat 4.8.5-44)  GMP version 6.2.1  MPFR version 3.1.6  MPC version 1.0.3  isl version isl-0.15-1-g835ea3a-GMP]
  ignore line: []
  ignore line: [GGC heuristics: --param ggc-min-expand=100 --param ggc-min-heapsize=131072]
  ignore line: [ignoring duplicate directory "/home/huy/mnt/usb_ext4/arm-gnu-toolchain-12.2.rel1-x86_64-aarch64-none-linux-gnu/bin/../lib/gcc/../../lib/gcc/aarch64-none-linux-gnu/12.2.1/../../../../aarch64-none-linux-gnu/include/c++/12.2.1"]
  ignore line: [ignoring duplicate directory "/home/huy/mnt/usb_ext4/arm-gnu-toolchain-12.2.rel1-x86_64-aarch64-none-linux-gnu/bin/../lib/gcc/../../lib/gcc/aarch64-none-linux-gnu/12.2.1/../../../../aarch64-none-linux-gnu/include/c++/12.2.1/aarch64-none-linux-gnu"]
  ignore line: [ignoring duplicate directory "/home/huy/mnt/usb_ext4/arm-gnu-toolchain-12.2.rel1-x86_64-aarch64-none-linux-gnu/bin/../lib/gcc/../../lib/gcc/aarch64-none-linux-gnu/12.2.1/../../../../aarch64-none-linux-gnu/include/c++/12.2.1/backward"]
  ignore line: [ignoring duplicate directory "/home/huy/mnt/usb_ext4/arm-gnu-toolchain-12.2.rel1-x86_64-aarch64-none-linux-gnu/bin/../lib/gcc/../../lib/gcc/aarch64-none-linux-gnu/12.2.1/include"]
  ignore line: [ignoring duplicate directory "/home/huy/mnt/usb_ext4/arm-gnu-toolchain-12.2.rel1-x86_64-aarch64-none-linux-gnu/bin/../lib/gcc/../../lib/gcc/aarch64-none-linux-gnu/12.2.1/include-fixed"]
  ignore line: [ignoring duplicate directory "/home/huy/mnt/usb_ext4/arm-gnu-toolchain-12.2.rel1-x86_64-aarch64-none-linux-gnu/bin/../lib/gcc/../../lib/gcc/aarch64-none-linux-gnu/12.2.1/../../../../aarch64-none-linux-gnu/include"]
  ignore line: [ignoring duplicate directory "/home/huy/mnt/usb_ext4/usr/include/aarch64-linux-gnu"]
  ignore line: [#include "..." search starts here:]
  ignore line: [#include <...> search starts here:]
  ignore line: [ /home/huy/mnt/usb_ext4/usr/include/aarch64-linux-gnu]
  ignore line: [ /home/huy/mnt/usb_ext4/arm-gnu-toolchain-12.2.rel1-x86_64-aarch64-none-linux-gnu/bin/../lib/gcc/aarch64-none-linux-gnu/12.2.1/../../../../aarch64-none-linux-gnu/include/c++/12.2.1]
  ignore line: [ /home/huy/mnt/usb_ext4/arm-gnu-toolchain-12.2.rel1-x86_64-aarch64-none-linux-gnu/bin/../lib/gcc/aarch64-none-linux-gnu/12.2.1/../../../../aarch64-none-linux-gnu/include/c++/12.2.1/aarch64-none-linux-gnu]
  ignore line: [ /home/huy/mnt/usb_ext4/arm-gnu-toolchain-12.2.rel1-x86_64-aarch64-none-linux-gnu/bin/../lib/gcc/aarch64-none-linux-gnu/12.2.1/../../../../aarch64-none-linux-gnu/include/c++/12.2.1/backward]
  ignore line: [ /home/huy/mnt/usb_ext4/arm-gnu-toolchain-12.2.rel1-x86_64-aarch64-none-linux-gnu/bin/../lib/gcc/aarch64-none-linux-gnu/12.2.1/include]
  ignore line: [ /home/huy/mnt/usb_ext4/arm-gnu-toolchain-12.2.rel1-x86_64-aarch64-none-linux-gnu/bin/../lib/gcc/aarch64-none-linux-gnu/12.2.1/include-fixed]
  ignore line: [ /home/huy/mnt/usb_ext4/arm-gnu-toolchain-12.2.rel1-x86_64-aarch64-none-linux-gnu/bin/../lib/gcc/aarch64-none-linux-gnu/12.2.1/../../../../aarch64-none-linux-gnu/include]
  ignore line: [ /home/huy/mnt/usb_ext4/usr/local/include]
  ignore line: [ /home/huy/mnt/usb_ext4/usr/include]
  ignore line: [End of search list.]
  ignore line: [GNU C++17 (Arm GNU Toolchain 12.2.Rel1 (Build arm-12.24)) version 12.2.1 20221205 (aarch64-none-linux-gnu)]
  ignore line: [	compiled by GNU C version 4.8.5 20150623 (Red Hat 4.8.5-44)  GMP version 6.2.1  MPFR version 3.1.6  MPC version 1.0.3  isl version isl-0.15-1-g835ea3a-GMP]
  ignore line: []
  ignore line: [GGC heuristics: --param ggc-min-expand=100 --param ggc-min-heapsize=131072]
  ignore line: [Compiler executable checksum: 1804f81945819bed8bd692c604ea3611]
  ignore line: [COLLECT_GCC_OPTIONS='--sysroot=/home/huy/mnt/usb_ext4' '-I' '/home/huy/mnt/usb_ext4/usr/include/aarch64-linux-gnu' '-I' '/home/huy/mnt/usb_ext4/usr/include/aarch64-linux-gnu' '-v' '-o' 'CMakeFiles/cmTC_22aa6.dir/CMakeCXXCompilerABI.cpp.o' '-c' '-shared-libgcc' '-mlittle-endian' '-mabi=lp64' '-dumpdir' 'CMakeFiles/cmTC_22aa6.dir/']
  ignore line: [ /home/huy/mnt/usb_ext4/arm-gnu-toolchain-12.2.rel1-x86_64-aarch64-none-linux-gnu/bin/../lib/gcc/aarch64-none-linux-gnu/12.2.1/../../../../aarch64-none-linux-gnu/bin/as -v -I /home/huy/mnt/usb_ext4/usr/include/aarch64-linux-gnu -I /home/huy/mnt/usb_ext4/usr/include/aarch64-linux-gnu -EL -mabi=lp64 -o CMakeFiles/cmTC_22aa6.dir/CMakeCXXCompilerABI.cpp.o /tmp/ccpqqIuR.s]
  ignore line: [GNU assembler version 2.39.0 (aarch64-none-linux-gnu) using BFD version (Arm GNU Toolchain 12.2.Rel1 (Build arm-12.24)) 2.39.0.20221210]
  ignore line: [COMPILER_PATH=/home/huy/mnt/usb_ext4/arm-gnu-toolchain-12.2.rel1-x86_64-aarch64-none-linux-gnu/bin/../libexec/gcc/aarch64-none-linux-gnu/12.2.1/:/home/huy/mnt/usb_ext4/arm-gnu-toolchain-12.2.rel1-x86_64-aarch64-none-linux-gnu/bin/../libexec/gcc/:/home/huy/mnt/usb_ext4/arm-gnu-toolchain-12.2.rel1-x86_64-aarch64-none-linux-gnu/bin/../lib/gcc/aarch64-none-linux-gnu/12.2.1/../../../../aarch64-none-linux-gnu/bin/]
  ignore line: [LIBRARY_PATH=/home/huy/mnt/usb_ext4/arm-gnu-toolchain-12.2.rel1-x86_64-aarch64-none-linux-gnu/bin/../lib/gcc/aarch64-none-linux-gnu/12.2.1/:/home/huy/mnt/usb_ext4/arm-gnu-toolchain-12.2.rel1-x86_64-aarch64-none-linux-gnu/bin/../lib/gcc/:/home/huy/mnt/usb_ext4/arm-gnu-toolchain-12.2.rel1-x86_64-aarch64-none-linux-gnu/bin/../lib/gcc/aarch64-none-linux-gnu/12.2.1/../../../../aarch64-none-linux-gnu/lib/../lib64/:/home/huy/mnt/usb_ext4/arm-gnu-toolchain-12.2.rel1-x86_64-aarch64-none-linux-gnu/bin/../lib/gcc/aarch64-none-linux-gnu/12.2.1/../../../../aarch64-none-linux-gnu/lib/:/home/huy/mnt/usb_ext4/lib/:/home/huy/mnt/usb_ext4/usr/lib/]
  ignore line: [COLLECT_GCC_OPTIONS='--sysroot=/home/huy/mnt/usb_ext4' '-I' '/home/huy/mnt/usb_ext4/usr/include/aarch64-linux-gnu' '-I' '/home/huy/mnt/usb_ext4/usr/include/aarch64-linux-gnu' '-v' '-o' 'CMakeFiles/cmTC_22aa6.dir/CMakeCXXCompilerABI.cpp.o' '-c' '-shared-libgcc' '-mlittle-endian' '-mabi=lp64' '-dumpdir' 'CMakeFiles/cmTC_22aa6.dir/CMakeCXXCompilerABI.cpp.']
  ignore line: [Linking CXX executable cmTC_22aa6]
  ignore line: [/usr/bin/cmake -E cmake_link_script CMakeFiles/cmTC_22aa6.dir/link.txt --verbose=1]
  ignore line: [/home/huy/mnt/usb_ext4/arm-gnu-toolchain-12.2.rel1-x86_64-aarch64-none-linux-gnu/bin/aarch64-none-linux-gnu-g++ --sysroot=/home/huy/mnt/usb_ext4  -I/home/huy/mnt/usb_ext4/usr/include/aarch64-linux-gnu -I/home/huy/mnt/usb_ext4/usr/include/aarch64-linux-gnu  --sysroot=/home/huy/mnt/usb_ext4     -B/home/huy/mnt/usb_ext4/usr/lib/aarch64-linux-gnu     -L/home/huy/mnt/usb_ext4/usr/lib/aarch64-linux-gnu     -L/home/huy/mnt/usb_ext4/lib/aarch64-linux-gnu     -Wl -rpath /home/huy/mnt/usb_ext4/usr/lib/aarch64-linux-gnu     -Wl -rpath /home/huy/mnt/usb_ext4/lib/aarch64-linux-gnu     -Wl -rpath-link /home/huy/mnt/usb_ext4/usr/lib/aarch64-linux-gnu     -Wl -rpath-link /home/huy/mnt/usb_ext4/lib/aarch64-linux-gnu -v CMakeFiles/cmTC_22aa6.dir/CMakeCXXCompilerABI.cpp.o -o cmTC_22aa6  -lstdc++ -lm -lc ]
  ignore line: [Using built-in specs.]
  ignore line: [COLLECT_GCC=/home/huy/mnt/usb_ext4/arm-gnu-toolchain-12.2.rel1-x86_64-aarch64-none-linux-gnu/bin/aarch64-none-linux-gnu-g++]
  ignore line: [COLLECT_LTO_WRAPPER=/home/huy/mnt/usb_ext4/arm-gnu-toolchain-12.2.rel1-x86_64-aarch64-none-linux-gnu/bin/../libexec/gcc/aarch64-none-linux-gnu/12.2.1/lto-wrapper]
  ignore line: [Target: aarch64-none-linux-gnu]
  ignore line: [Configured with: /data/jenkins/workspace/GNU-toolchain/arm-12/src/gcc/configure --target=aarch64-none-linux-gnu --prefix= --with-sysroot=/aarch64-none-linux-gnu/libc --with-build-sysroot=/data/jenkins/workspace/GNU-toolchain/arm-12/build-aarch64-none-linux-gnu/install//aarch64-none-linux-gnu/libc --with-bugurl=https://bugs.linaro.org/ --enable-gnu-indirect-function --enable-shared --disable-libssp --disable-libmudflap --enable-checking=release --enable-languages=c c++ fortran --with-gmp=/data/jenkins/workspace/GNU-toolchain/arm-12/build-aarch64-none-linux-gnu/host-tools --with-mpfr=/data/jenkins/workspace/GNU-toolchain/arm-12/build-aarch64-none-linux-gnu/host-tools --with-mpc=/data/jenkins/workspace/GNU-toolchain/arm-12/build-aarch64-none-linux-gnu/host-tools --with-isl=/data/jenkins/workspace/GNU-toolchain/arm-12/build-aarch64-none-linux-gnu/host-tools --enable-fix-cortex-a53-843419 --with-pkgversion='Arm GNU Toolchain 12.2.Rel1 (Build arm-12.24)']
  ignore line: [Thread model: posix]
  ignore line: [Supported LTO compression algorithms: zlib]
  ignore line: [gcc version 12.2.1 20221205 (Arm GNU Toolchain 12.2.Rel1 (Build arm-12.24)) ]
  ignore line: [COMPILER_PATH=/home/huy/mnt/usb_ext4/usr/lib/aarch64-linux-gnu/:/home/huy/mnt/usb_ext4/arm-gnu-toolchain-12.2.rel1-x86_64-aarch64-none-linux-gnu/bin/../libexec/gcc/aarch64-none-linux-gnu/12.2.1/:/home/huy/mnt/usb_ext4/arm-gnu-toolchain-12.2.rel1-x86_64-aarch64-none-linux-gnu/bin/../libexec/gcc/:/home/huy/mnt/usb_ext4/arm-gnu-toolchain-12.2.rel1-x86_64-aarch64-none-linux-gnu/bin/../lib/gcc/aarch64-none-linux-gnu/12.2.1/../../../../aarch64-none-linux-gnu/bin/]
  ignore line: [LIBRARY_PATH=/home/huy/mnt/usb_ext4/usr/lib/aarch64-linux-gnu/:/home/huy/mnt/usb_ext4/arm-gnu-toolchain-12.2.rel1-x86_64-aarch64-none-linux-gnu/bin/../lib/gcc/aarch64-none-linux-gnu/12.2.1/:/home/huy/mnt/usb_ext4/arm-gnu-toolchain-12.2.rel1-x86_64-aarch64-none-linux-gnu/bin/../lib/gcc/:/home/huy/mnt/usb_ext4/arm-gnu-toolchain-12.2.rel1-x86_64-aarch64-none-linux-gnu/bin/../lib/gcc/aarch64-none-linux-gnu/12.2.1/../../../../aarch64-none-linux-gnu/lib/../lib64/:/home/huy/mnt/usb_ext4/arm-gnu-toolchain-12.2.rel1-x86_64-aarch64-none-linux-gnu/bin/../lib/gcc/aarch64-none-linux-gnu/12.2.1/../../../../aarch64-none-linux-gnu/lib/:/home/huy/mnt/usb_ext4/lib/:/home/huy/mnt/usb_ext4/usr/lib/]
  ignore line: [COLLECT_GCC_OPTIONS='--sysroot=/home/huy/mnt/usb_ext4' '-I' '/home/huy/mnt/usb_ext4/usr/include/aarch64-linux-gnu' '-I' '/home/huy/mnt/usb_ext4/usr/include/aarch64-linux-gnu' '--sysroot=/home/huy/mnt/usb_ext4' '-B' '/home/huy/mnt/usb_ext4/usr/lib/aarch64-linux-gnu' '-L/home/huy/mnt/usb_ext4/usr/lib/aarch64-linux-gnu' '-L/home/huy/mnt/usb_ext4/lib/aarch64-linux-gnu' '-v' '-o' 'cmTC_22aa6' '-shared-libgcc' '-mlittle-endian' '-mabi=lp64' '-dumpdir' 'cmTC_22aa6.']
  link line: [ /home/huy/mnt/usb_ext4/arm-gnu-toolchain-12.2.rel1-x86_64-aarch64-none-linux-gnu/bin/../libexec/gcc/aarch64-none-linux-gnu/12.2.1/collect2 -plugin /home/huy/mnt/usb_ext4/arm-gnu-toolchain-12.2.rel1-x86_64-aarch64-none-linux-gnu/bin/../libexec/gcc/aarch64-none-linux-gnu/12.2.1/liblto_plugin.so -plugin-opt=/home/huy/mnt/usb_ext4/arm-gnu-toolchain-12.2.rel1-x86_64-aarch64-none-linux-gnu/bin/../libexec/gcc/aarch64-none-linux-gnu/12.2.1/lto-wrapper -plugin-opt=-fresolution=/tmp/ccxfX5e7.res -plugin-opt=-pass-through=-lgcc_s -plugin-opt=-pass-through=-lgcc -plugin-opt=-pass-through=-lc -plugin-opt=-pass-through=-lgcc_s -plugin-opt=-pass-through=-lgcc --sysroot=/home/huy/mnt/usb_ext4 --eh-frame-hdr -dynamic-linker /lib/ld-linux-aarch64.so.1 -X -EL -maarch64linux --fix-cortex-a53-843419 -o cmTC_22aa6 /home/huy/mnt/usb_ext4/usr/lib/aarch64-linux-gnu/crt1.o /home/huy/mnt/usb_ext4/usr/lib/aarch64-linux-gnu/crti.o /home/huy/mnt/usb_ext4/arm-gnu-toolchain-12.2.rel1-x86_64-aarch64-none-linux-gnu/bin/../lib/gcc/aarch64-none-linux-gnu/12.2.1/crtbegin.o -L/home/huy/mnt/usb_ext4/usr/lib/aarch64-linux-gnu -L/home/huy/mnt/usb_ext4/lib/aarch64-linux-gnu -L/home/huy/mnt/usb_ext4/usr/lib/aarch64-linux-gnu -L/home/huy/mnt/usb_ext4/arm-gnu-toolchain-12.2.rel1-x86_64-aarch64-none-linux-gnu/bin/../lib/gcc/aarch64-none-linux-gnu/12.2.1 -L/home/huy/mnt/usb_ext4/arm-gnu-toolchain-12.2.rel1-x86_64-aarch64-none-linux-gnu/bin/../lib/gcc -L/home/huy/mnt/usb_ext4/arm-gnu-toolchain-12.2.rel1-x86_64-aarch64-none-linux-gnu/bin/../lib/gcc/aarch64-none-linux-gnu/12.2.1/../../../../aarch64-none-linux-gnu/lib/../lib64 -L/home/huy/mnt/usb_ext4/arm-gnu-toolchain-12.2.rel1-x86_64-aarch64-none-linux-gnu/bin/../lib/gcc/aarch64-none-linux-gnu/12.2.1/../../../../aarch64-none-linux-gnu/lib -L/home/huy/mnt/usb_ext4/lib -L/home/huy/mnt/usb_ext4/usr/lib -rpath /home/huy/mnt/usb_ext4/usr/lib/aarch64-linux-gnu -rpath /home/huy/mnt/usb_ext4/lib/aarch64-linux-gnu -rpath-link /home/huy/mnt/usb_ext4/usr/lib/aarch64-linux-gnu -rpath-link /home/huy/mnt/usb_ext4/lib/aarch64-linux-gnu CMakeFiles/cmTC_22aa6.dir/CMakeCXXCompilerABI.cpp.o -lstdc++ -lstdc++ -lm -lc -lgcc_s -lgcc -lc -lgcc_s -lgcc /home/huy/mnt/usb_ext4/arm-gnu-toolchain-12.2.rel1-x86_64-aarch64-none-linux-gnu/bin/../lib/gcc/aarch64-none-linux-gnu/12.2.1/crtend.o /home/huy/mnt/usb_ext4/usr/lib/aarch64-linux-gnu/crtn.o]
    arg [/home/huy/mnt/usb_ext4/arm-gnu-toolchain-12.2.rel1-x86_64-aarch64-none-linux-gnu/bin/../libexec/gcc/aarch64-none-linux-gnu/12.2.1/collect2] ==> ignore
    arg [-plugin] ==> ignore
    arg [/home/huy/mnt/usb_ext4/arm-gnu-toolchain-12.2.rel1-x86_64-aarch64-none-linux-gnu/bin/../libexec/gcc/aarch64-none-linux-gnu/12.2.1/liblto_plugin.so] ==> ignore
    arg [-plugin-opt=/home/huy/mnt/usb_ext4/arm-gnu-toolchain-12.2.rel1-x86_64-aarch64-none-linux-gnu/bin/../libexec/gcc/aarch64-none-linux-gnu/12.2.1/lto-wrapper] ==> ignore
    arg [-plugin-opt=-fresolution=/tmp/ccxfX5e7.res] ==> ignore
    arg [-plugin-opt=-pass-through=-lgcc_s] ==> ignore
    arg [-plugin-opt=-pass-through=-lgcc] ==> ignore
    arg [-plugin-opt=-pass-through=-lc] ==> ignore
    arg [-plugin-opt=-pass-through=-lgcc_s] ==> ignore
    arg [-plugin-opt=-pass-through=-lgcc] ==> ignore
    arg [--sysroot=/home/huy/mnt/usb_ext4] ==> ignore
    arg [--eh-frame-hdr] ==> ignore
    arg [-dynamic-linker] ==> ignore
    arg [/lib/ld-linux-aarch64.so.1] ==> ignore
    arg [-X] ==> ignore
    arg [-EL] ==> ignore
    arg [-maarch64linux] ==> ignore
    arg [--fix-cortex-a53-843419] ==> ignore
    arg [-o] ==> ignore
    arg [cmTC_22aa6] ==> ignore
    arg [/home/huy/mnt/usb_ext4/usr/lib/aarch64-linux-gnu/crt1.o] ==> obj [/home/huy/mnt/usb_ext4/usr/lib/aarch64-linux-gnu/crt1.o]
    arg [/home/huy/mnt/usb_ext4/usr/lib/aarch64-linux-gnu/crti.o] ==> obj [/home/huy/mnt/usb_ext4/usr/lib/aarch64-linux-gnu/crti.o]
    arg [/home/huy/mnt/usb_ext4/arm-gnu-toolchain-12.2.rel1-x86_64-aarch64-none-linux-gnu/bin/../lib/gcc/aarch64-none-linux-gnu/12.2.1/crtbegin.o] ==> obj [/home/huy/mnt/usb_ext4/arm-gnu-toolchain-12.2.rel1-x86_64-aarch64-none-linux-gnu/bin/../lib/gcc/aarch64-none-linux-gnu/12.2.1/crtbegin.o]
    arg [-L/home/huy/mnt/usb_ext4/usr/lib/aarch64-linux-gnu] ==> dir [/home/huy/mnt/usb_ext4/usr/lib/aarch64-linux-gnu]
    arg [-L/home/huy/mnt/usb_ext4/lib/aarch64-linux-gnu] ==> dir [/home/huy/mnt/usb_ext4/lib/aarch64-linux-gnu]
    arg [-L/home/huy/mnt/usb_ext4/usr/lib/aarch64-linux-gnu] ==> dir [/home/huy/mnt/usb_ext4/usr/lib/aarch64-linux-gnu]
    arg [-L/home/huy/mnt/usb_ext4/arm-gnu-toolchain-12.2.rel1-x86_64-aarch64-none-linux-gnu/bin/../lib/gcc/aarch64-none-linux-gnu/12.2.1] ==> dir [/home/huy/mnt/usb_ext4/arm-gnu-toolchain-12.2.rel1-x86_64-aarch64-none-linux-gnu/bin/../lib/gcc/aarch64-none-linux-gnu/12.2.1]
    arg [-L/home/huy/mnt/usb_ext4/arm-gnu-toolchain-12.2.rel1-x86_64-aarch64-none-linux-gnu/bin/../lib/gcc] ==> dir [/home/huy/mnt/usb_ext4/arm-gnu-toolchain-12.2.rel1-x86_64-aarch64-none-linux-gnu/bin/../lib/gcc]
    arg [-L/home/huy/mnt/usb_ext4/arm-gnu-toolchain-12.2.rel1-x86_64-aarch64-none-linux-gnu/bin/../lib/gcc/aarch64-none-linux-gnu/12.2.1/../../../../aarch64-none-linux-gnu/lib/../lib64] ==> dir [/home/huy/mnt/usb_ext4/arm-gnu-toolchain-12.2.rel1-x86_64-aarch64-none-linux-gnu/bin/../lib/gcc/aarch64-none-linux-gnu/12.2.1/../../../../aarch64-none-linux-gnu/lib/../lib64]
    arg [-L/home/huy/mnt/usb_ext4/arm-gnu-toolchain-12.2.rel1-x86_64-aarch64-none-linux-gnu/bin/../lib/gcc/aarch64-none-linux-gnu/12.2.1/../../../../aarch64-none-linux-gnu/lib] ==> dir [/home/huy/mnt/usb_ext4/arm-gnu-toolchain-12.2.rel1-x86_64-aarch64-none-linux-gnu/bin/../lib/gcc/aarch64-none-linux-gnu/12.2.1/../../../../aarch64-none-linux-gnu/lib]
    arg [-L/home/huy/mnt/usb_ext4/lib] ==> dir [/home/huy/mnt/usb_ext4/lib]
    arg [-L/home/huy/mnt/usb_ext4/usr/lib] ==> dir [/home/huy/mnt/usb_ext4/usr/lib]
    arg [-rpath] ==> ignore
    arg [/home/huy/mnt/usb_ext4/usr/lib/aarch64-linux-gnu] ==> ignore
    arg [-rpath] ==> ignore
    arg [/home/huy/mnt/usb_ext4/lib/aarch64-linux-gnu] ==> ignore
    arg [-rpath-link] ==> ignore
    arg [/home/huy/mnt/usb_ext4/usr/lib/aarch64-linux-gnu] ==> ignore
    arg [-rpath-link] ==> ignore
    arg [/home/huy/mnt/usb_ext4/lib/aarch64-linux-gnu] ==> ignore
    arg [CMakeFiles/cmTC_22aa6.dir/CMakeCXXCompilerABI.cpp.o] ==> ignore
    arg [-lstdc++] ==> lib [stdc++]
    arg [-lstdc++] ==> lib [stdc++]
    arg [-lm] ==> lib [m]
    arg [-lc] ==> lib [c]
    arg [-lgcc_s] ==> lib [gcc_s]
    arg [-lgcc] ==> lib [gcc]
    arg [-lc] ==> lib [c]
    arg [-lgcc_s] ==> lib [gcc_s]
    arg [-lgcc] ==> lib [gcc]
    arg [/home/huy/mnt/usb_ext4/arm-gnu-toolchain-12.2.rel1-x86_64-aarch64-none-linux-gnu/bin/../lib/gcc/aarch64-none-linux-gnu/12.2.1/crtend.o] ==> obj [/home/huy/mnt/usb_ext4/arm-gnu-toolchain-12.2.rel1-x86_64-aarch64-none-linux-gnu/bin/../lib/gcc/aarch64-none-linux-gnu/12.2.1/crtend.o]
    arg [/home/huy/mnt/usb_ext4/usr/lib/aarch64-linux-gnu/crtn.o] ==> obj [/home/huy/mnt/usb_ext4/usr/lib/aarch64-linux-gnu/crtn.o]
  collapse obj [/home/huy/mnt/usb_ext4/arm-gnu-toolchain-12.2.rel1-x86_64-aarch64-none-linux-gnu/bin/../lib/gcc/aarch64-none-linux-gnu/12.2.1/crtbegin.o] ==> [/home/huy/mnt/usb_ext4/arm-gnu-toolchain-12.2.rel1-x86_64-aarch64-none-linux-gnu/lib/gcc/aarch64-none-linux-gnu/12.2.1/crtbegin.o]
  collapse obj [/home/huy/mnt/usb_ext4/arm-gnu-toolchain-12.2.rel1-x86_64-aarch64-none-linux-gnu/bin/../lib/gcc/aarch64-none-linux-gnu/12.2.1/crtend.o] ==> [/home/huy/mnt/usb_ext4/arm-gnu-toolchain-12.2.rel1-x86_64-aarch64-none-linux-gnu/lib/gcc/aarch64-none-linux-gnu/12.2.1/crtend.o]
  collapse library dir [/home/huy/mnt/usb_ext4/usr/lib/aarch64-linux-gnu] ==> [/home/huy/mnt/usb_ext4/usr/lib/aarch64-linux-gnu]
  collapse library dir [/home/huy/mnt/usb_ext4/lib/aarch64-linux-gnu] ==> [/home/huy/mnt/usb_ext4/lib/aarch64-linux-gnu]
  collapse library dir [/home/huy/mnt/usb_ext4/usr/lib/aarch64-linux-gnu] ==> [/home/huy/mnt/usb_ext4/usr/lib/aarch64-linux-gnu]
  collapse library dir [/home/huy/mnt/usb_ext4/arm-gnu-toolchain-12.2.rel1-x86_64-aarch64-none-linux-gnu/bin/../lib/gcc/aarch64-none-linux-gnu/12.2.1] ==> [/home/huy/mnt/usb_ext4/arm-gnu-toolchain-12.2.rel1-x86_64-aarch64-none-linux-gnu/lib/gcc/aarch64-none-linux-gnu/12.2.1]
  collapse library dir [/home/huy/mnt/usb_ext4/arm-gnu-toolchain-12.2.rel1-x86_64-aarch64-none-linux-gnu/bin/../lib/gcc] ==> [/home/huy/mnt/usb_ext4/arm-gnu-toolchain-12.2.rel1-x86_64-aarch64-none-linux-gnu/lib/gcc]
  collapse library dir [/home/huy/mnt/usb_ext4/arm-gnu-toolchain-12.2.rel1-x86_64-aarch64-none-linux-gnu/bin/../lib/gcc/aarch64-none-linux-gnu/12.2.1/../../../../aarch64-none-linux-gnu/lib/../lib64] ==> [/home/huy/mnt/usb_ext4/arm-gnu-toolchain-12.2.rel1-x86_64-aarch64-none-linux-gnu/aarch64-none-linux-gnu/lib64]
  collapse library dir [/home/huy/mnt/usb_ext4/arm-gnu-toolchain-12.2.rel1-x86_64-aarch64-none-linux-gnu/bin/../lib/gcc/aarch64-none-linux-gnu/12.2.1/../../../../aarch64-none-linux-gnu/lib] ==> [/home/huy/mnt/usb_ext4/arm-gnu-toolchain-12.2.rel1-x86_64-aarch64-none-linux-gnu/aarch64-none-linux-gnu/lib]
  collapse library dir [/home/huy/mnt/usb_ext4/lib] ==> [/home/huy/mnt/usb_ext4/lib]
  collapse library dir [/home/huy/mnt/usb_ext4/usr/lib] ==> [/home/huy/mnt/usb_ext4/usr/lib]
  implicit libs: [stdc++;stdc++;m;c;gcc_s;gcc;c;gcc_s;gcc]
  implicit objs: [/home/huy/mnt/usb_ext4/usr/lib/aarch64-linux-gnu/crt1.o;/home/huy/mnt/usb_ext4/usr/lib/aarch64-linux-gnu/crti.o;/home/huy/mnt/usb_ext4/arm-gnu-toolchain-12.2.rel1-x86_64-aarch64-none-linux-gnu/lib/gcc/aarch64-none-linux-gnu/12.2.1/crtbegin.o;/home/huy/mnt/usb_ext4/arm-gnu-toolchain-12.2.rel1-x86_64-aarch64-none-linux-gnu/lib/gcc/aarch64-none-linux-gnu/12.2.1/crtend.o;/home/huy/mnt/usb_ext4/usr/lib/aarch64-linux-gnu/crtn.o]
  implicit dirs: [/home/huy/mnt/usb_ext4/usr/lib/aarch64-linux-gnu;/home/huy/mnt/usb_ext4/lib/aarch64-linux-gnu;/home/huy/mnt/usb_ext4/arm-gnu-toolchain-12.2.rel1-x86_64-aarch64-none-linux-gnu/lib/gcc/aarch64-none-linux-gnu/12.2.1;/home/huy/mnt/usb_ext4/arm-gnu-toolchain-12.2.rel1-x86_64-aarch64-none-linux-gnu/lib/gcc;/home/huy/mnt/usb_ext4/arm-gnu-toolchain-12.2.rel1-x86_64-aarch64-none-linux-gnu/aarch64-none-linux-gnu/lib64;/home/huy/mnt/usb_ext4/arm-gnu-toolchain-12.2.rel1-x86_64-aarch64-none-linux-gnu/aarch64-none-linux-gnu/lib;/home/huy/mnt/usb_ext4/lib;/home/huy/mnt/usb_ext4/usr/lib]
  implicit fwks: []


The target system is: Linux -  - aarch64
The host system is: Linux - 6.8.0-65-generic - x86_64
Compiling the C compiler identification source file "CMakeCCompilerId.c" succeeded.
Compiler: /home/huy/mnt/usb_ext4/arm-gnu-toolchain-12.2.rel1-x86_64-aarch64-none-linux-gnu/bin/aarch64-none-linux-gnu-gcc 
Build flags: ;-I/home/huy/mnt/usb_ext4/usr/include/aarch64-linux-gnu;-I/home/huy/mnt/usb_ext4/usr/include/aarch64-linux-gnu
Id flags:  

The output was:
0


Compilation of the C compiler identification source "CMakeCCompilerId.c" produced "a.out"

The C compiler identification is GNU, found in "/home/huy/nav2_ws/Vaccum-Robot-LDS02RR/build/turtlebot3/CMakeFiles/3.22.1/CompilerIdC/a.out"

Compiling the CXX compiler identification source file "CMakeCXXCompilerId.cpp" succeeded.
Compiler: /home/huy/mnt/usb_ext4/arm-gnu-toolchain-12.2.rel1-x86_64-aarch64-none-linux-gnu/bin/aarch64-none-linux-gnu-g++ 
Build flags: ;-I/home/huy/mnt/usb_ext4/usr/include/aarch64-linux-gnu;-I/home/huy/mnt/usb_ext4/usr/include/aarch64-linux-gnu
Id flags:  

The output was:
0


Compilation of the CXX compiler identification source "CMakeCXXCompilerId.cpp" produced "a.out"

The CXX compiler identification is GNU, found in "/home/huy/nav2_ws/Vaccum-Robot-LDS02RR/build/turtlebot3/CMakeFiles/3.22.1/CompilerIdCXX/a.out"

Detecting C compiler ABI info compiled with the following output:
Change Dir: /home/huy/nav2_ws/Vaccum-Robot-LDS02RR/build/turtlebot3/CMakeFiles/CMakeTmp

Run Build Command(s):/usr/bin/gmake -f Makefile cmTC_0ead2/fast && /usr/bin/gmake  -f CMakeFiles/cmTC_0ead2.dir/build.make CMakeFiles/cmTC_0ead2.dir/build
gmake[1]: Entering directory '/home/huy/nav2_ws/Vaccum-Robot-LDS02RR/build/turtlebot3/CMakeFiles/CMakeTmp'
Building C object CMakeFiles/cmTC_0ead2.dir/CMakeCCompilerABI.c.o
/home/huy/mnt/usb_ext4/arm-gnu-toolchain-12.2.rel1-x86_64-aarch64-none-linux-gnu/bin/aarch64-none-linux-gnu-gcc --sysroot=/home/huy/mnt/usb_ext4   -I/home/huy/mnt/usb_ext4/usr/include/aarch64-linux-gnu -I/home/huy/mnt/usb_ext4/usr/include/aarch64-linux-gnu    -v -o CMakeFiles/cmTC_0ead2.dir/CMakeCCompilerABI.c.o -c /usr/share/cmake-3.22/Modules/CMakeCCompilerABI.c
Using built-in specs.
COLLECT_GCC=/home/huy/mnt/usb_ext4/arm-gnu-toolchain-12.2.rel1-x86_64-aarch64-none-linux-gnu/bin/aarch64-none-linux-gnu-gcc
Target: aarch64-none-linux-gnu
Configured with: /data/jenkins/workspace/GNU-toolchain/arm-12/src/gcc/configure --target=aarch64-none-linux-gnu --prefix= --with-sysroot=/aarch64-none-linux-gnu/libc --with-build-sysroot=/data/jenkins/workspace/GNU-toolchain/arm-12/build-aarch64-none-linux-gnu/install//aarch64-none-linux-gnu/libc --with-bugurl=https://bugs.linaro.org/ --enable-gnu-indirect-function --enable-shared --disable-libssp --disable-libmudflap --enable-checking=release --enable-languages=c,c++,fortran --with-gmp=/data/jenkins/workspace/GNU-toolchain/arm-12/build-aarch64-none-linux-gnu/host-tools --with-mpfr=/data/jenkins/workspace/GNU-toolchain/arm-12/build-aarch64-none-linux-gnu/host-tools --with-mpc=/data/jenkins/workspace/GNU-toolchain/arm-12/build-aarch64-none-linux-gnu/host-tools --with-isl=/data/jenkins/workspace/GNU-toolchain/arm-12/build-aarch64-none-linux-gnu/host-tools --enable-fix-cortex-a53-843419 --with-pkgversion='Arm GNU Toolchain 12.2.Rel1 (Build arm-12.24)'
Thread model: posix
Supported LTO compression algorithms: zlib
gcc version 12.2.1 20221205 (Arm GNU Toolchain 12.2.Rel1 (Build arm-12.24)) 
COLLECT_GCC_OPTIONS='--sysroot=/home/huy/mnt/usb_ext4' '-I' '/home/huy/mnt/usb_ext4/usr/include/aarch64-linux-gnu' '-I' '/home/huy/mnt/usb_ext4/usr/include/aarch64-linux-gnu' '-v' '-o' 'CMakeFiles/cmTC_0ead2.dir/CMakeCCompilerABI.c.o' '-c' '-mlittle-endian' '-mabi=lp64' '-dumpdir' 'CMakeFiles/cmTC_0ead2.dir/'
 /home/huy/mnt/usb_ext4/arm-gnu-toolchain-12.2.rel1-x86_64-aarch64-none-linux-gnu/bin/../libexec/gcc/aarch64-none-linux-gnu/12.2.1/cc1 -quiet -v -I /home/huy/mnt/usb_ext4/usr/include/aarch64-linux-gnu -I /home/huy/mnt/usb_ext4/usr/include/aarch64-linux-gnu -iprefix /home/huy/mnt/usb_ext4/arm-gnu-toolchain-12.2.rel1-x86_64-aarch64-none-linux-gnu/bin/../lib/gcc/aarch64-none-linux-gnu/12.2.1/ -isysroot /home/huy/mnt/usb_ext4 /usr/share/cmake-3.22/Modules/CMakeCCompilerABI.c -quiet -dumpdir CMakeFiles/cmTC_0ead2.dir/ -dumpbase CMakeCCompilerABI.c.c -dumpbase-ext .c -mlittle-endian -mabi=lp64 -version -o /tmp/cc52kqfU.s
GNU C17 (Arm GNU Toolchain 12.2.Rel1 (Build arm-12.24)) version 12.2.1 20221205 (aarch64-none-linux-gnu)
	compiled by GNU C version 4.8.5 20150623 (Red Hat 4.8.5-44), GMP version 6.2.1, MPFR version 3.1.6, MPC version 1.0.3, isl version isl-0.15-1-g835ea3a-GMP

GGC heuristics: --param ggc-min-expand=100 --param ggc-min-heapsize=131072
ignoring duplicate directory "/home/huy/mnt/usb_ext4/arm-gnu-toolchain-12.2.rel1-x86_64-aarch64-none-linux-gnu/bin/../lib/gcc/../../lib/gcc/aarch64-none-linux-gnu/12.2.1/include"
ignoring duplicate directory "/home/huy/mnt/usb_ext4/arm-gnu-toolchain-12.2.rel1-x86_64-aarch64-none-linux-gnu/bin/../lib/gcc/../../lib/gcc/aarch64-none-linux-gnu/12.2.1/include-fixed"
ignoring duplicate directory "/home/huy/mnt/usb_ext4/arm-gnu-toolchain-12.2.rel1-x86_64-aarch64-none-linux-gnu/bin/../lib/gcc/../../lib/gcc/aarch64-none-linux-gnu/12.2.1/../../../../aarch64-none-linux-gnu/include"
ignoring duplicate directory "/home/huy/mnt/usb_ext4/usr/include/aarch64-linux-gnu"
#include "..." search starts here:
#include <...> search starts here:
 /home/huy/mnt/usb_ext4/usr/include/aarch64-linux-gnu
 /home/huy/mnt/usb_ext4/arm-gnu-toolchain-12.2.rel1-x86_64-aarch64-none-linux-gnu/bin/../lib/gcc/aarch64-none-linux-gnu/12.2.1/include
 /home/huy/mnt/usb_ext4/arm-gnu-toolchain-12.2.rel1-x86_64-aarch64-none-linux-gnu/bin/../lib/gcc/aarch64-none-linux-gnu/12.2.1/include-fixed
 /home/huy/mnt/usb_ext4/arm-gnu-toolchain-12.2.rel1-x86_64-aarch64-none-linux-gnu/bin/../lib/gcc/aarch64-none-linux-gnu/12.2.1/../../../../aarch64-none-linux-gnu/include
 /home/huy/mnt/usb_ext4/usr/local/include
 /home/huy/mnt/usb_ext4/usr/include
End of search list.
GNU C17 (Arm GNU Toolchain 12.2.Rel1 (Build arm-12.24)) version 12.2.1 20221205 (aarch64-none-linux-gnu)
	compiled by GNU C version 4.8.5 20150623 (Red Hat 4.8.5-44), GMP version 6.2.1, MPFR version 3.1.6, MPC version 1.0.3, isl version isl-0.15-1-g835ea3a-GMP

GGC heuristics: --param ggc-min-expand=100 --param ggc-min-heapsize=131072
Compiler executable checksum: 3d707e77bbf1554b55e59e9fce61bc60
COLLECT_GCC_OPTIONS='--sysroot=/home/huy/mnt/usb_ext4' '-I' '/home/huy/mnt/usb_ext4/usr/include/aarch64-linux-gnu' '-I' '/home/huy/mnt/usb_ext4/usr/include/aarch64-linux-gnu' '-v' '-o' 'CMakeFiles/cmTC_0ead2.dir/CMakeCCompilerABI.c.o' '-c' '-mlittle-endian' '-mabi=lp64' '-dumpdir' 'CMakeFiles/cmTC_0ead2.dir/'
 /home/huy/mnt/usb_ext4/arm-gnu-toolchain-12.2.rel1-x86_64-aarch64-none-linux-gnu/bin/../lib/gcc/aarch64-none-linux-gnu/12.2.1/../../../../aarch64-none-linux-gnu/bin/as -v -I /home/huy/mnt/usb_ext4/usr/include/aarch64-linux-gnu -I /home/huy/mnt/usb_ext4/usr/include/aarch64-linux-gnu -EL -mabi=lp64 -o CMakeFiles/cmTC_0ead2.dir/CMakeCCompilerABI.c.o /tmp/cc52kqfU.s
GNU assembler version 2.39.0 (aarch64-none-linux-gnu) using BFD version (Arm GNU Toolchain 12.2.Rel1 (Build arm-12.24)) 2.39.0.20221210
COMPILER_PATH=/home/huy/mnt/usb_ext4/arm-gnu-toolchain-12.2.rel1-x86_64-aarch64-none-linux-gnu/bin/../libexec/gcc/aarch64-none-linux-gnu/12.2.1/:/home/huy/mnt/usb_ext4/arm-gnu-toolchain-12.2.rel1-x86_64-aarch64-none-linux-gnu/bin/../libexec/gcc/:/home/huy/mnt/usb_ext4/arm-gnu-toolchain-12.2.rel1-x86_64-aarch64-none-linux-gnu/bin/../lib/gcc/aarch64-none-linux-gnu/12.2.1/../../../../aarch64-none-linux-gnu/bin/
LIBRARY_PATH=/home/huy/mnt/usb_ext4/arm-gnu-toolchain-12.2.rel1-x86_64-aarch64-none-linux-gnu/bin/../lib/gcc/aarch64-none-linux-gnu/12.2.1/:/home/huy/mnt/usb_ext4/arm-gnu-toolchain-12.2.rel1-x86_64-aarch64-none-linux-gnu/bin/../lib/gcc/:/home/huy/mnt/usb_ext4/arm-gnu-toolchain-12.2.rel1-x86_64-aarch64-none-linux-gnu/bin/../lib/gcc/aarch64-none-linux-gnu/12.2.1/../../../../aarch64-none-linux-gnu/lib/../lib64/:/home/huy/mnt/usb_ext4/arm-gnu-toolchain-12.2.rel1-x86_64-aarch64-none-linux-gnu/bin/../lib/gcc/aarch64-none-linux-gnu/12.2.1/../../../../aarch64-none-linux-gnu/lib/:/home/huy/mnt/usb_ext4/lib/:/home/huy/mnt/usb_ext4/usr/lib/
COLLECT_GCC_OPTIONS='--sysroot=/home/huy/mnt/usb_ext4' '-I' '/home/huy/mnt/usb_ext4/usr/include/aarch64-linux-gnu' '-I' '/home/huy/mnt/usb_ext4/usr/include/aarch64-linux-gnu' '-v' '-o' 'CMakeFiles/cmTC_0ead2.dir/CMakeCCompilerABI.c.o' '-c' '-mlittle-endian' '-mabi=lp64' '-dumpdir' 'CMakeFiles/cmTC_0ead2.dir/CMakeCCompilerABI.c.'
Linking C executable cmTC_0ead2
/usr/bin/cmake -E cmake_link_script CMakeFiles/cmTC_0ead2.dir/link.txt --verbose=1
/home/huy/mnt/usb_ext4/arm-gnu-toolchain-12.2.rel1-x86_64-aarch64-none-linux-gnu/bin/aarch64-none-linux-gnu-gcc --sysroot=/home/huy/mnt/usb_ext4  -I/home/huy/mnt/usb_ext4/usr/include/aarch64-linux-gnu -I/home/huy/mnt/usb_ext4/usr/include/aarch64-linux-gnu  --sysroot=/home/huy/mnt/usb_ext4     -B/home/huy/mnt/usb_ext4/usr/lib/aarch64-linux-gnu     -L/home/huy/mnt/usb_ext4/usr/lib/aarch64-linux-gnu     -L/home/huy/mnt/usb_ext4/lib/aarch64-linux-gnu     -Wl,-rpath,/home/huy/mnt/usb_ext4/usr/lib/aarch64-linux-gnu     -Wl,-rpath,/home/huy/mnt/usb_ext4/lib/aarch64-linux-gnu     -Wl,-rpath-link,/home/huy/mnt/usb_ext4/usr/lib/aarch64-linux-gnu     -Wl,-rpath-link,/home/huy/mnt/usb_ext4/lib/aarch64-linux-gnu -v CMakeFiles/cmTC_0ead2.dir/CMakeCCompilerABI.c.o -o cmTC_0ead2 
Using built-in specs.
COLLECT_GCC=/home/huy/mnt/usb_ext4/arm-gnu-toolchain-12.2.rel1-x86_64-aarch64-none-linux-gnu/bin/aarch64-none-linux-gnu-gcc
COLLECT_LTO_WRAPPER=/home/huy/mnt/usb_ext4/arm-gnu-toolchain-12.2.rel1-x86_64-aarch64-none-linux-gnu/bin/../libexec/gcc/aarch64-none-linux-gnu/12.2.1/lto-wrapper
Target: aarch64-none-linux-gnu
Configured with: /data/jenkins/workspace/GNU-toolchain/arm-12/src/gcc/configure --target=aarch64-none-linux-gnu --prefix= --with-sysroot=/aarch64-none-linux-gnu/libc --with-build-sysroot=/data/jenkins/workspace/GNU-toolchain/arm-12/build-aarch64-none-linux-gnu/install//aarch64-none-linux-gnu/libc --with-bugurl=https://bugs.linaro.org/ --enable-gnu-indirect-function --enable-shared --disable-libssp --disable-libmudflap --enable-checking=release --enable-languages=c,c++,fortran --with-gmp=/data/jenkins/workspace/GNU-toolchain/arm-12/build-aarch64-none-linux-gnu/host-tools --with-mpfr=/data/jenkins/workspace/GNU-toolchain/arm-12/build-aarch64-none-linux-gnu/host-tools --with-mpc=/data/jenkins/workspace/GNU-toolchain/arm-12/build-aarch64-none-linux-gnu/host-tools --with-isl=/data/jenkins/workspace/GNU-toolchain/arm-12/build-aarch64-none-linux-gnu/host-tools --enable-fix-cortex-a53-843419 --with-pkgversion='Arm GNU Toolchain 12.2.Rel1 (Build arm-12.24)'
Thread model: posix
Supported LTO compression algorithms: zlib
gcc version 12.2.1 20221205 (Arm GNU Toolchain 12.2.Rel1 (Build arm-12.24)) 
COMPILER_PATH=/home/huy/mnt/usb_ext4/usr/lib/aarch64-linux-gnu/:/home/huy/mnt/usb_ext4/arm-gnu-toolchain-12.2.rel1-x86_64-aarch64-none-linux-gnu/bin/../libexec/gcc/aarch64-none-linux-gnu/12.2.1/:/home/huy/mnt/usb_ext4/arm-gnu-toolchain-12.2.rel1-x86_64-aarch64-none-linux-gnu/bin/../libexec/gcc/:/home/huy/mnt/usb_ext4/arm-gnu-toolchain-12.2.rel1-x86_64-aarch64-none-linux-gnu/bin/../lib/gcc/aarch64-none-linux-gnu/12.2.1/../../../../aarch64-none-linux-gnu/bin/
LIBRARY_PATH=/home/huy/mnt/usb_ext4/usr/lib/aarch64-linux-gnu/:/home/huy/mnt/usb_ext4/arm-gnu-toolchain-12.2.rel1-x86_64-aarch64-none-linux-gnu/bin/../lib/gcc/aarch64-none-linux-gnu/12.2.1/:/home/huy/mnt/usb_ext4/arm-gnu-toolchain-12.2.rel1-x86_64-aarch64-none-linux-gnu/bin/../lib/gcc/:/home/huy/mnt/usb_ext4/arm-gnu-toolchain-12.2.rel1-x86_64-aarch64-none-linux-gnu/bin/../lib/gcc/aarch64-none-linux-gnu/12.2.1/../../../../aarch64-none-linux-gnu/lib/../lib64/:/home/huy/mnt/usb_ext4/arm-gnu-toolchain-12.2.rel1-x86_64-aarch64-none-linux-gnu/bin/../lib/gcc/aarch64-none-linux-gnu/12.2.1/../../../../aarch64-none-linux-gnu/lib/:/home/huy/mnt/usb_ext4/lib/:/home/huy/mnt/usb_ext4/usr/lib/
COLLECT_GCC_OPTIONS='--sysroot=/home/huy/mnt/usb_ext4' '-I' '/home/huy/mnt/usb_ext4/usr/include/aarch64-linux-gnu' '-I' '/home/huy/mnt/usb_ext4/usr/include/aarch64-linux-gnu' '--sysroot=/home/huy/mnt/usb_ext4' '-B' '/home/huy/mnt/usb_ext4/usr/lib/aarch64-linux-gnu' '-L/home/huy/mnt/usb_ext4/usr/lib/aarch64-linux-gnu' '-L/home/huy/mnt/usb_ext4/lib/aarch64-linux-gnu' '-v' '-o' 'cmTC_0ead2' '-mlittle-endian' '-mabi=lp64' '-dumpdir' 'cmTC_0ead2.'
 /home/huy/mnt/usb_ext4/arm-gnu-toolchain-12.2.rel1-x86_64-aarch64-none-linux-gnu/bin/../libexec/gcc/aarch64-none-linux-gnu/12.2.1/collect2 -plugin /home/huy/mnt/usb_ext4/arm-gnu-toolchain-12.2.rel1-x86_64-aarch64-none-linux-gnu/bin/../libexec/gcc/aarch64-none-linux-gnu/12.2.1/liblto_plugin.so -plugin-opt=/home/huy/mnt/usb_ext4/arm-gnu-toolchain-12.2.rel1-x86_64-aarch64-none-linux-gnu/bin/../libexec/gcc/aarch64-none-linux-gnu/12.2.1/lto-wrapper -plugin-opt=-fresolution=/tmp/ccr8wxdb.res -plugin-opt=-pass-through=-lgcc -plugin-opt=-pass-through=-lgcc_s -plugin-opt=-pass-through=-lc -plugin-opt=-pass-through=-lgcc -plugin-opt=-pass-through=-lgcc_s --sysroot=/home/huy/mnt/usb_ext4 --eh-frame-hdr -dynamic-linker /lib/ld-linux-aarch64.so.1 -X -EL -maarch64linux --fix-cortex-a53-843419 -o cmTC_0ead2 /home/huy/mnt/usb_ext4/usr/lib/aarch64-linux-gnu/crt1.o /home/huy/mnt/usb_ext4/usr/lib/aarch64-linux-gnu/crti.o /home/huy/mnt/usb_ext4/arm-gnu-toolchain-12.2.rel1-x86_64-aarch64-none-linux-gnu/bin/../lib/gcc/aarch64-none-linux-gnu/12.2.1/crtbegin.o -L/home/huy/mnt/usb_ext4/usr/lib/aarch64-linux-gnu -L/home/huy/mnt/usb_ext4/lib/aarch64-linux-gnu -L/home/huy/mnt/usb_ext4/usr/lib/aarch64-linux-gnu -L/home/huy/mnt/usb_ext4/arm-gnu-toolchain-12.2.rel1-x86_64-aarch64-none-linux-gnu/bin/../lib/gcc/aarch64-none-linux-gnu/12.2.1 -L/home/huy/mnt/usb_ext4/arm-gnu-toolchain-12.2.rel1-x86_64-aarch64-none-linux-gnu/bin/../lib/gcc -L/home/huy/mnt/usb_ext4/arm-gnu-toolchain-12.2.rel1-x86_64-aarch64-none-linux-gnu/bin/../lib/gcc/aarch64-none-linux-gnu/12.2.1/../../../../aarch64-none-linux-gnu/lib/../lib64 -L/home/huy/mnt/usb_ext4/arm-gnu-toolchain-12.2.rel1-x86_64-aarch64-none-linux-gnu/bin/../lib/gcc/aarch64-none-linux-gnu/12.2.1/../../../../aarch64-none-linux-gnu/lib -L/home/huy/mnt/usb_ext4/lib -L/home/huy/mnt/usb_ext4/usr/lib -rpath /home/huy/mnt/usb_ext4/usr/lib/aarch64-linux-gnu -rpath /home/huy/mnt/usb_ext4/lib/aarch64-linux-gnu -rpath-link /home/huy/mnt/usb_ext4/usr/lib/aarch64-linux-gnu -rpath-link /home/huy/mnt/usb_ext4/lib/aarch64-linux-gnu CMakeFiles/cmTC_0ead2.dir/CMakeCCompilerABI.c.o -lgcc --push-state --as-needed -lgcc_s --pop-state -lc -lgcc --push-state --as-needed -lgcc_s --pop-state /home/huy/mnt/usb_ext4/arm-gnu-toolchain-12.2.rel1-x86_64-aarch64-none-linux-gnu/bin/../lib/gcc/aarch64-none-linux-gnu/12.2.1/crtend.o /home/huy/mnt/usb_ext4/usr/lib/aarch64-linux-gnu/crtn.o
COLLECT_GCC_OPTIONS='--sysroot=/home/huy/mnt/usb_ext4' '-I' '/home/huy/mnt/usb_ext4/usr/include/aarch64-linux-gnu' '-I' '/home/huy/mnt/usb_ext4/usr/include/aarch64-linux-gnu' '--sysroot=/home/huy/mnt/usb_ext4' '-B' '/home/huy/mnt/usb_ext4/usr/lib/aarch64-linux-gnu' '-L/home/huy/mnt/usb_ext4/usr/lib/aarch64-linux-gnu' '-L/home/huy/mnt/usb_ext4/lib/aarch64-linux-gnu' '-v' '-o' 'cmTC_0ead2' '-mlittle-endian' '-mabi=lp64' '-dumpdir' 'cmTC_0ead2.'
gmake[1]: Leaving directory '/home/huy/nav2_ws/Vaccum-Robot-LDS02RR/build/turtlebot3/CMakeFiles/CMakeTmp'



Parsed C implicit include dir info from above output: rv=done
  found start of include info
  found start of implicit include info
    add: [/home/huy/mnt/usb_ext4/usr/include/aarch64-linux-gnu]
    add: [/home/huy/mnt/usb_ext4/arm-gnu-toolchain-12.2.rel1-x86_64-aarch64-none-linux-gnu/bin/../lib/gcc/aarch64-none-linux-gnu/12.2.1/include]
    add: [/home/huy/mnt/usb_ext4/arm-gnu-toolchain-12.2.rel1-x86_64-aarch64-none-linux-gnu/bin/../lib/gcc/aarch64-none-linux-gnu/12.2.1/include-fixed]
    add: [/home/huy/mnt/usb_ext4/arm-gnu-toolchain-12.2.rel1-x86_64-aarch64-none-linux-gnu/bin/../lib/gcc/aarch64-none-linux-gnu/12.2.1/../../../../aarch64-none-linux-gnu/include]
    add: [/home/huy/mnt/usb_ext4/usr/local/include]
    add: [/home/huy/mnt/usb_ext4/usr/include]
  end of search list found
  collapse include dir [/home/huy/mnt/usb_ext4/usr/include/aarch64-linux-gnu] ==> [/home/huy/mnt/usb_ext4/usr/include/aarch64-linux-gnu]
  collapse include dir [/home/huy/mnt/usb_ext4/arm-gnu-toolchain-12.2.rel1-x86_64-aarch64-none-linux-gnu/bin/../lib/gcc/aarch64-none-linux-gnu/12.2.1/include] ==> [/home/huy/mnt/usb_ext4/arm-gnu-toolchain-12.2.rel1-x86_64-aarch64-none-linux-gnu/lib/gcc/aarch64-none-linux-gnu/12.2.1/include]
  collapse include dir [/home/huy/mnt/usb_ext4/arm-gnu-toolchain-12.2.rel1-x86_64-aarch64-none-linux-gnu/bin/../lib/gcc/aarch64-none-linux-gnu/12.2.1/include-fixed] ==> [/home/huy/mnt/usb_ext4/arm-gnu-toolchain-12.2.rel1-x86_64-aarch64-none-linux-gnu/lib/gcc/aarch64-none-linux-gnu/12.2.1/include-fixed]
  collapse include dir [/home/huy/mnt/usb_ext4/arm-gnu-toolchain-12.2.rel1-x86_64-aarch64-none-linux-gnu/bin/../lib/gcc/aarch64-none-linux-gnu/12.2.1/../../../../aarch64-none-linux-gnu/include] ==> [/home/huy/mnt/usb_ext4/arm-gnu-toolchain-12.2.rel1-x86_64-aarch64-none-linux-gnu/aarch64-none-linux-gnu/include]
  collapse include dir [/home/huy/mnt/usb_ext4/usr/local/include] ==> [/home/huy/mnt/usb_ext4/usr/local/include]
  collapse include dir [/home/huy/mnt/usb_ext4/usr/include] ==> [/home/huy/mnt/usb_ext4/usr/include]
  implicit include dirs: [/home/huy/mnt/usb_ext4/usr/include/aarch64-linux-gnu;/home/huy/mnt/usb_ext4/arm-gnu-toolchain-12.2.rel1-x86_64-aarch64-none-linux-gnu/lib/gcc/aarch64-none-linux-gnu/12.2.1/include;/home/huy/mnt/usb_ext4/arm-gnu-toolchain-12.2.rel1-x86_64-aarch64-none-linux-gnu/lib/gcc/aarch64-none-linux-gnu/12.2.1/include-fixed;/home/huy/mnt/usb_ext4/arm-gnu-toolchain-12.2.rel1-x86_64-aarch64-none-linux-gnu/aarch64-none-linux-gnu/include;/home/huy/mnt/usb_ext4/usr/local/include;/home/huy/mnt/usb_ext4/usr/include]


Parsed C implicit link information from above output:
  link line regex: [^( *|.*[/\])(aarch64-none-linux-gnu-ld|CMAKE_LINK_STARTFILE-NOTFOUND|([^/\]+-)?ld|collect2)[^/\]*( |$)]
  ignore line: [Change Dir: /home/huy/nav2_ws/Vaccum-Robot-LDS02RR/build/turtlebot3/CMakeFiles/CMakeTmp]
  ignore line: []
  ignore line: [Run Build Command(s):/usr/bin/gmake -f Makefile cmTC_0ead2/fast && /usr/bin/gmake  -f CMakeFiles/cmTC_0ead2.dir/build.make CMakeFiles/cmTC_0ead2.dir/build]
  ignore line: [gmake[1]: Entering directory '/home/huy/nav2_ws/Vaccum-Robot-LDS02RR/build/turtlebot3/CMakeFiles/CMakeTmp']
  ignore line: [Building C object CMakeFiles/cmTC_0ead2.dir/CMakeCCompilerABI.c.o]
  ignore line: [/home/huy/mnt/usb_ext4/arm-gnu-toolchain-12.2.rel1-x86_64-aarch64-none-linux-gnu/bin/aarch64-none-linux-gnu-gcc --sysroot=/home/huy/mnt/usb_ext4   -I/home/huy/mnt/usb_ext4/usr/include/aarch64-linux-gnu -I/home/huy/mnt/usb_ext4/usr/include/aarch64-linux-gnu    -v -o CMakeFiles/cmTC_0ead2.dir/CMakeCCompilerABI.c.o -c /usr/share/cmake-3.22/Modules/CMakeCCompilerABI.c]
  ignore line: [Using built-in specs.]
  ignore line: [COLLECT_GCC=/home/huy/mnt/usb_ext4/arm-gnu-toolchain-12.2.rel1-x86_64-aarch64-none-linux-gnu/bin/aarch64-none-linux-gnu-gcc]
  ignore line: [Target: aarch64-none-linux-gnu]
  ignore line: [Configured with: /data/jenkins/workspace/GNU-toolchain/arm-12/src/gcc/configure --target=aarch64-none-linux-gnu --prefix= --with-sysroot=/aarch64-none-linux-gnu/libc --with-build-sysroot=/data/jenkins/workspace/GNU-toolchain/arm-12/build-aarch64-none-linux-gnu/install//aarch64-none-linux-gnu/libc --with-bugurl=https://bugs.linaro.org/ --enable-gnu-indirect-function --enable-shared --disable-libssp --disable-libmudflap --enable-checking=release --enable-languages=c c++ fortran --with-gmp=/data/jenkins/workspace/GNU-toolchain/arm-12/build-aarch64-none-linux-gnu/host-tools --with-mpfr=/data/jenkins/workspace/GNU-toolchain/arm-12/build-aarch64-none-linux-gnu/host-tools --with-mpc=/data/jenkins/workspace/GNU-toolchain/arm-12/build-aarch64-none-linux-gnu/host-tools --with-isl=/data/jenkins/workspace/GNU-toolchain/arm-12/build-aarch64-none-linux-gnu/host-tools --enable-fix-cortex-a53-843419 --with-pkgversion='Arm GNU Toolchain 12.2.Rel1 (Build arm-12.24)']
  ignore line: [Thread model: posix]
  ignore line: [Supported LTO compression algorithms: zlib]
  ignore line: [gcc version 12.2.1 20221205 (Arm GNU Toolchain 12.2.Rel1 (Build arm-12.24)) ]
  ignore line: [COLLECT_GCC_OPTIONS='--sysroot=/home/huy/mnt/usb_ext4' '-I' '/home/huy/mnt/usb_ext4/usr/include/aarch64-linux-gnu' '-I' '/home/huy/mnt/usb_ext4/usr/include/aarch64-linux-gnu' '-v' '-o' 'CMakeFiles/cmTC_0ead2.dir/CMakeCCompilerABI.c.o' '-c' '-mlittle-endian' '-mabi=lp64' '-dumpdir' 'CMakeFiles/cmTC_0ead2.dir/']
  ignore line: [ /home/huy/mnt/usb_ext4/arm-gnu-toolchain-12.2.rel1-x86_64-aarch64-none-linux-gnu/bin/../libexec/gcc/aarch64-none-linux-gnu/12.2.1/cc1 -quiet -v -I /home/huy/mnt/usb_ext4/usr/include/aarch64-linux-gnu -I /home/huy/mnt/usb_ext4/usr/include/aarch64-linux-gnu -iprefix /home/huy/mnt/usb_ext4/arm-gnu-toolchain-12.2.rel1-x86_64-aarch64-none-linux-gnu/bin/../lib/gcc/aarch64-none-linux-gnu/12.2.1/ -isysroot /home/huy/mnt/usb_ext4 /usr/share/cmake-3.22/Modules/CMakeCCompilerABI.c -quiet -dumpdir CMakeFiles/cmTC_0ead2.dir/ -dumpbase CMakeCCompilerABI.c.c -dumpbase-ext .c -mlittle-endian -mabi=lp64 -version -o /tmp/cc52kqfU.s]
  ignore line: [GNU C17 (Arm GNU Toolchain 12.2.Rel1 (Build arm-12.24)) version 12.2.1 20221205 (aarch64-none-linux-gnu)]
  ignore line: [	compiled by GNU C version 4.8.5 20150623 (Red Hat 4.8.5-44)  GMP version 6.2.1  MPFR version 3.1.6  MPC version 1.0.3  isl version isl-0.15-1-g835ea3a-GMP]
  ignore line: []
  ignore line: [GGC heuristics: --param ggc-min-expand=100 --param ggc-min-heapsize=131072]
  ignore line: [ignoring duplicate directory "/home/huy/mnt/usb_ext4/arm-gnu-toolchain-12.2.rel1-x86_64-aarch64-none-linux-gnu/bin/../lib/gcc/../../lib/gcc/aarch64-none-linux-gnu/12.2.1/include"]
  ignore line: [ignoring duplicate directory "/home/huy/mnt/usb_ext4/arm-gnu-toolchain-12.2.rel1-x86_64-aarch64-none-linux-gnu/bin/../lib/gcc/../../lib/gcc/aarch64-none-linux-gnu/12.2.1/include-fixed"]
  ignore line: [ignoring duplicate directory "/home/huy/mnt/usb_ext4/arm-gnu-toolchain-12.2.rel1-x86_64-aarch64-none-linux-gnu/bin/../lib/gcc/../../lib/gcc/aarch64-none-linux-gnu/12.2.1/../../../../aarch64-none-linux-gnu/include"]
  ignore line: [ignoring duplicate directory "/home/huy/mnt/usb_ext4/usr/include/aarch64-linux-gnu"]
  ignore line: [#include "..." search starts here:]
  ignore line: [#include <...> search starts here:]
  ignore line: [ /home/huy/mnt/usb_ext4/usr/include/aarch64-linux-gnu]
  ignore line: [ /home/huy/mnt/usb_ext4/arm-gnu-toolchain-12.2.rel1-x86_64-aarch64-none-linux-gnu/bin/../lib/gcc/aarch64-none-linux-gnu/12.2.1/include]
  ignore line: [ /home/huy/mnt/usb_ext4/arm-gnu-toolchain-12.2.rel1-x86_64-aarch64-none-linux-gnu/bin/../lib/gcc/aarch64-none-linux-gnu/12.2.1/include-fixed]
  ignore line: [ /home/huy/mnt/usb_ext4/arm-gnu-toolchain-12.2.rel1-x86_64-aarch64-none-linux-gnu/bin/../lib/gcc/aarch64-none-linux-gnu/12.2.1/../../../../aarch64-none-linux-gnu/include]
  ignore line: [ /home/huy/mnt/usb_ext4/usr/local/include]
  ignore line: [ /home/huy/mnt/usb_ext4/usr/include]
  ignore line: [End of search list.]
  ignore line: [GNU C17 (Arm GNU Toolchain 12.2.Rel1 (Build arm-12.24)) version 12.2.1 20221205 (aarch64-none-linux-gnu)]
  ignore line: [	compiled by GNU C version 4.8.5 20150623 (Red Hat 4.8.5-44)  GMP version 6.2.1  MPFR version 3.1.6  MPC version 1.0.3  isl version isl-0.15-1-g835ea3a-GMP]
  ignore line: []
  ignore line: [GGC heuristics: --param ggc-min-expand=100 --param ggc-min-heapsize=131072]
  ignore line: [Compiler executable checksum: 3d707e77bbf1554b55e59e9fce61bc60]
  ignore line: [COLLECT_GCC_OPTIONS='--sysroot=/home/huy/mnt/usb_ext4' '-I' '/home/huy/mnt/usb_ext4/usr/include/aarch64-linux-gnu' '-I' '/home/huy/mnt/usb_ext4/usr/include/aarch64-linux-gnu' '-v' '-o' 'CMakeFiles/cmTC_0ead2.dir/CMakeCCompilerABI.c.o' '-c' '-mlittle-endian' '-mabi=lp64' '-dumpdir' 'CMakeFiles/cmTC_0ead2.dir/']
  ignore line: [ /home/huy/mnt/usb_ext4/arm-gnu-toolchain-12.2.rel1-x86_64-aarch64-none-linux-gnu/bin/../lib/gcc/aarch64-none-linux-gnu/12.2.1/../../../../aarch64-none-linux-gnu/bin/as -v -I /home/huy/mnt/usb_ext4/usr/include/aarch64-linux-gnu -I /home/huy/mnt/usb_ext4/usr/include/aarch64-linux-gnu -EL -mabi=lp64 -o CMakeFiles/cmTC_0ead2.dir/CMakeCCompilerABI.c.o /tmp/cc52kqfU.s]
  ignore line: [GNU assembler version 2.39.0 (aarch64-none-linux-gnu) using BFD version (Arm GNU Toolchain 12.2.Rel1 (Build arm-12.24)) 2.39.0.20221210]
  ignore line: [COMPILER_PATH=/home/huy/mnt/usb_ext4/arm-gnu-toolchain-12.2.rel1-x86_64-aarch64-none-linux-gnu/bin/../libexec/gcc/aarch64-none-linux-gnu/12.2.1/:/home/huy/mnt/usb_ext4/arm-gnu-toolchain-12.2.rel1-x86_64-aarch64-none-linux-gnu/bin/../libexec/gcc/:/home/huy/mnt/usb_ext4/arm-gnu-toolchain-12.2.rel1-x86_64-aarch64-none-linux-gnu/bin/../lib/gcc/aarch64-none-linux-gnu/12.2.1/../../../../aarch64-none-linux-gnu/bin/]
  ignore line: [LIBRARY_PATH=/home/huy/mnt/usb_ext4/arm-gnu-toolchain-12.2.rel1-x86_64-aarch64-none-linux-gnu/bin/../lib/gcc/aarch64-none-linux-gnu/12.2.1/:/home/huy/mnt/usb_ext4/arm-gnu-toolchain-12.2.rel1-x86_64-aarch64-none-linux-gnu/bin/../lib/gcc/:/home/huy/mnt/usb_ext4/arm-gnu-toolchain-12.2.rel1-x86_64-aarch64-none-linux-gnu/bin/../lib/gcc/aarch64-none-linux-gnu/12.2.1/../../../../aarch64-none-linux-gnu/lib/../lib64/:/home/huy/mnt/usb_ext4/arm-gnu-toolchain-12.2.rel1-x86_64-aarch64-none-linux-gnu/bin/../lib/gcc/aarch64-none-linux-gnu/12.2.1/../../../../aarch64-none-linux-gnu/lib/:/home/huy/mnt/usb_ext4/lib/:/home/huy/mnt/usb_ext4/usr/lib/]
  ignore line: [COLLECT_GCC_OPTIONS='--sysroot=/home/huy/mnt/usb_ext4' '-I' '/home/huy/mnt/usb_ext4/usr/include/aarch64-linux-gnu' '-I' '/home/huy/mnt/usb_ext4/usr/include/aarch64-linux-gnu' '-v' '-o' 'CMakeFiles/cmTC_0ead2.dir/CMakeCCompilerABI.c.o' '-c' '-mlittle-endian' '-mabi=lp64' '-dumpdir' 'CMakeFiles/cmTC_0ead2.dir/CMakeCCompilerABI.c.']
  ignore line: [Linking C executable cmTC_0ead2]
  ignore line: [/usr/bin/cmake -E cmake_link_script CMakeFiles/cmTC_0ead2.dir/link.txt --verbose=1]
  ignore line: [/home/huy/mnt/usb_ext4/arm-gnu-toolchain-12.2.rel1-x86_64-aarch64-none-linux-gnu/bin/aarch64-none-linux-gnu-gcc --sysroot=/home/huy/mnt/usb_ext4  -I/home/huy/mnt/usb_ext4/usr/include/aarch64-linux-gnu -I/home/huy/mnt/usb_ext4/usr/include/aarch64-linux-gnu  --sysroot=/home/huy/mnt/usb_ext4     -B/home/huy/mnt/usb_ext4/usr/lib/aarch64-linux-gnu     -L/home/huy/mnt/usb_ext4/usr/lib/aarch64-linux-gnu     -L/home/huy/mnt/usb_ext4/lib/aarch64-linux-gnu     -Wl -rpath /home/huy/mnt/usb_ext4/usr/lib/aarch64-linux-gnu     -Wl -rpath /home/huy/mnt/usb_ext4/lib/aarch64-linux-gnu     -Wl -rpath-link /home/huy/mnt/usb_ext4/usr/lib/aarch64-linux-gnu     -Wl -rpath-link /home/huy/mnt/usb_ext4/lib/aarch64-linux-gnu -v CMakeFiles/cmTC_0ead2.dir/CMakeCCompilerABI.c.o -o cmTC_0ead2 ]
  ignore line: [Using built-in specs.]
  ignore line: [COLLECT_GCC=/home/huy/mnt/usb_ext4/arm-gnu-toolchain-12.2.rel1-x86_64-aarch64-none-linux-gnu/bin/aarch64-none-linux-gnu-gcc]
  ignore line: [COLLECT_LTO_WRAPPER=/home/huy/mnt/usb_ext4/arm-gnu-toolchain-12.2.rel1-x86_64-aarch64-none-linux-gnu/bin/../libexec/gcc/aarch64-none-linux-gnu/12.2.1/lto-wrapper]
  ignore line: [Target: aarch64-none-linux-gnu]
  ignore line: [Configured with: /data/jenkins/workspace/GNU-toolchain/arm-12/src/gcc/configure --target=aarch64-none-linux-gnu --prefix= --with-sysroot=/aarch64-none-linux-gnu/libc --with-build-sysroot=/data/jenkins/workspace/GNU-toolchain/arm-12/build-aarch64-none-linux-gnu/install//aarch64-none-linux-gnu/libc --with-bugurl=https://bugs.linaro.org/ --enable-gnu-indirect-function --enable-shared --disable-libssp --disable-libmudflap --enable-checking=release --enable-languages=c c++ fortran --with-gmp=/data/jenkins/workspace/GNU-toolchain/arm-12/build-aarch64-none-linux-gnu/host-tools --with-mpfr=/data/jenkins/workspace/GNU-toolchain/arm-12/build-aarch64-none-linux-gnu/host-tools --with-mpc=/data/jenkins/workspace/GNU-toolchain/arm-12/build-aarch64-none-linux-gnu/host-tools --with-isl=/data/jenkins/workspace/GNU-toolchain/arm-12/build-aarch64-none-linux-gnu/host-tools --enable-fix-cortex-a53-843419 --with-pkgversion='Arm GNU Toolchain 12.2.Rel1 (Build arm-12.24)']
  ignore line: [Thread model: posix]
  ignore line: [Supported LTO compression algorithms: zlib]
  ignore line: [gcc version 12.2.1 20221205 (Arm GNU Toolchain 12.2.Rel1 (Build arm-12.24)) ]
  ignore line: [COMPILER_PATH=/home/huy/mnt/usb_ext4/usr/lib/aarch64-linux-gnu/:/home/huy/mnt/usb_ext4/arm-gnu-toolchain-12.2.rel1-x86_64-aarch64-none-linux-gnu/bin/../libexec/gcc/aarch64-none-linux-gnu/12.2.1/:/home/huy/mnt/usb_ext4/arm-gnu-toolchain-12.2.rel1-x86_64-aarch64-none-linux-gnu/bin/../libexec/gcc/:/home/huy/mnt/usb_ext4/arm-gnu-toolchain-12.2.rel1-x86_64-aarch64-none-linux-gnu/bin/../lib/gcc/aarch64-none-linux-gnu/12.2.1/../../../../aarch64-none-linux-gnu/bin/]
  ignore line: [LIBRARY_PATH=/home/huy/mnt/usb_ext4/usr/lib/aarch64-linux-gnu/:/home/huy/mnt/usb_ext4/arm-gnu-toolchain-12.2.rel1-x86_64-aarch64-none-linux-gnu/bin/../lib/gcc/aarch64-none-linux-gnu/12.2.1/:/home/huy/mnt/usb_ext4/arm-gnu-toolchain-12.2.rel1-x86_64-aarch64-none-linux-gnu/bin/../lib/gcc/:/home/huy/mnt/usb_ext4/arm-gnu-toolchain-12.2.rel1-x86_64-aarch64-none-linux-gnu/bin/../lib/gcc/aarch64-none-linux-gnu/12.2.1/../../../../aarch64-none-linux-gnu/lib/../lib64/:/home/huy/mnt/usb_ext4/arm-gnu-toolchain-12.2.rel1-x86_64-aarch64-none-linux-gnu/bin/../lib/gcc/aarch64-none-linux-gnu/12.2.1/../../../../aarch64-none-linux-gnu/lib/:/home/huy/mnt/usb_ext4/lib/:/home/huy/mnt/usb_ext4/usr/lib/]
  ignore line: [COLLECT_GCC_OPTIONS='--sysroot=/home/huy/mnt/usb_ext4' '-I' '/home/huy/mnt/usb_ext4/usr/include/aarch64-linux-gnu' '-I' '/home/huy/mnt/usb_ext4/usr/include/aarch64-linux-gnu' '--sysroot=/home/huy/mnt/usb_ext4' '-B' '/home/huy/mnt/usb_ext4/usr/lib/aarch64-linux-gnu' '-L/home/huy/mnt/usb_ext4/usr/lib/aarch64-linux-gnu' '-L/home/huy/mnt/usb_ext4/lib/aarch64-linux-gnu' '-v' '-o' 'cmTC_0ead2' '-mlittle-endian' '-mabi=lp64' '-dumpdir' 'cmTC_0ead2.']
  link line: [ /home/huy/mnt/usb_ext4/arm-gnu-toolchain-12.2.rel1-x86_64-aarch64-none-linux-gnu/bin/../libexec/gcc/aarch64-none-linux-gnu/12.2.1/collect2 -plugin /home/huy/mnt/usb_ext4/arm-gnu-toolchain-12.2.rel1-x86_64-aarch64-none-linux-gnu/bin/../libexec/gcc/aarch64-none-linux-gnu/12.2.1/liblto_plugin.so -plugin-opt=/home/huy/mnt/usb_ext4/arm-gnu-toolchain-12.2.rel1-x86_64-aarch64-none-linux-gnu/bin/../libexec/gcc/aarch64-none-linux-gnu/12.2.1/lto-wrapper -plugin-opt=-fresolution=/tmp/ccr8wxdb.res -plugin-opt=-pass-through=-lgcc -plugin-opt=-pass-through=-lgcc_s -plugin-opt=-pass-through=-lc -plugin-opt=-pass-through=-lgcc -plugin-opt=-pass-through=-lgcc_s --sysroot=/home/huy/mnt/usb_ext4 --eh-frame-hdr -dynamic-linker /lib/ld-linux-aarch64.so.1 -X -EL -maarch64linux --fix-cortex-a53-843419 -o cmTC_0ead2 /home/huy/mnt/usb_ext4/usr/lib/aarch64-linux-gnu/crt1.o /home/huy/mnt/usb_ext4/usr/lib/aarch64-linux-gnu/crti.o /home/huy/mnt/usb_ext4/arm-gnu-toolchain-12.2.rel1-x86_64-aarch64-none-linux-gnu/bin/../lib/gcc/aarch64-none-linux-gnu/12.2.1/crtbegin.o -L/home/huy/mnt/usb_ext4/usr/lib/aarch64-linux-gnu -L/home/huy/mnt/usb_ext4/lib/aarch64-linux-gnu -L/home/huy/mnt/usb_ext4/usr/lib/aarch64-linux-gnu -L/home/huy/mnt/usb_ext4/arm-gnu-toolchain-12.2.rel1-x86_64-aarch64-none-linux-gnu/bin/../lib/gcc/aarch64-none-linux-gnu/12.2.1 -L/home/huy/mnt/usb_ext4/arm-gnu-toolchain-12.2.rel1-x86_64-aarch64-none-linux-gnu/bin/../lib/gcc -L/home/huy/mnt/usb_ext4/arm-gnu-toolchain-12.2.rel1-x86_64-aarch64-none-linux-gnu/bin/../lib/gcc/aarch64-none-linux-gnu/12.2.1/../../../../aarch64-none-linux-gnu/lib/../lib64 -L/home/huy/mnt/usb_ext4/arm-gnu-toolchain-12.2.rel1-x86_64-aarch64-none-linux-gnu/bin/../lib/gcc/aarch64-none-linux-gnu/12.2.1/../../../../aarch64-none-linux-gnu/lib -L/home/huy/mnt/usb_ext4/lib -L/home/huy/mnt/usb_ext4/usr/lib -rpath /home/huy/mnt/usb_ext4/usr/lib/aarch64-linux-gnu -rpath /home/huy/mnt/usb_ext4/lib/aarch64-linux-gnu -rpath-link /home/huy/mnt/usb_ext4/usr/lib/aarch64-linux-gnu -rpath-link /home/huy/mnt/usb_ext4/lib/aarch64-linux-gnu CMakeFiles/cmTC_0ead2.dir/CMakeCCompilerABI.c.o -lgcc --push-state --as-needed -lgcc_s --pop-state -lc -lgcc --push-state --as-needed -lgcc_s --pop-state /home/huy/mnt/usb_ext4/arm-gnu-toolchain-12.2.rel1-x86_64-aarch64-none-linux-gnu/bin/../lib/gcc/aarch64-none-linux-gnu/12.2.1/crtend.o /home/huy/mnt/usb_ext4/usr/lib/aarch64-linux-gnu/crtn.o]
    arg [/home/huy/mnt/usb_ext4/arm-gnu-toolchain-12.2.rel1-x86_64-aarch64-none-linux-gnu/bin/../libexec/gcc/aarch64-none-linux-gnu/12.2.1/collect2] ==> ignore
    arg [-plugin] ==> ignore
    arg [/home/huy/mnt/usb_ext4/arm-gnu-toolchain-12.2.rel1-x86_64-aarch64-none-linux-gnu/bin/../libexec/gcc/aarch64-none-linux-gnu/12.2.1/liblto_plugin.so] ==> ignore
    arg [-plugin-opt=/home/huy/mnt/usb_ext4/arm-gnu-toolchain-12.2.rel1-x86_64-aarch64-none-linux-gnu/bin/../libexec/gcc/aarch64-none-linux-gnu/12.2.1/lto-wrapper] ==> ignore
    arg [-plugin-opt=-fresolution=/tmp/ccr8wxdb.res] ==> ignore
    arg [-plugin-opt=-pass-through=-lgcc] ==> ignore
    arg [-plugin-opt=-pass-through=-lgcc_s] ==> ignore
    arg [-plugin-opt=-pass-through=-lc] ==> ignore
    arg [-plugin-opt=-pass-through=-lgcc] ==> ignore
    arg [-plugin-opt=-pass-through=-lgcc_s] ==> ignore
    arg [--sysroot=/home/huy/mnt/usb_ext4] ==> ignore
    arg [--eh-frame-hdr] ==> ignore
    arg [-dynamic-linker] ==> ignore
    arg [/lib/ld-linux-aarch64.so.1] ==> ignore
    arg [-X] ==> ignore
    arg [-EL] ==> ignore
    arg [-maarch64linux] ==> ignore
    arg [--fix-cortex-a53-843419] ==> ignore
    arg [-o] ==> ignore
    arg [cmTC_0ead2] ==> ignore
    arg [/home/huy/mnt/usb_ext4/usr/lib/aarch64-linux-gnu/crt1.o] ==> obj [/home/huy/mnt/usb_ext4/usr/lib/aarch64-linux-gnu/crt1.o]
    arg [/home/huy/mnt/usb_ext4/usr/lib/aarch64-linux-gnu/crti.o] ==> obj [/home/huy/mnt/usb_ext4/usr/lib/aarch64-linux-gnu/crti.o]
    arg [/home/huy/mnt/usb_ext4/arm-gnu-toolchain-12.2.rel1-x86_64-aarch64-none-linux-gnu/bin/../lib/gcc/aarch64-none-linux-gnu/12.2.1/crtbegin.o] ==> obj [/home/huy/mnt/usb_ext4/arm-gnu-toolchain-12.2.rel1-x86_64-aarch64-none-linux-gnu/bin/../lib/gcc/aarch64-none-linux-gnu/12.2.1/crtbegin.o]
    arg [-L/home/huy/mnt/usb_ext4/usr/lib/aarch64-linux-gnu] ==> dir [/home/huy/mnt/usb_ext4/usr/lib/aarch64-linux-gnu]
    arg [-L/home/huy/mnt/usb_ext4/lib/aarch64-linux-gnu] ==> dir [/home/huy/mnt/usb_ext4/lib/aarch64-linux-gnu]
    arg [-L/home/huy/mnt/usb_ext4/usr/lib/aarch64-linux-gnu] ==> dir [/home/huy/mnt/usb_ext4/usr/lib/aarch64-linux-gnu]
    arg [-L/home/huy/mnt/usb_ext4/arm-gnu-toolchain-12.2.rel1-x86_64-aarch64-none-linux-gnu/bin/../lib/gcc/aarch64-none-linux-gnu/12.2.1] ==> dir [/home/huy/mnt/usb_ext4/arm-gnu-toolchain-12.2.rel1-x86_64-aarch64-none-linux-gnu/bin/../lib/gcc/aarch64-none-linux-gnu/12.2.1]
    arg [-L/home/huy/mnt/usb_ext4/arm-gnu-toolchain-12.2.rel1-x86_64-aarch64-none-linux-gnu/bin/../lib/gcc] ==> dir [/home/huy/mnt/usb_ext4/arm-gnu-toolchain-12.2.rel1-x86_64-aarch64-none-linux-gnu/bin/../lib/gcc]
    arg [-L/home/huy/mnt/usb_ext4/arm-gnu-toolchain-12.2.rel1-x86_64-aarch64-none-linux-gnu/bin/../lib/gcc/aarch64-none-linux-gnu/12.2.1/../../../../aarch64-none-linux-gnu/lib/../lib64] ==> dir [/home/huy/mnt/usb_ext4/arm-gnu-toolchain-12.2.rel1-x86_64-aarch64-none-linux-gnu/bin/../lib/gcc/aarch64-none-linux-gnu/12.2.1/../../../../aarch64-none-linux-gnu/lib/../lib64]
    arg [-L/home/huy/mnt/usb_ext4/arm-gnu-toolchain-12.2.rel1-x86_64-aarch64-none-linux-gnu/bin/../lib/gcc/aarch64-none-linux-gnu/12.2.1/../../../../aarch64-none-linux-gnu/lib] ==> dir [/home/huy/mnt/usb_ext4/arm-gnu-toolchain-12.2.rel1-x86_64-aarch64-none-linux-gnu/bin/../lib/gcc/aarch64-none-linux-gnu/12.2.1/../../../../aarch64-none-linux-gnu/lib]
    arg [-L/home/huy/mnt/usb_ext4/lib] ==> dir [/home/huy/mnt/usb_ext4/lib]
    arg [-L/home/huy/mnt/usb_ext4/usr/lib] ==> dir [/home/huy/mnt/usb_ext4/usr/lib]
    arg [-rpath] ==> ignore
    arg [/home/huy/mnt/usb_ext4/usr/lib/aarch64-linux-gnu] ==> ignore
    arg [-rpath] ==> ignore
    arg [/home/huy/mnt/usb_ext4/lib/aarch64-linux-gnu] ==> ignore
    arg [-rpath-link] ==> ignore
    arg [/home/huy/mnt/usb_ext4/usr/lib/aarch64-linux-gnu] ==> ignore
    arg [-rpath-link] ==> ignore
    arg [/home/huy/mnt/usb_ext4/lib/aarch64-linux-gnu] ==> ignore
    arg [CMakeFiles/cmTC_0ead2.dir/CMakeCCompilerABI.c.o] ==> ignore
    arg [-lgcc] ==> lib [gcc]
    arg [--push-state] ==> ignore
    arg [--as-needed] ==> ignore
    arg [-lgcc_s] ==> lib [gcc_s]
    arg [--pop-state] ==> ignore
    arg [-lc] ==> lib [c]
    arg [-lgcc] ==> lib [gcc]
    arg [--push-state] ==> ignore
    arg [--as-needed] ==> ignore
    arg [-lgcc_s] ==> lib [gcc_s]
    arg [--pop-state] ==> ignore
    arg [/home/huy/mnt/usb_ext4/arm-gnu-toolchain-12.2.rel1-x86_64-aarch64-none-linux-gnu/bin/../lib/gcc/aarch64-none-linux-gnu/12.2.1/crtend.o] ==> obj [/home/huy/mnt/usb_ext4/arm-gnu-toolchain-12.2.rel1-x86_64-aarch64-none-linux-gnu/bin/../lib/gcc/aarch64-none-linux-gnu/12.2.1/crtend.o]
    arg [/home/huy/mnt/usb_ext4/usr/lib/aarch64-linux-gnu/crtn.o] ==> obj [/home/huy/mnt/usb_ext4/usr/lib/aarch64-linux-gnu/crtn.o]
  collapse obj [/home/huy/mnt/usb_ext4/arm-gnu-toolchain-12.2.rel1-x86_64-aarch64-none-linux-gnu/bin/../lib/gcc/aarch64-none-linux-gnu/12.2.1/crtbegin.o] ==> [/home/huy/mnt/usb_ext4/arm-gnu-toolchain-12.2.rel1-x86_64-aarch64-none-linux-gnu/lib/gcc/aarch64-none-linux-gnu/12.2.1/crtbegin.o]
  collapse obj [/home/huy/mnt/usb_ext4/arm-gnu-toolchain-12.2.rel1-x86_64-aarch64-none-linux-gnu/bin/../lib/gcc/aarch64-none-linux-gnu/12.2.1/crtend.o] ==> [/home/huy/mnt/usb_ext4/arm-gnu-toolchain-12.2.rel1-x86_64-aarch64-none-linux-gnu/lib/gcc/aarch64-none-linux-gnu/12.2.1/crtend.o]
  collapse library dir [/home/huy/mnt/usb_ext4/usr/lib/aarch64-linux-gnu] ==> [/home/huy/mnt/usb_ext4/usr/lib/aarch64-linux-gnu]
  collapse library dir [/home/huy/mnt/usb_ext4/lib/aarch64-linux-gnu] ==> [/home/huy/mnt/usb_ext4/lib/aarch64-linux-gnu]
  collapse library dir [/home/huy/mnt/usb_ext4/usr/lib/aarch64-linux-gnu] ==> [/home/huy/mnt/usb_ext4/usr/lib/aarch64-linux-gnu]
  collapse library dir [/home/huy/mnt/usb_ext4/arm-gnu-toolchain-12.2.rel1-x86_64-aarch64-none-linux-gnu/bin/../lib/gcc/aarch64-none-linux-gnu/12.2.1] ==> [/home/huy/mnt/usb_ext4/arm-gnu-toolchain-12.2.rel1-x86_64-aarch64-none-linux-gnu/lib/gcc/aarch64-none-linux-gnu/12.2.1]
  collapse library dir [/home/huy/mnt/usb_ext4/arm-gnu-toolchain-12.2.rel1-x86_64-aarch64-none-linux-gnu/bin/../lib/gcc] ==> [/home/huy/mnt/usb_ext4/arm-gnu-toolchain-12.2.rel1-x86_64-aarch64-none-linux-gnu/lib/gcc]
  collapse library dir [/home/huy/mnt/usb_ext4/arm-gnu-toolchain-12.2.rel1-x86_64-aarch64-none-linux-gnu/bin/../lib/gcc/aarch64-none-linux-gnu/12.2.1/../../../../aarch64-none-linux-gnu/lib/../lib64] ==> [/home/huy/mnt/usb_ext4/arm-gnu-toolchain-12.2.rel1-x86_64-aarch64-none-linux-gnu/aarch64-none-linux-gnu/lib64]
  collapse library dir [/home/huy/mnt/usb_ext4/arm-gnu-toolchain-12.2.rel1-x86_64-aarch64-none-linux-gnu/bin/../lib/gcc/aarch64-none-linux-gnu/12.2.1/../../../../aarch64-none-linux-gnu/lib] ==> [/home/huy/mnt/usb_ext4/arm-gnu-toolchain-12.2.rel1-x86_64-aarch64-none-linux-gnu/aarch64-none-linux-gnu/lib]
  collapse library dir [/home/huy/mnt/usb_ext4/lib] ==> [/home/huy/mnt/usb_ext4/lib]
  collapse library dir [/home/huy/mnt/usb_ext4/usr/lib] ==> [/home/huy/mnt/usb_ext4/usr/lib]
  implicit libs: [gcc;gcc_s;c;gcc;gcc_s]
  implicit objs: [/home/huy/mnt/usb_ext4/usr/lib/aarch64-linux-gnu/crt1.o;/home/huy/mnt/usb_ext4/usr/lib/aarch64-linux-gnu/crti.o;/home/huy/mnt/usb_ext4/arm-gnu-toolchain-12.2.rel1-x86_64-aarch64-none-linux-gnu/lib/gcc/aarch64-none-linux-gnu/12.2.1/crtbegin.o;/home/huy/mnt/usb_ext4/arm-gnu-toolchain-12.2.rel1-x86_64-aarch64-none-linux-gnu/lib/gcc/aarch64-none-linux-gnu/12.2.1/crtend.o;/home/huy/mnt/usb_ext4/usr/lib/aarch64-linux-gnu/crtn.o]
  implicit dirs: [/home/huy/mnt/usb_ext4/usr/lib/aarch64-linux-gnu;/home/huy/mnt/usb_ext4/lib/aarch64-linux-gnu;/home/huy/mnt/usb_ext4/arm-gnu-toolchain-12.2.rel1-x86_64-aarch64-none-linux-gnu/lib/gcc/aarch64-none-linux-gnu/12.2.1;/home/huy/mnt/usb_ext4/arm-gnu-toolchain-12.2.rel1-x86_64-aarch64-none-linux-gnu/lib/gcc;/home/huy/mnt/usb_ext4/arm-gnu-toolchain-12.2.rel1-x86_64-aarch64-none-linux-gnu/aarch64-none-linux-gnu/lib64;/home/huy/mnt/usb_ext4/arm-gnu-toolchain-12.2.rel1-x86_64-aarch64-none-linux-gnu/aarch64-none-linux-gnu/lib;/home/huy/mnt/usb_ext4/lib;/home/huy/mnt/usb_ext4/usr/lib]
  implicit fwks: []


Detecting CXX compiler ABI info compiled with the following output:
Change Dir: /home/huy/nav2_ws/Vaccum-Robot-LDS02RR/build/turtlebot3/CMakeFiles/CMakeTmp

Run Build Command(s):/usr/bin/gmake -f Makefile cmTC_3b3cb/fast && /usr/bin/gmake  -f CMakeFiles/cmTC_3b3cb.dir/build.make CMakeFiles/cmTC_3b3cb.dir/build
gmake[1]: Entering directory '/home/huy/nav2_ws/Vaccum-Robot-LDS02RR/build/turtlebot3/CMakeFiles/CMakeTmp'
Building CXX object CMakeFiles/cmTC_3b3cb.dir/CMakeCXXCompilerABI.cpp.o
/home/huy/mnt/usb_ext4/arm-gnu-toolchain-12.2.rel1-x86_64-aarch64-none-linux-gnu/bin/aarch64-none-linux-gnu-g++ --sysroot=/home/huy/mnt/usb_ext4   -I/home/huy/mnt/usb_ext4/usr/include/aarch64-linux-gnu -I/home/huy/mnt/usb_ext4/usr/include/aarch64-linux-gnu    -v -o CMakeFiles/cmTC_3b3cb.dir/CMakeCXXCompilerABI.cpp.o -c /usr/share/cmake-3.22/Modules/CMakeCXXCompilerABI.cpp
Using built-in specs.
COLLECT_GCC=/home/huy/mnt/usb_ext4/arm-gnu-toolchain-12.2.rel1-x86_64-aarch64-none-linux-gnu/bin/aarch64-none-linux-gnu-g++
Target: aarch64-none-linux-gnu
Configured with: /data/jenkins/workspace/GNU-toolchain/arm-12/src/gcc/configure --target=aarch64-none-linux-gnu --prefix= --with-sysroot=/aarch64-none-linux-gnu/libc --with-build-sysroot=/data/jenkins/workspace/GNU-toolchain/arm-12/build-aarch64-none-linux-gnu/install//aarch64-none-linux-gnu/libc --with-bugurl=https://bugs.linaro.org/ --enable-gnu-indirect-function --enable-shared --disable-libssp --disable-libmudflap --enable-checking=release --enable-languages=c,c++,fortran --with-gmp=/data/jenkins/workspace/GNU-toolchain/arm-12/build-aarch64-none-linux-gnu/host-tools --with-mpfr=/data/jenkins/workspace/GNU-toolchain/arm-12/build-aarch64-none-linux-gnu/host-tools --with-mpc=/data/jenkins/workspace/GNU-toolchain/arm-12/build-aarch64-none-linux-gnu/host-tools --with-isl=/data/jenkins/workspace/GNU-toolchain/arm-12/build-aarch64-none-linux-gnu/host-tools --enable-fix-cortex-a53-843419 --with-pkgversion='Arm GNU Toolchain 12.2.Rel1 (Build arm-12.24)'
Thread model: posix
Supported LTO compression algorithms: zlib
gcc version 12.2.1 20221205 (Arm GNU Toolchain 12.2.Rel1 (Build arm-12.24)) 
COLLECT_GCC_OPTIONS='--sysroot=/home/huy/mnt/usb_ext4' '-I' '/home/huy/mnt/usb_ext4/usr/include/aarch64-linux-gnu' '-I' '/home/huy/mnt/usb_ext4/usr/include/aarch64-linux-gnu' '-v' '-o' 'CMakeFiles/cmTC_3b3cb.dir/CMakeCXXCompilerABI.cpp.o' '-c' '-shared-libgcc' '-mlittle-endian' '-mabi=lp64' '-dumpdir' 'CMakeFiles/cmTC_3b3cb.dir/'
 /home/huy/mnt/usb_ext4/arm-gnu-toolchain-12.2.rel1-x86_64-aarch64-none-linux-gnu/bin/../libexec/gcc/aarch64-none-linux-gnu/12.2.1/cc1plus -quiet -v -I /home/huy/mnt/usb_ext4/usr/include/aarch64-linux-gnu -I /home/huy/mnt/usb_ext4/usr/include/aarch64-linux-gnu -iprefix /home/huy/mnt/usb_ext4/arm-gnu-toolchain-12.2.rel1-x86_64-aarch64-none-linux-gnu/bin/../lib/gcc/aarch64-none-linux-gnu/12.2.1/ -isysroot /home/huy/mnt/usb_ext4 -D_GNU_SOURCE /usr/share/cmake-3.22/Modules/CMakeCXXCompilerABI.cpp -quiet -dumpdir CMakeFiles/cmTC_3b3cb.dir/ -dumpbase CMakeCXXCompilerABI.cpp.cpp -dumpbase-ext .cpp -mlittle-endian -mabi=lp64 -version -o /tmp/ccnzDSaW.s
GNU C++17 (Arm GNU Toolchain 12.2.Rel1 (Build arm-12.24)) version 12.2.1 20221205 (aarch64-none-linux-gnu)
	compiled by GNU C version 4.8.5 20150623 (Red Hat 4.8.5-44), GMP version 6.2.1, MPFR version 3.1.6, MPC version 1.0.3, isl version isl-0.15-1-g835ea3a-GMP

GGC heuristics: --param ggc-min-expand=100 --param ggc-min-heapsize=131072
ignoring duplicate directory "/home/huy/mnt/usb_ext4/arm-gnu-toolchain-12.2.rel1-x86_64-aarch64-none-linux-gnu/bin/../lib/gcc/../../lib/gcc/aarch64-none-linux-gnu/12.2.1/../../../../aarch64-none-linux-gnu/include/c++/12.2.1"
ignoring duplicate directory "/home/huy/mnt/usb_ext4/arm-gnu-toolchain-12.2.rel1-x86_64-aarch64-none-linux-gnu/bin/../lib/gcc/../../lib/gcc/aarch64-none-linux-gnu/12.2.1/../../../../aarch64-none-linux-gnu/include/c++/12.2.1/aarch64-none-linux-gnu"
ignoring duplicate directory "/home/huy/mnt/usb_ext4/arm-gnu-toolchain-12.2.rel1-x86_64-aarch64-none-linux-gnu/bin/../lib/gcc/../../lib/gcc/aarch64-none-linux-gnu/12.2.1/../../../../aarch64-none-linux-gnu/include/c++/12.2.1/backward"
ignoring duplicate directory "/home/huy/mnt/usb_ext4/arm-gnu-toolchain-12.2.rel1-x86_64-aarch64-none-linux-gnu/bin/../lib/gcc/../../lib/gcc/aarch64-none-linux-gnu/12.2.1/include"
ignoring duplicate directory "/home/huy/mnt/usb_ext4/arm-gnu-toolchain-12.2.rel1-x86_64-aarch64-none-linux-gnu/bin/../lib/gcc/../../lib/gcc/aarch64-none-linux-gnu/12.2.1/include-fixed"
ignoring duplicate directory "/home/huy/mnt/usb_ext4/arm-gnu-toolchain-12.2.rel1-x86_64-aarch64-none-linux-gnu/bin/../lib/gcc/../../lib/gcc/aarch64-none-linux-gnu/12.2.1/../../../../aarch64-none-linux-gnu/include"
ignoring duplicate directory "/home/huy/mnt/usb_ext4/usr/include/aarch64-linux-gnu"
#include "..." search starts here:
#include <...> search starts here:
 /home/huy/mnt/usb_ext4/usr/include/aarch64-linux-gnu
 /home/huy/mnt/usb_ext4/arm-gnu-toolchain-12.2.rel1-x86_64-aarch64-none-linux-gnu/bin/../lib/gcc/aarch64-none-linux-gnu/12.2.1/../../../../aarch64-none-linux-gnu/include/c++/12.2.1
 /home/huy/mnt/usb_ext4/arm-gnu-toolchain-12.2.rel1-x86_64-aarch64-none-linux-gnu/bin/../lib/gcc/aarch64-none-linux-gnu/12.2.1/../../../../aarch64-none-linux-gnu/include/c++/12.2.1/aarch64-none-linux-gnu
 /home/huy/mnt/usb_ext4/arm-gnu-toolchain-12.2.rel1-x86_64-aarch64-none-linux-gnu/bin/../lib/gcc/aarch64-none-linux-gnu/12.2.1/../../../../aarch64-none-linux-gnu/include/c++/12.2.1/backward
 /home/huy/mnt/usb_ext4/arm-gnu-toolchain-12.2.rel1-x86_64-aarch64-none-linux-gnu/bin/../lib/gcc/aarch64-none-linux-gnu/12.2.1/include
 /home/huy/mnt/usb_ext4/arm-gnu-toolchain-12.2.rel1-x86_64-aarch64-none-linux-gnu/bin/../lib/gcc/aarch64-none-linux-gnu/12.2.1/include-fixed
 /home/huy/mnt/usb_ext4/arm-gnu-toolchain-12.2.rel1-x86_64-aarch64-none-linux-gnu/bin/../lib/gcc/aarch64-none-linux-gnu/12.2.1/../../../../aarch64-none-linux-gnu/include
 /home/huy/mnt/usb_ext4/usr/local/include
 /home/huy/mnt/usb_ext4/usr/include
End of search list.
GNU C++17 (Arm GNU Toolchain 12.2.Rel1 (Build arm-12.24)) version 12.2.1 20221205 (aarch64-none-linux-gnu)
	compiled by GNU C version 4.8.5 20150623 (Red Hat 4.8.5-44), GMP version 6.2.1, MPFR version 3.1.6, MPC version 1.0.3, isl version isl-0.15-1-g835ea3a-GMP

GGC heuristics: --param ggc-min-expand=100 --param ggc-min-heapsize=131072
Compiler executable checksum: 1804f81945819bed8bd692c604ea3611
COLLECT_GCC_OPTIONS='--sysroot=/home/huy/mnt/usb_ext4' '-I' '/home/huy/mnt/usb_ext4/usr/include/aarch64-linux-gnu' '-I' '/home/huy/mnt/usb_ext4/usr/include/aarch64-linux-gnu' '-v' '-o' 'CMakeFiles/cmTC_3b3cb.dir/CMakeCXXCompilerABI.cpp.o' '-c' '-shared-libgcc' '-mlittle-endian' '-mabi=lp64' '-dumpdir' 'CMakeFiles/cmTC_3b3cb.dir/'
 /home/huy/mnt/usb_ext4/arm-gnu-toolchain-12.2.rel1-x86_64-aarch64-none-linux-gnu/bin/../lib/gcc/aarch64-none-linux-gnu/12.2.1/../../../../aarch64-none-linux-gnu/bin/as -v -I /home/huy/mnt/usb_ext4/usr/include/aarch64-linux-gnu -I /home/huy/mnt/usb_ext4/usr/include/aarch64-linux-gnu -EL -mabi=lp64 -o CMakeFiles/cmTC_3b3cb.dir/CMakeCXXCompilerABI.cpp.o /tmp/ccnzDSaW.s
GNU assembler version 2.39.0 (aarch64-none-linux-gnu) using BFD version (Arm GNU Toolchain 12.2.Rel1 (Build arm-12.24)) 2.39.0.20221210
COMPILER_PATH=/home/huy/mnt/usb_ext4/arm-gnu-toolchain-12.2.rel1-x86_64-aarch64-none-linux-gnu/bin/../libexec/gcc/aarch64-none-linux-gnu/12.2.1/:/home/huy/mnt/usb_ext4/arm-gnu-toolchain-12.2.rel1-x86_64-aarch64-none-linux-gnu/bin/../libexec/gcc/:/home/huy/mnt/usb_ext4/arm-gnu-toolchain-12.2.rel1-x86_64-aarch64-none-linux-gnu/bin/../lib/gcc/aarch64-none-linux-gnu/12.2.1/../../../../aarch64-none-linux-gnu/bin/
LIBRARY_PATH=/home/huy/mnt/usb_ext4/arm-gnu-toolchain-12.2.rel1-x86_64-aarch64-none-linux-gnu/bin/../lib/gcc/aarch64-none-linux-gnu/12.2.1/:/home/huy/mnt/usb_ext4/arm-gnu-toolchain-12.2.rel1-x86_64-aarch64-none-linux-gnu/bin/../lib/gcc/:/home/huy/mnt/usb_ext4/arm-gnu-toolchain-12.2.rel1-x86_64-aarch64-none-linux-gnu/bin/../lib/gcc/aarch64-none-linux-gnu/12.2.1/../../../../aarch64-none-linux-gnu/lib/../lib64/:/home/huy/mnt/usb_ext4/arm-gnu-toolchain-12.2.rel1-x86_64-aarch64-none-linux-gnu/bin/../lib/gcc/aarch64-none-linux-gnu/12.2.1/../../../../aarch64-none-linux-gnu/lib/:/home/huy/mnt/usb_ext4/lib/:/home/huy/mnt/usb_ext4/usr/lib/
COLLECT_GCC_OPTIONS='--sysroot=/home/huy/mnt/usb_ext4' '-I' '/home/huy/mnt/usb_ext4/usr/include/aarch64-linux-gnu' '-I' '/home/huy/mnt/usb_ext4/usr/include/aarch64-linux-gnu' '-v' '-o' 'CMakeFiles/cmTC_3b3cb.dir/CMakeCXXCompilerABI.cpp.o' '-c' '-shared-libgcc' '-mlittle-endian' '-mabi=lp64' '-dumpdir' 'CMakeFiles/cmTC_3b3cb.dir/CMakeCXXCompilerABI.cpp.'
Linking CXX executable cmTC_3b3cb
/usr/bin/cmake -E cmake_link_script CMakeFiles/cmTC_3b3cb.dir/link.txt --verbose=1
/home/huy/mnt/usb_ext4/arm-gnu-toolchain-12.2.rel1-x86_64-aarch64-none-linux-gnu/bin/aarch64-none-linux-gnu-g++ --sysroot=/home/huy/mnt/usb_ext4  -I/home/huy/mnt/usb_ext4/usr/include/aarch64-linux-gnu -I/home/huy/mnt/usb_ext4/usr/include/aarch64-linux-gnu  --sysroot=/home/huy/mnt/usb_ext4     -B/home/huy/mnt/usb_ext4/usr/lib/aarch64-linux-gnu     -L/home/huy/mnt/usb_ext4/usr/lib/aarch64-linux-gnu     -L/home/huy/mnt/usb_ext4/lib/aarch64-linux-gnu     -Wl,-rpath,/home/huy/mnt/usb_ext4/usr/lib/aarch64-linux-gnu     -Wl,-rpath,/home/huy/mnt/usb_ext4/lib/aarch64-linux-gnu     -Wl,-rpath-link,/home/huy/mnt/usb_ext4/usr/lib/aarch64-linux-gnu     -Wl,-rpath-link,/home/huy/mnt/usb_ext4/lib/aarch64-linux-gnu -v CMakeFiles/cmTC_3b3cb.dir/CMakeCXXCompilerABI.cpp.o -o cmTC_3b3cb  -lstdc++ -lm -lc 
Using built-in specs.
COLLECT_GCC=/home/huy/mnt/usb_ext4/arm-gnu-toolchain-12.2.rel1-x86_64-aarch64-none-linux-gnu/bin/aarch64-none-linux-gnu-g++
COLLECT_LTO_WRAPPER=/home/huy/mnt/usb_ext4/arm-gnu-toolchain-12.2.rel1-x86_64-aarch64-none-linux-gnu/bin/../libexec/gcc/aarch64-none-linux-gnu/12.2.1/lto-wrapper
Target: aarch64-none-linux-gnu
Configured with: /data/jenkins/workspace/GNU-toolchain/arm-12/src/gcc/configure --target=aarch64-none-linux-gnu --prefix= --with-sysroot=/aarch64-none-linux-gnu/libc --with-build-sysroot=/data/jenkins/workspace/GNU-toolchain/arm-12/build-aarch64-none-linux-gnu/install//aarch64-none-linux-gnu/libc --with-bugurl=https://bugs.linaro.org/ --enable-gnu-indirect-function --enable-shared --disable-libssp --disable-libmudflap --enable-checking=release --enable-languages=c,c++,fortran --with-gmp=/data/jenkins/workspace/GNU-toolchain/arm-12/build-aarch64-none-linux-gnu/host-tools --with-mpfr=/data/jenkins/workspace/GNU-toolchain/arm-12/build-aarch64-none-linux-gnu/host-tools --with-mpc=/data/jenkins/workspace/GNU-toolchain/arm-12/build-aarch64-none-linux-gnu/host-tools --with-isl=/data/jenkins/workspace/GNU-toolchain/arm-12/build-aarch64-none-linux-gnu/host-tools --enable-fix-cortex-a53-843419 --with-pkgversion='Arm GNU Toolchain 12.2.Rel1 (Build arm-12.24)'
Thread model: posix
Supported LTO compression algorithms: zlib
gcc version 12.2.1 20221205 (Arm GNU Toolchain 12.2.Rel1 (Build arm-12.24)) 
COMPILER_PATH=/home/huy/mnt/usb_ext4/usr/lib/aarch64-linux-gnu/:/home/huy/mnt/usb_ext4/arm-gnu-toolchain-12.2.rel1-x86_64-aarch64-none-linux-gnu/bin/../libexec/gcc/aarch64-none-linux-gnu/12.2.1/:/home/huy/mnt/usb_ext4/arm-gnu-toolchain-12.2.rel1-x86_64-aarch64-none-linux-gnu/bin/../libexec/gcc/:/home/huy/mnt/usb_ext4/arm-gnu-toolchain-12.2.rel1-x86_64-aarch64-none-linux-gnu/bin/../lib/gcc/aarch64-none-linux-gnu/12.2.1/../../../../aarch64-none-linux-gnu/bin/
LIBRARY_PATH=/home/huy/mnt/usb_ext4/usr/lib/aarch64-linux-gnu/:/home/huy/mnt/usb_ext4/arm-gnu-toolchain-12.2.rel1-x86_64-aarch64-none-linux-gnu/bin/../lib/gcc/aarch64-none-linux-gnu/12.2.1/:/home/huy/mnt/usb_ext4/arm-gnu-toolchain-12.2.rel1-x86_64-aarch64-none-linux-gnu/bin/../lib/gcc/:/home/huy/mnt/usb_ext4/arm-gnu-toolchain-12.2.rel1-x86_64-aarch64-none-linux-gnu/bin/../lib/gcc/aarch64-none-linux-gnu/12.2.1/../../../../aarch64-none-linux-gnu/lib/../lib64/:/home/huy/mnt/usb_ext4/arm-gnu-toolchain-12.2.rel1-x86_64-aarch64-none-linux-gnu/bin/../lib/gcc/aarch64-none-linux-gnu/12.2.1/../../../../aarch64-none-linux-gnu/lib/:/home/huy/mnt/usb_ext4/lib/:/home/huy/mnt/usb_ext4/usr/lib/
COLLECT_GCC_OPTIONS='--sysroot=/home/huy/mnt/usb_ext4' '-I' '/home/huy/mnt/usb_ext4/usr/include/aarch64-linux-gnu' '-I' '/home/huy/mnt/usb_ext4/usr/include/aarch64-linux-gnu' '--sysroot=/home/huy/mnt/usb_ext4' '-B' '/home/huy/mnt/usb_ext4/usr/lib/aarch64-linux-gnu' '-L/home/huy/mnt/usb_ext4/usr/lib/aarch64-linux-gnu' '-L/home/huy/mnt/usb_ext4/lib/aarch64-linux-gnu' '-v' '-o' 'cmTC_3b3cb' '-shared-libgcc' '-mlittle-endian' '-mabi=lp64' '-dumpdir' 'cmTC_3b3cb.'
 /home/huy/mnt/usb_ext4/arm-gnu-toolchain-12.2.rel1-x86_64-aarch64-none-linux-gnu/bin/../libexec/gcc/aarch64-none-linux-gnu/12.2.1/collect2 -plugin /home/huy/mnt/usb_ext4/arm-gnu-toolchain-12.2.rel1-x86_64-aarch64-none-linux-gnu/bin/../libexec/gcc/aarch64-none-linux-gnu/12.2.1/liblto_plugin.so -plugin-opt=/home/huy/mnt/usb_ext4/arm-gnu-toolchain-12.2.rel1-x86_64-aarch64-none-linux-gnu/bin/../libexec/gcc/aarch64-none-linux-gnu/12.2.1/lto-wrapper -plugin-opt=-fresolution=/tmp/cc5zRKmX.res -plugin-opt=-pass-through=-lgcc_s -plugin-opt=-pass-through=-lgcc -plugin-opt=-pass-through=-lc -plugin-opt=-pass-through=-lgcc_s -plugin-opt=-pass-through=-lgcc --sysroot=/home/huy/mnt/usb_ext4 --eh-frame-hdr -dynamic-linker /lib/ld-linux-aarch64.so.1 -X -EL -maarch64linux --fix-cortex-a53-843419 -o cmTC_3b3cb /home/huy/mnt/usb_ext4/usr/lib/aarch64-linux-gnu/crt1.o /home/huy/mnt/usb_ext4/usr/lib/aarch64-linux-gnu/crti.o /home/huy/mnt/usb_ext4/arm-gnu-toolchain-12.2.rel1-x86_64-aarch64-none-linux-gnu/bin/../lib/gcc/aarch64-none-linux-gnu/12.2.1/crtbegin.o -L/home/huy/mnt/usb_ext4/usr/lib/aarch64-linux-gnu -L/home/huy/mnt/usb_ext4/lib/aarch64-linux-gnu -L/home/huy/mnt/usb_ext4/usr/lib/aarch64-linux-gnu -L/home/huy/mnt/usb_ext4/arm-gnu-toolchain-12.2.rel1-x86_64-aarch64-none-linux-gnu/bin/../lib/gcc/aarch64-none-linux-gnu/12.2.1 -L/home/huy/mnt/usb_ext4/arm-gnu-toolchain-12.2.rel1-x86_64-aarch64-none-linux-gnu/bin/../lib/gcc -L/home/huy/mnt/usb_ext4/arm-gnu-toolchain-12.2.rel1-x86_64-aarch64-none-linux-gnu/bin/../lib/gcc/aarch64-none-linux-gnu/12.2.1/../../../../aarch64-none-linux-gnu/lib/../lib64 -L/home/huy/mnt/usb_ext4/arm-gnu-toolchain-12.2.rel1-x86_64-aarch64-none-linux-gnu/bin/../lib/gcc/aarch64-none-linux-gnu/12.2.1/../../../../aarch64-none-linux-gnu/lib -L/home/huy/mnt/usb_ext4/lib -L/home/huy/mnt/usb_ext4/usr/lib -rpath /home/huy/mnt/usb_ext4/usr/lib/aarch64-linux-gnu -rpath /home/huy/mnt/usb_ext4/lib/aarch64-linux-gnu -rpath-link /home/huy/mnt/usb_ext4/usr/lib/aarch64-linux-gnu -rpath-link /home/huy/mnt/usb_ext4/lib/aarch64-linux-gnu CMakeFiles/cmTC_3b3cb.dir/CMakeCXXCompilerABI.cpp.o -lstdc++ -lstdc++ -lm -lc -lgcc_s -lgcc -lc -lgcc_s -lgcc /home/huy/mnt/usb_ext4/arm-gnu-toolchain-12.2.rel1-x86_64-aarch64-none-linux-gnu/bin/../lib/gcc/aarch64-none-linux-gnu/12.2.1/crtend.o /home/huy/mnt/usb_ext4/usr/lib/aarch64-linux-gnu/crtn.o
COLLECT_GCC_OPTIONS='--sysroot=/home/huy/mnt/usb_ext4' '-I' '/home/huy/mnt/usb_ext4/usr/include/aarch64-linux-gnu' '-I' '/home/huy/mnt/usb_ext4/usr/include/aarch64-linux-gnu' '--sysroot=/home/huy/mnt/usb_ext4' '-B' '/home/huy/mnt/usb_ext4/usr/lib/aarch64-linux-gnu' '-L/home/huy/mnt/usb_ext4/usr/lib/aarch64-linux-gnu' '-L/home/huy/mnt/usb_ext4/lib/aarch64-linux-gnu' '-v' '-o' 'cmTC_3b3cb' '-shared-libgcc' '-mlittle-endian' '-mabi=lp64' '-dumpdir' 'cmTC_3b3cb.'
gmake[1]: Leaving directory '/home/huy/nav2_ws/Vaccum-Robot-LDS02RR/build/turtlebot3/CMakeFiles/CMakeTmp'



Parsed CXX implicit include dir info from above output: rv=done
  found start of include info
  found start of implicit include info
    add: [/home/huy/mnt/usb_ext4/usr/include/aarch64-linux-gnu]
    add: [/home/huy/mnt/usb_ext4/arm-gnu-toolchain-12.2.rel1-x86_64-aarch64-none-linux-gnu/bin/../lib/gcc/aarch64-none-linux-gnu/12.2.1/../../../../aarch64-none-linux-gnu/include/c++/12.2.1]
    add: [/home/huy/mnt/usb_ext4/arm-gnu-toolchain-12.2.rel1-x86_64-aarch64-none-linux-gnu/bin/../lib/gcc/aarch64-none-linux-gnu/12.2.1/../../../../aarch64-none-linux-gnu/include/c++/12.2.1/aarch64-none-linux-gnu]
    add: [/home/huy/mnt/usb_ext4/arm-gnu-toolchain-12.2.rel1-x86_64-aarch64-none-linux-gnu/bin/../lib/gcc/aarch64-none-linux-gnu/12.2.1/../../../../aarch64-none-linux-gnu/include/c++/12.2.1/backward]
    add: [/home/huy/mnt/usb_ext4/arm-gnu-toolchain-12.2.rel1-x86_64-aarch64-none-linux-gnu/bin/../lib/gcc/aarch64-none-linux-gnu/12.2.1/include]
    add: [/home/huy/mnt/usb_ext4/arm-gnu-toolchain-12.2.rel1-x86_64-aarch64-none-linux-gnu/bin/../lib/gcc/aarch64-none-linux-gnu/12.2.1/include-fixed]
    add: [/home/huy/mnt/usb_ext4/arm-gnu-toolchain-12.2.rel1-x86_64-aarch64-none-linux-gnu/bin/../lib/gcc/aarch64-none-linux-gnu/12.2.1/../../../../aarch64-none-linux-gnu/include]
    add: [/home/huy/mnt/usb_ext4/usr/local/include]
    add: [/home/huy/mnt/usb_ext4/usr/include]
  end of search list found
  collapse include dir [/home/huy/mnt/usb_ext4/usr/include/aarch64-linux-gnu] ==> [/home/huy/mnt/usb_ext4/usr/include/aarch64-linux-gnu]
  collapse include dir [/home/huy/mnt/usb_ext4/arm-gnu-toolchain-12.2.rel1-x86_64-aarch64-none-linux-gnu/bin/../lib/gcc/aarch64-none-linux-gnu/12.2.1/../../../../aarch64-none-linux-gnu/include/c++/12.2.1] ==> [/home/huy/mnt/usb_ext4/arm-gnu-toolchain-12.2.rel1-x86_64-aarch64-none-linux-gnu/aarch64-none-linux-gnu/include/c++/12.2.1]
  collapse include dir [/home/huy/mnt/usb_ext4/arm-gnu-toolchain-12.2.rel1-x86_64-aarch64-none-linux-gnu/bin/../lib/gcc/aarch64-none-linux-gnu/12.2.1/../../../../aarch64-none-linux-gnu/include/c++/12.2.1/aarch64-none-linux-gnu] ==> [/home/huy/mnt/usb_ext4/arm-gnu-toolchain-12.2.rel1-x86_64-aarch64-none-linux-gnu/aarch64-none-linux-gnu/include/c++/12.2.1/aarch64-none-linux-gnu]
  collapse include dir [/home/huy/mnt/usb_ext4/arm-gnu-toolchain-12.2.rel1-x86_64-aarch64-none-linux-gnu/bin/../lib/gcc/aarch64-none-linux-gnu/12.2.1/../../../../aarch64-none-linux-gnu/include/c++/12.2.1/backward] ==> [/home/huy/mnt/usb_ext4/arm-gnu-toolchain-12.2.rel1-x86_64-aarch64-none-linux-gnu/aarch64-none-linux-gnu/include/c++/12.2.1/backward]
  collapse include dir [/home/huy/mnt/usb_ext4/arm-gnu-toolchain-12.2.rel1-x86_64-aarch64-none-linux-gnu/bin/../lib/gcc/aarch64-none-linux-gnu/12.2.1/include] ==> [/home/huy/mnt/usb_ext4/arm-gnu-toolchain-12.2.rel1-x86_64-aarch64-none-linux-gnu/lib/gcc/aarch64-none-linux-gnu/12.2.1/include]
  collapse include dir [/home/huy/mnt/usb_ext4/arm-gnu-toolchain-12.2.rel1-x86_64-aarch64-none-linux-gnu/bin/../lib/gcc/aarch64-none-linux-gnu/12.2.1/include-fixed] ==> [/home/huy/mnt/usb_ext4/arm-gnu-toolchain-12.2.rel1-x86_64-aarch64-none-linux-gnu/lib/gcc/aarch64-none-linux-gnu/12.2.1/include-fixed]
  collapse include dir [/home/huy/mnt/usb_ext4/arm-gnu-toolchain-12.2.rel1-x86_64-aarch64-none-linux-gnu/bin/../lib/gcc/aarch64-none-linux-gnu/12.2.1/../../../../aarch64-none-linux-gnu/include] ==> [/home/huy/mnt/usb_ext4/arm-gnu-toolchain-12.2.rel1-x86_64-aarch64-none-linux-gnu/aarch64-none-linux-gnu/include]
  collapse include dir [/home/huy/mnt/usb_ext4/usr/local/include] ==> [/home/huy/mnt/usb_ext4/usr/local/include]
  collapse include dir [/home/huy/mnt/usb_ext4/usr/include] ==> [/home/huy/mnt/usb_ext4/usr/include]
  implicit include dirs: [/home/huy/mnt/usb_ext4/usr/include/aarch64-linux-gnu;/home/huy/mnt/usb_ext4/arm-gnu-toolchain-12.2.rel1-x86_64-aarch64-none-linux-gnu/aarch64-none-linux-gnu/include/c++/12.2.1;/home/huy/mnt/usb_ext4/arm-gnu-toolchain-12.2.rel1-x86_64-aarch64-none-linux-gnu/aarch64-none-linux-gnu/include/c++/12.2.1/aarch64-none-linux-gnu;/home/huy/mnt/usb_ext4/arm-gnu-toolchain-12.2.rel1-x86_64-aarch64-none-linux-gnu/aarch64-none-linux-gnu/include/c++/12.2.1/backward;/home/huy/mnt/usb_ext4/arm-gnu-toolchain-12.2.rel1-x86_64-aarch64-none-linux-gnu/lib/gcc/aarch64-none-linux-gnu/12.2.1/include;/home/huy/mnt/usb_ext4/arm-gnu-toolchain-12.2.rel1-x86_64-aarch64-none-linux-gnu/lib/gcc/aarch64-none-linux-gnu/12.2.1/include-fixed;/home/huy/mnt/usb_ext4/arm-gnu-toolchain-12.2.rel1-x86_64-aarch64-none-linux-gnu/aarch64-none-linux-gnu/include;/home/huy/mnt/usb_ext4/usr/local/include;/home/huy/mnt/usb_ext4/usr/include]


Parsed CXX implicit link information from above output:
  link line regex: [^( *|.*[/\])(aarch64-none-linux-gnu-ld|CMAKE_LINK_STARTFILE-NOTFOUND|([^/\]+-)?ld|collect2)[^/\]*( |$)]
  ignore line: [Change Dir: /home/huy/nav2_ws/Vaccum-Robot-LDS02RR/build/turtlebot3/CMakeFiles/CMakeTmp]
  ignore line: []
  ignore line: [Run Build Command(s):/usr/bin/gmake -f Makefile cmTC_3b3cb/fast && /usr/bin/gmake  -f CMakeFiles/cmTC_3b3cb.dir/build.make CMakeFiles/cmTC_3b3cb.dir/build]
  ignore line: [gmake[1]: Entering directory '/home/huy/nav2_ws/Vaccum-Robot-LDS02RR/build/turtlebot3/CMakeFiles/CMakeTmp']
  ignore line: [Building CXX object CMakeFiles/cmTC_3b3cb.dir/CMakeCXXCompilerABI.cpp.o]
  ignore line: [/home/huy/mnt/usb_ext4/arm-gnu-toolchain-12.2.rel1-x86_64-aarch64-none-linux-gnu/bin/aarch64-none-linux-gnu-g++ --sysroot=/home/huy/mnt/usb_ext4   -I/home/huy/mnt/usb_ext4/usr/include/aarch64-linux-gnu -I/home/huy/mnt/usb_ext4/usr/include/aarch64-linux-gnu    -v -o CMakeFiles/cmTC_3b3cb.dir/CMakeCXXCompilerABI.cpp.o -c /usr/share/cmake-3.22/Modules/CMakeCXXCompilerABI.cpp]
  ignore line: [Using built-in specs.]
  ignore line: [COLLECT_GCC=/home/huy/mnt/usb_ext4/arm-gnu-toolchain-12.2.rel1-x86_64-aarch64-none-linux-gnu/bin/aarch64-none-linux-gnu-g++]
  ignore line: [Target: aarch64-none-linux-gnu]
  ignore line: [Configured with: /data/jenkins/workspace/GNU-toolchain/arm-12/src/gcc/configure --target=aarch64-none-linux-gnu --prefix= --with-sysroot=/aarch64-none-linux-gnu/libc --with-build-sysroot=/data/jenkins/workspace/GNU-toolchain/arm-12/build-aarch64-none-linux-gnu/install//aarch64-none-linux-gnu/libc --with-bugurl=https://bugs.linaro.org/ --enable-gnu-indirect-function --enable-shared --disable-libssp --disable-libmudflap --enable-checking=release --enable-languages=c c++ fortran --with-gmp=/data/jenkins/workspace/GNU-toolchain/arm-12/build-aarch64-none-linux-gnu/host-tools --with-mpfr=/data/jenkins/workspace/GNU-toolchain/arm-12/build-aarch64-none-linux-gnu/host-tools --with-mpc=/data/jenkins/workspace/GNU-toolchain/arm-12/build-aarch64-none-linux-gnu/host-tools --with-isl=/data/jenkins/workspace/GNU-toolchain/arm-12/build-aarch64-none-linux-gnu/host-tools --enable-fix-cortex-a53-843419 --with-pkgversion='Arm GNU Toolchain 12.2.Rel1 (Build arm-12.24)']
  ignore line: [Thread model: posix]
  ignore line: [Supported LTO compression algorithms: zlib]
  ignore line: [gcc version 12.2.1 20221205 (Arm GNU Toolchain 12.2.Rel1 (Build arm-12.24)) ]
  ignore line: [COLLECT_GCC_OPTIONS='--sysroot=/home/huy/mnt/usb_ext4' '-I' '/home/huy/mnt/usb_ext4/usr/include/aarch64-linux-gnu' '-I' '/home/huy/mnt/usb_ext4/usr/include/aarch64-linux-gnu' '-v' '-o' 'CMakeFiles/cmTC_3b3cb.dir/CMakeCXXCompilerABI.cpp.o' '-c' '-shared-libgcc' '-mlittle-endian' '-mabi=lp64' '-dumpdir' 'CMakeFiles/cmTC_3b3cb.dir/']
  ignore line: [ /home/huy/mnt/usb_ext4/arm-gnu-toolchain-12.2.rel1-x86_64-aarch64-none-linux-gnu/bin/../libexec/gcc/aarch64-none-linux-gnu/12.2.1/cc1plus -quiet -v -I /home/huy/mnt/usb_ext4/usr/include/aarch64-linux-gnu -I /home/huy/mnt/usb_ext4/usr/include/aarch64-linux-gnu -iprefix /home/huy/mnt/usb_ext4/arm-gnu-toolchain-12.2.rel1-x86_64-aarch64-none-linux-gnu/bin/../lib/gcc/aarch64-none-linux-gnu/12.2.1/ -isysroot /home/huy/mnt/usb_ext4 -D_GNU_SOURCE /usr/share/cmake-3.22/Modules/CMakeCXXCompilerABI.cpp -quiet -dumpdir CMakeFiles/cmTC_3b3cb.dir/ -dumpbase CMakeCXXCompilerABI.cpp.cpp -dumpbase-ext .cpp -mlittle-endian -mabi=lp64 -version -o /tmp/ccnzDSaW.s]
  ignore line: [GNU C++17 (Arm GNU Toolchain 12.2.Rel1 (Build arm-12.24)) version 12.2.1 20221205 (aarch64-none-linux-gnu)]
  ignore line: [	compiled by GNU C version 4.8.5 20150623 (Red Hat 4.8.5-44)  GMP version 6.2.1  MPFR version 3.1.6  MPC version 1.0.3  isl version isl-0.15-1-g835ea3a-GMP]
  ignore line: []
  ignore line: [GGC heuristics: --param ggc-min-expand=100 --param ggc-min-heapsize=131072]
  ignore line: [ignoring duplicate directory "/home/huy/mnt/usb_ext4/arm-gnu-toolchain-12.2.rel1-x86_64-aarch64-none-linux-gnu/bin/../lib/gcc/../../lib/gcc/aarch64-none-linux-gnu/12.2.1/../../../../aarch64-none-linux-gnu/include/c++/12.2.1"]
  ignore line: [ignoring duplicate directory "/home/huy/mnt/usb_ext4/arm-gnu-toolchain-12.2.rel1-x86_64-aarch64-none-linux-gnu/bin/../lib/gcc/../../lib/gcc/aarch64-none-linux-gnu/12.2.1/../../../../aarch64-none-linux-gnu/include/c++/12.2.1/aarch64-none-linux-gnu"]
  ignore line: [ignoring duplicate directory "/home/huy/mnt/usb_ext4/arm-gnu-toolchain-12.2.rel1-x86_64-aarch64-none-linux-gnu/bin/../lib/gcc/../../lib/gcc/aarch64-none-linux-gnu/12.2.1/../../../../aarch64-none-linux-gnu/include/c++/12.2.1/backward"]
  ignore line: [ignoring duplicate directory "/home/huy/mnt/usb_ext4/arm-gnu-toolchain-12.2.rel1-x86_64-aarch64-none-linux-gnu/bin/../lib/gcc/../../lib/gcc/aarch64-none-linux-gnu/12.2.1/include"]
  ignore line: [ignoring duplicate directory "/home/huy/mnt/usb_ext4/arm-gnu-toolchain-12.2.rel1-x86_64-aarch64-none-linux-gnu/bin/../lib/gcc/../../lib/gcc/aarch64-none-linux-gnu/12.2.1/include-fixed"]
  ignore line: [ignoring duplicate directory "/home/huy/mnt/usb_ext4/arm-gnu-toolchain-12.2.rel1-x86_64-aarch64-none-linux-gnu/bin/../lib/gcc/../../lib/gcc/aarch64-none-linux-gnu/12.2.1/../../../../aarch64-none-linux-gnu/include"]
  ignore line: [ignoring duplicate directory "/home/huy/mnt/usb_ext4/usr/include/aarch64-linux-gnu"]
  ignore line: [#include "..." search starts here:]
  ignore line: [#include <...> search starts here:]
  ignore line: [ /home/huy/mnt/usb_ext4/usr/include/aarch64-linux-gnu]
  ignore line: [ /home/huy/mnt/usb_ext4/arm-gnu-toolchain-12.2.rel1-x86_64-aarch64-none-linux-gnu/bin/../lib/gcc/aarch64-none-linux-gnu/12.2.1/../../../../aarch64-none-linux-gnu/include/c++/12.2.1]
  ignore line: [ /home/huy/mnt/usb_ext4/arm-gnu-toolchain-12.2.rel1-x86_64-aarch64-none-linux-gnu/bin/../lib/gcc/aarch64-none-linux-gnu/12.2.1/../../../../aarch64-none-linux-gnu/include/c++/12.2.1/aarch64-none-linux-gnu]
  ignore line: [ /home/huy/mnt/usb_ext4/arm-gnu-toolchain-12.2.rel1-x86_64-aarch64-none-linux-gnu/bin/../lib/gcc/aarch64-none-linux-gnu/12.2.1/../../../../aarch64-none-linux-gnu/include/c++/12.2.1/backward]
  ignore line: [ /home/huy/mnt/usb_ext4/arm-gnu-toolchain-12.2.rel1-x86_64-aarch64-none-linux-gnu/bin/../lib/gcc/aarch64-none-linux-gnu/12.2.1/include]
  ignore line: [ /home/huy/mnt/usb_ext4/arm-gnu-toolchain-12.2.rel1-x86_64-aarch64-none-linux-gnu/bin/../lib/gcc/aarch64-none-linux-gnu/12.2.1/include-fixed]
  ignore line: [ /home/huy/mnt/usb_ext4/arm-gnu-toolchain-12.2.rel1-x86_64-aarch64-none-linux-gnu/bin/../lib/gcc/aarch64-none-linux-gnu/12.2.1/../../../../aarch64-none-linux-gnu/include]
  ignore line: [ /home/huy/mnt/usb_ext4/usr/local/include]
  ignore line: [ /home/huy/mnt/usb_ext4/usr/include]
  ignore line: [End of search list.]
  ignore line: [GNU C++17 (Arm GNU Toolchain 12.2.Rel1 (Build arm-12.24)) version 12.2.1 20221205 (aarch64-none-linux-gnu)]
  ignore line: [	compiled by GNU C version 4.8.5 20150623 (Red Hat 4.8.5-44)  GMP version 6.2.1  MPFR version 3.1.6  MPC version 1.0.3  isl version isl-0.15-1-g835ea3a-GMP]
  ignore line: []
  ignore line: [GGC heuristics: --param ggc-min-expand=100 --param ggc-min-heapsize=131072]
  ignore line: [Compiler executable checksum: 1804f81945819bed8bd692c604ea3611]
  ignore line: [COLLECT_GCC_OPTIONS='--sysroot=/home/huy/mnt/usb_ext4' '-I' '/home/huy/mnt/usb_ext4/usr/include/aarch64-linux-gnu' '-I' '/home/huy/mnt/usb_ext4/usr/include/aarch64-linux-gnu' '-v' '-o' 'CMakeFiles/cmTC_3b3cb.dir/CMakeCXXCompilerABI.cpp.o' '-c' '-shared-libgcc' '-mlittle-endian' '-mabi=lp64' '-dumpdir' 'CMakeFiles/cmTC_3b3cb.dir/']
  ignore line: [ /home/huy/mnt/usb_ext4/arm-gnu-toolchain-12.2.rel1-x86_64-aarch64-none-linux-gnu/bin/../lib/gcc/aarch64-none-linux-gnu/12.2.1/../../../../aarch64-none-linux-gnu/bin/as -v -I /home/huy/mnt/usb_ext4/usr/include/aarch64-linux-gnu -I /home/huy/mnt/usb_ext4/usr/include/aarch64-linux-gnu -EL -mabi=lp64 -o CMakeFiles/cmTC_3b3cb.dir/CMakeCXXCompilerABI.cpp.o /tmp/ccnzDSaW.s]
  ignore line: [GNU assembler version 2.39.0 (aarch64-none-linux-gnu) using BFD version (Arm GNU Toolchain 12.2.Rel1 (Build arm-12.24)) 2.39.0.20221210]
  ignore line: [COMPILER_PATH=/home/huy/mnt/usb_ext4/arm-gnu-toolchain-12.2.rel1-x86_64-aarch64-none-linux-gnu/bin/../libexec/gcc/aarch64-none-linux-gnu/12.2.1/:/home/huy/mnt/usb_ext4/arm-gnu-toolchain-12.2.rel1-x86_64-aarch64-none-linux-gnu/bin/../libexec/gcc/:/home/huy/mnt/usb_ext4/arm-gnu-toolchain-12.2.rel1-x86_64-aarch64-none-linux-gnu/bin/../lib/gcc/aarch64-none-linux-gnu/12.2.1/../../../../aarch64-none-linux-gnu/bin/]
  ignore line: [LIBRARY_PATH=/home/huy/mnt/usb_ext4/arm-gnu-toolchain-12.2.rel1-x86_64-aarch64-none-linux-gnu/bin/../lib/gcc/aarch64-none-linux-gnu/12.2.1/:/home/huy/mnt/usb_ext4/arm-gnu-toolchain-12.2.rel1-x86_64-aarch64-none-linux-gnu/bin/../lib/gcc/:/home/huy/mnt/usb_ext4/arm-gnu-toolchain-12.2.rel1-x86_64-aarch64-none-linux-gnu/bin/../lib/gcc/aarch64-none-linux-gnu/12.2.1/../../../../aarch64-none-linux-gnu/lib/../lib64/:/home/huy/mnt/usb_ext4/arm-gnu-toolchain-12.2.rel1-x86_64-aarch64-none-linux-gnu/bin/../lib/gcc/aarch64-none-linux-gnu/12.2.1/../../../../aarch64-none-linux-gnu/lib/:/home/huy/mnt/usb_ext4/lib/:/home/huy/mnt/usb_ext4/usr/lib/]
  ignore line: [COLLECT_GCC_OPTIONS='--sysroot=/home/huy/mnt/usb_ext4' '-I' '/home/huy/mnt/usb_ext4/usr/include/aarch64-linux-gnu' '-I' '/home/huy/mnt/usb_ext4/usr/include/aarch64-linux-gnu' '-v' '-o' 'CMakeFiles/cmTC_3b3cb.dir/CMakeCXXCompilerABI.cpp.o' '-c' '-shared-libgcc' '-mlittle-endian' '-mabi=lp64' '-dumpdir' 'CMakeFiles/cmTC_3b3cb.dir/CMakeCXXCompilerABI.cpp.']
  ignore line: [Linking CXX executable cmTC_3b3cb]
  ignore line: [/usr/bin/cmake -E cmake_link_script CMakeFiles/cmTC_3b3cb.dir/link.txt --verbose=1]
  ignore line: [/home/huy/mnt/usb_ext4/arm-gnu-toolchain-12.2.rel1-x86_64-aarch64-none-linux-gnu/bin/aarch64-none-linux-gnu-g++ --sysroot=/home/huy/mnt/usb_ext4  -I/home/huy/mnt/usb_ext4/usr/include/aarch64-linux-gnu -I/home/huy/mnt/usb_ext4/usr/include/aarch64-linux-gnu  --sysroot=/home/huy/mnt/usb_ext4     -B/home/huy/mnt/usb_ext4/usr/lib/aarch64-linux-gnu     -L/home/huy/mnt/usb_ext4/usr/lib/aarch64-linux-gnu     -L/home/huy/mnt/usb_ext4/lib/aarch64-linux-gnu     -Wl -rpath /home/huy/mnt/usb_ext4/usr/lib/aarch64-linux-gnu     -Wl -rpath /home/huy/mnt/usb_ext4/lib/aarch64-linux-gnu     -Wl -rpath-link /home/huy/mnt/usb_ext4/usr/lib/aarch64-linux-gnu     -Wl -rpath-link /home/huy/mnt/usb_ext4/lib/aarch64-linux-gnu -v CMakeFiles/cmTC_3b3cb.dir/CMakeCXXCompilerABI.cpp.o -o cmTC_3b3cb  -lstdc++ -lm -lc ]
  ignore line: [Using built-in specs.]
  ignore line: [COLLECT_GCC=/home/huy/mnt/usb_ext4/arm-gnu-toolchain-12.2.rel1-x86_64-aarch64-none-linux-gnu/bin/aarch64-none-linux-gnu-g++]
  ignore line: [COLLECT_LTO_WRAPPER=/home/huy/mnt/usb_ext4/arm-gnu-toolchain-12.2.rel1-x86_64-aarch64-none-linux-gnu/bin/../libexec/gcc/aarch64-none-linux-gnu/12.2.1/lto-wrapper]
  ignore line: [Target: aarch64-none-linux-gnu]
  ignore line: [Configured with: /data/jenkins/workspace/GNU-toolchain/arm-12/src/gcc/configure --target=aarch64-none-linux-gnu --prefix= --with-sysroot=/aarch64-none-linux-gnu/libc --with-build-sysroot=/data/jenkins/workspace/GNU-toolchain/arm-12/build-aarch64-none-linux-gnu/install//aarch64-none-linux-gnu/libc --with-bugurl=https://bugs.linaro.org/ --enable-gnu-indirect-function --enable-shared --disable-libssp --disable-libmudflap --enable-checking=release --enable-languages=c c++ fortran --with-gmp=/data/jenkins/workspace/GNU-toolchain/arm-12/build-aarch64-none-linux-gnu/host-tools --with-mpfr=/data/jenkins/workspace/GNU-toolchain/arm-12/build-aarch64-none-linux-gnu/host-tools --with-mpc=/data/jenkins/workspace/GNU-toolchain/arm-12/build-aarch64-none-linux-gnu/host-tools --with-isl=/data/jenkins/workspace/GNU-toolchain/arm-12/build-aarch64-none-linux-gnu/host-tools --enable-fix-cortex-a53-843419 --with-pkgversion='Arm GNU Toolchain 12.2.Rel1 (Build arm-12.24)']
  ignore line: [Thread model: posix]
  ignore line: [Supported LTO compression algorithms: zlib]
  ignore line: [gcc version 12.2.1 20221205 (Arm GNU Toolchain 12.2.Rel1 (Build arm-12.24)) ]
  ignore line: [COMPILER_PATH=/home/huy/mnt/usb_ext4/usr/lib/aarch64-linux-gnu/:/home/huy/mnt/usb_ext4/arm-gnu-toolchain-12.2.rel1-x86_64-aarch64-none-linux-gnu/bin/../libexec/gcc/aarch64-none-linux-gnu/12.2.1/:/home/huy/mnt/usb_ext4/arm-gnu-toolchain-12.2.rel1-x86_64-aarch64-none-linux-gnu/bin/../libexec/gcc/:/home/huy/mnt/usb_ext4/arm-gnu-toolchain-12.2.rel1-x86_64-aarch64-none-linux-gnu/bin/../lib/gcc/aarch64-none-linux-gnu/12.2.1/../../../../aarch64-none-linux-gnu/bin/]
  ignore line: [LIBRARY_PATH=/home/huy/mnt/usb_ext4/usr/lib/aarch64-linux-gnu/:/home/huy/mnt/usb_ext4/arm-gnu-toolchain-12.2.rel1-x86_64-aarch64-none-linux-gnu/bin/../lib/gcc/aarch64-none-linux-gnu/12.2.1/:/home/huy/mnt/usb_ext4/arm-gnu-toolchain-12.2.rel1-x86_64-aarch64-none-linux-gnu/bin/../lib/gcc/:/home/huy/mnt/usb_ext4/arm-gnu-toolchain-12.2.rel1-x86_64-aarch64-none-linux-gnu/bin/../lib/gcc/aarch64-none-linux-gnu/12.2.1/../../../../aarch64-none-linux-gnu/lib/../lib64/:/home/huy/mnt/usb_ext4/arm-gnu-toolchain-12.2.rel1-x86_64-aarch64-none-linux-gnu/bin/../lib/gcc/aarch64-none-linux-gnu/12.2.1/../../../../aarch64-none-linux-gnu/lib/:/home/huy/mnt/usb_ext4/lib/:/home/huy/mnt/usb_ext4/usr/lib/]
  ignore line: [COLLECT_GCC_OPTIONS='--sysroot=/home/huy/mnt/usb_ext4' '-I' '/home/huy/mnt/usb_ext4/usr/include/aarch64-linux-gnu' '-I' '/home/huy/mnt/usb_ext4/usr/include/aarch64-linux-gnu' '--sysroot=/home/huy/mnt/usb_ext4' '-B' '/home/huy/mnt/usb_ext4/usr/lib/aarch64-linux-gnu' '-L/home/huy/mnt/usb_ext4/usr/lib/aarch64-linux-gnu' '-L/home/huy/mnt/usb_ext4/lib/aarch64-linux-gnu' '-v' '-o' 'cmTC_3b3cb' '-shared-libgcc' '-mlittle-endian' '-mabi=lp64' '-dumpdir' 'cmTC_3b3cb.']
  link line: [ /home/huy/mnt/usb_ext4/arm-gnu-toolchain-12.2.rel1-x86_64-aarch64-none-linux-gnu/bin/../libexec/gcc/aarch64-none-linux-gnu/12.2.1/collect2 -plugin /home/huy/mnt/usb_ext4/arm-gnu-toolchain-12.2.rel1-x86_64-aarch64-none-linux-gnu/bin/../libexec/gcc/aarch64-none-linux-gnu/12.2.1/liblto_plugin.so -plugin-opt=/home/huy/mnt/usb_ext4/arm-gnu-toolchain-12.2.rel1-x86_64-aarch64-none-linux-gnu/bin/../libexec/gcc/aarch64-none-linux-gnu/12.2.1/lto-wrapper -plugin-opt=-fresolution=/tmp/cc5zRKmX.res -plugin-opt=-pass-through=-lgcc_s -plugin-opt=-pass-through=-lgcc -plugin-opt=-pass-through=-lc -plugin-opt=-pass-through=-lgcc_s -plugin-opt=-pass-through=-lgcc --sysroot=/home/huy/mnt/usb_ext4 --eh-frame-hdr -dynamic-linker /lib/ld-linux-aarch64.so.1 -X -EL -maarch64linux --fix-cortex-a53-843419 -o cmTC_3b3cb /home/huy/mnt/usb_ext4/usr/lib/aarch64-linux-gnu/crt1.o /home/huy/mnt/usb_ext4/usr/lib/aarch64-linux-gnu/crti.o /home/huy/mnt/usb_ext4/arm-gnu-toolchain-12.2.rel1-x86_64-aarch64-none-linux-gnu/bin/../lib/gcc/aarch64-none-linux-gnu/12.2.1/crtbegin.o -L/home/huy/mnt/usb_ext4/usr/lib/aarch64-linux-gnu -L/home/huy/mnt/usb_ext4/lib/aarch64-linux-gnu -L/home/huy/mnt/usb_ext4/usr/lib/aarch64-linux-gnu -L/home/huy/mnt/usb_ext4/arm-gnu-toolchain-12.2.rel1-x86_64-aarch64-none-linux-gnu/bin/../lib/gcc/aarch64-none-linux-gnu/12.2.1 -L/home/huy/mnt/usb_ext4/arm-gnu-toolchain-12.2.rel1-x86_64-aarch64-none-linux-gnu/bin/../lib/gcc -L/home/huy/mnt/usb_ext4/arm-gnu-toolchain-12.2.rel1-x86_64-aarch64-none-linux-gnu/bin/../lib/gcc/aarch64-none-linux-gnu/12.2.1/../../../../aarch64-none-linux-gnu/lib/../lib64 -L/home/huy/mnt/usb_ext4/arm-gnu-toolchain-12.2.rel1-x86_64-aarch64-none-linux-gnu/bin/../lib/gcc/aarch64-none-linux-gnu/12.2.1/../../../../aarch64-none-linux-gnu/lib -L/home/huy/mnt/usb_ext4/lib -L/home/huy/mnt/usb_ext4/usr/lib -rpath /home/huy/mnt/usb_ext4/usr/lib/aarch64-linux-gnu -rpath /home/huy/mnt/usb_ext4/lib/aarch64-linux-gnu -rpath-link /home/huy/mnt/usb_ext4/usr/lib/aarch64-linux-gnu -rpath-link /home/huy/mnt/usb_ext4/lib/aarch64-linux-gnu CMakeFiles/cmTC_3b3cb.dir/CMakeCXXCompilerABI.cpp.o -lstdc++ -lstdc++ -lm -lc -lgcc_s -lgcc -lc -lgcc_s -lgcc /home/huy/mnt/usb_ext4/arm-gnu-toolchain-12.2.rel1-x86_64-aarch64-none-linux-gnu/bin/../lib/gcc/aarch64-none-linux-gnu/12.2.1/crtend.o /home/huy/mnt/usb_ext4/usr/lib/aarch64-linux-gnu/crtn.o]
    arg [/home/huy/mnt/usb_ext4/arm-gnu-toolchain-12.2.rel1-x86_64-aarch64-none-linux-gnu/bin/../libexec/gcc/aarch64-none-linux-gnu/12.2.1/collect2] ==> ignore
    arg [-plugin] ==> ignore
    arg [/home/huy/mnt/usb_ext4/arm-gnu-toolchain-12.2.rel1-x86_64-aarch64-none-linux-gnu/bin/../libexec/gcc/aarch64-none-linux-gnu/12.2.1/liblto_plugin.so] ==> ignore
    arg [-plugin-opt=/home/huy/mnt/usb_ext4/arm-gnu-toolchain-12.2.rel1-x86_64-aarch64-none-linux-gnu/bin/../libexec/gcc/aarch64-none-linux-gnu/12.2.1/lto-wrapper] ==> ignore
    arg [-plugin-opt=-fresolution=/tmp/cc5zRKmX.res] ==> ignore
    arg [-plugin-opt=-pass-through=-lgcc_s] ==> ignore
    arg [-plugin-opt=-pass-through=-lgcc] ==> ignore
    arg [-plugin-opt=-pass-through=-lc] ==> ignore
    arg [-plugin-opt=-pass-through=-lgcc_s] ==> ignore
    arg [-plugin-opt=-pass-through=-lgcc] ==> ignore
    arg [--sysroot=/home/huy/mnt/usb_ext4] ==> ignore
    arg [--eh-frame-hdr] ==> ignore
    arg [-dynamic-linker] ==> ignore
    arg [/lib/ld-linux-aarch64.so.1] ==> ignore
    arg [-X] ==> ignore
    arg [-EL] ==> ignore
    arg [-maarch64linux] ==> ignore
    arg [--fix-cortex-a53-843419] ==> ignore
    arg [-o] ==> ignore
    arg [cmTC_3b3cb] ==> ignore
    arg [/home/huy/mnt/usb_ext4/usr/lib/aarch64-linux-gnu/crt1.o] ==> obj [/home/huy/mnt/usb_ext4/usr/lib/aarch64-linux-gnu/crt1.o]
    arg [/home/huy/mnt/usb_ext4/usr/lib/aarch64-linux-gnu/crti.o] ==> obj [/home/huy/mnt/usb_ext4/usr/lib/aarch64-linux-gnu/crti.o]
    arg [/home/huy/mnt/usb_ext4/arm-gnu-toolchain-12.2.rel1-x86_64-aarch64-none-linux-gnu/bin/../lib/gcc/aarch64-none-linux-gnu/12.2.1/crtbegin.o] ==> obj [/home/huy/mnt/usb_ext4/arm-gnu-toolchain-12.2.rel1-x86_64-aarch64-none-linux-gnu/bin/../lib/gcc/aarch64-none-linux-gnu/12.2.1/crtbegin.o]
    arg [-L/home/huy/mnt/usb_ext4/usr/lib/aarch64-linux-gnu] ==> dir [/home/huy/mnt/usb_ext4/usr/lib/aarch64-linux-gnu]
    arg [-L/home/huy/mnt/usb_ext4/lib/aarch64-linux-gnu] ==> dir [/home/huy/mnt/usb_ext4/lib/aarch64-linux-gnu]
    arg [-L/home/huy/mnt/usb_ext4/usr/lib/aarch64-linux-gnu] ==> dir [/home/huy/mnt/usb_ext4/usr/lib/aarch64-linux-gnu]
    arg [-L/home/huy/mnt/usb_ext4/arm-gnu-toolchain-12.2.rel1-x86_64-aarch64-none-linux-gnu/bin/../lib/gcc/aarch64-none-linux-gnu/12.2.1] ==> dir [/home/huy/mnt/usb_ext4/arm-gnu-toolchain-12.2.rel1-x86_64-aarch64-none-linux-gnu/bin/../lib/gcc/aarch64-none-linux-gnu/12.2.1]
    arg [-L/home/huy/mnt/usb_ext4/arm-gnu-toolchain-12.2.rel1-x86_64-aarch64-none-linux-gnu/bin/../lib/gcc] ==> dir [/home/huy/mnt/usb_ext4/arm-gnu-toolchain-12.2.rel1-x86_64-aarch64-none-linux-gnu/bin/../lib/gcc]
    arg [-L/home/huy/mnt/usb_ext4/arm-gnu-toolchain-12.2.rel1-x86_64-aarch64-none-linux-gnu/bin/../lib/gcc/aarch64-none-linux-gnu/12.2.1/../../../../aarch64-none-linux-gnu/lib/../lib64] ==> dir [/home/huy/mnt/usb_ext4/arm-gnu-toolchain-12.2.rel1-x86_64-aarch64-none-linux-gnu/bin/../lib/gcc/aarch64-none-linux-gnu/12.2.1/../../../../aarch64-none-linux-gnu/lib/../lib64]
    arg [-L/home/huy/mnt/usb_ext4/arm-gnu-toolchain-12.2.rel1-x86_64-aarch64-none-linux-gnu/bin/../lib/gcc/aarch64-none-linux-gnu/12.2.1/../../../../aarch64-none-linux-gnu/lib] ==> dir [/home/huy/mnt/usb_ext4/arm-gnu-toolchain-12.2.rel1-x86_64-aarch64-none-linux-gnu/bin/../lib/gcc/aarch64-none-linux-gnu/12.2.1/../../../../aarch64-none-linux-gnu/lib]
    arg [-L/home/huy/mnt/usb_ext4/lib] ==> dir [/home/huy/mnt/usb_ext4/lib]
    arg [-L/home/huy/mnt/usb_ext4/usr/lib] ==> dir [/home/huy/mnt/usb_ext4/usr/lib]
    arg [-rpath] ==> ignore
    arg [/home/huy/mnt/usb_ext4/usr/lib/aarch64-linux-gnu] ==> ignore
    arg [-rpath] ==> ignore
    arg [/home/huy/mnt/usb_ext4/lib/aarch64-linux-gnu] ==> ignore
    arg [-rpath-link] ==> ignore
    arg [/home/huy/mnt/usb_ext4/usr/lib/aarch64-linux-gnu] ==> ignore
    arg [-rpath-link] ==> ignore
    arg [/home/huy/mnt/usb_ext4/lib/aarch64-linux-gnu] ==> ignore
    arg [CMakeFiles/cmTC_3b3cb.dir/CMakeCXXCompilerABI.cpp.o] ==> ignore
    arg [-lstdc++] ==> lib [stdc++]
    arg [-lstdc++] ==> lib [stdc++]
    arg [-lm] ==> lib [m]
    arg [-lc] ==> lib [c]
    arg [-lgcc_s] ==> lib [gcc_s]
    arg [-lgcc] ==> lib [gcc]
    arg [-lc] ==> lib [c]
    arg [-lgcc_s] ==> lib [gcc_s]
    arg [-lgcc] ==> lib [gcc]
    arg [/home/huy/mnt/usb_ext4/arm-gnu-toolchain-12.2.rel1-x86_64-aarch64-none-linux-gnu/bin/../lib/gcc/aarch64-none-linux-gnu/12.2.1/crtend.o] ==> obj [/home/huy/mnt/usb_ext4/arm-gnu-toolchain-12.2.rel1-x86_64-aarch64-none-linux-gnu/bin/../lib/gcc/aarch64-none-linux-gnu/12.2.1/crtend.o]
    arg [/home/huy/mnt/usb_ext4/usr/lib/aarch64-linux-gnu/crtn.o] ==> obj [/home/huy/mnt/usb_ext4/usr/lib/aarch64-linux-gnu/crtn.o]
  collapse obj [/home/huy/mnt/usb_ext4/arm-gnu-toolchain-12.2.rel1-x86_64-aarch64-none-linux-gnu/bin/../lib/gcc/aarch64-none-linux-gnu/12.2.1/crtbegin.o] ==> [/home/huy/mnt/usb_ext4/arm-gnu-toolchain-12.2.rel1-x86_64-aarch64-none-linux-gnu/lib/gcc/aarch64-none-linux-gnu/12.2.1/crtbegin.o]
  collapse obj [/home/huy/mnt/usb_ext4/arm-gnu-toolchain-12.2.rel1-x86_64-aarch64-none-linux-gnu/bin/../lib/gcc/aarch64-none-linux-gnu/12.2.1/crtend.o] ==> [/home/huy/mnt/usb_ext4/arm-gnu-toolchain-12.2.rel1-x86_64-aarch64-none-linux-gnu/lib/gcc/aarch64-none-linux-gnu/12.2.1/crtend.o]
  collapse library dir [/home/huy/mnt/usb_ext4/usr/lib/aarch64-linux-gnu] ==> [/home/huy/mnt/usb_ext4/usr/lib/aarch64-linux-gnu]
  collapse library dir [/home/huy/mnt/usb_ext4/lib/aarch64-linux-gnu] ==> [/home/huy/mnt/usb_ext4/lib/aarch64-linux-gnu]
  collapse library dir [/home/huy/mnt/usb_ext4/usr/lib/aarch64-linux-gnu] ==> [/home/huy/mnt/usb_ext4/usr/lib/aarch64-linux-gnu]
  collapse library dir [/home/huy/mnt/usb_ext4/arm-gnu-toolchain-12.2.rel1-x86_64-aarch64-none-linux-gnu/bin/../lib/gcc/aarch64-none-linux-gnu/12.2.1] ==> [/home/huy/mnt/usb_ext4/arm-gnu-toolchain-12.2.rel1-x86_64-aarch64-none-linux-gnu/lib/gcc/aarch64-none-linux-gnu/12.2.1]
  collapse library dir [/home/huy/mnt/usb_ext4/arm-gnu-toolchain-12.2.rel1-x86_64-aarch64-none-linux-gnu/bin/../lib/gcc] ==> [/home/huy/mnt/usb_ext4/arm-gnu-toolchain-12.2.rel1-x86_64-aarch64-none-linux-gnu/lib/gcc]
  collapse library dir [/home/huy/mnt/usb_ext4/arm-gnu-toolchain-12.2.rel1-x86_64-aarch64-none-linux-gnu/bin/../lib/gcc/aarch64-none-linux-gnu/12.2.1/../../../../aarch64-none-linux-gnu/lib/../lib64] ==> [/home/huy/mnt/usb_ext4/arm-gnu-toolchain-12.2.rel1-x86_64-aarch64-none-linux-gnu/aarch64-none-linux-gnu/lib64]
  collapse library dir [/home/huy/mnt/usb_ext4/arm-gnu-toolchain-12.2.rel1-x86_64-aarch64-none-linux-gnu/bin/../lib/gcc/aarch64-none-linux-gnu/12.2.1/../../../../aarch64-none-linux-gnu/lib] ==> [/home/huy/mnt/usb_ext4/arm-gnu-toolchain-12.2.rel1-x86_64-aarch64-none-linux-gnu/aarch64-none-linux-gnu/lib]
  collapse library dir [/home/huy/mnt/usb_ext4/lib] ==> [/home/huy/mnt/usb_ext4/lib]
  collapse library dir [/home/huy/mnt/usb_ext4/usr/lib] ==> [/home/huy/mnt/usb_ext4/usr/lib]
  implicit libs: [stdc++;stdc++;m;c;gcc_s;gcc;c;gcc_s;gcc]
  implicit objs: [/home/huy/mnt/usb_ext4/usr/lib/aarch64-linux-gnu/crt1.o;/home/huy/mnt/usb_ext4/usr/lib/aarch64-linux-gnu/crti.o;/home/huy/mnt/usb_ext4/arm-gnu-toolchain-12.2.rel1-x86_64-aarch64-none-linux-gnu/lib/gcc/aarch64-none-linux-gnu/12.2.1/crtbegin.o;/home/huy/mnt/usb_ext4/arm-gnu-toolchain-12.2.rel1-x86_64-aarch64-none-linux-gnu/lib/gcc/aarch64-none-linux-gnu/12.2.1/crtend.o;/home/huy/mnt/usb_ext4/usr/lib/aarch64-linux-gnu/crtn.o]
  implicit dirs: [/home/huy/mnt/usb_ext4/usr/lib/aarch64-linux-gnu;/home/huy/mnt/usb_ext4/lib/aarch64-linux-gnu;/home/huy/mnt/usb_ext4/arm-gnu-toolchain-12.2.rel1-x86_64-aarch64-none-linux-gnu/lib/gcc/aarch64-none-linux-gnu/12.2.1;/home/huy/mnt/usb_ext4/arm-gnu-toolchain-12.2.rel1-x86_64-aarch64-none-linux-gnu/lib/gcc;/home/huy/mnt/usb_ext4/arm-gnu-toolchain-12.2.rel1-x86_64-aarch64-none-linux-gnu/aarch64-none-linux-gnu/lib64;/home/huy/mnt/usb_ext4/arm-gnu-toolchain-12.2.rel1-x86_64-aarch64-none-linux-gnu/aarch64-none-linux-gnu/lib;/home/huy/mnt/usb_ext4/lib;/home/huy/mnt/usb_ext4/usr/lib]
  implicit fwks: []


